Collection,Brand,Macro Region|Orig. Req. Deliv. Month/Year,09/2023,10/2023,11/2023,12/2023,01/2024,02/2024,03/2024,04/2024,05/2024,06/2024,07/2024,08/2024,Total,StyleCode,Size,ColorDescription,FrameConstruction,FrameShape,RXAble,Gender,SunOptical,Material1,Material2,USRetailPrice,USWholesalePrice
KC,CALVIN KLEIN SUN,AMER,26.0,28.0,27.0,26.0,9.0,24.0,21.0,35.0,21.0,20.0,32.0,16.0,285.0,CK20541S,57,BLACK,FULL RIM,ROUND,True,UNISEX,SUN,ACETATE,ACETATE,190.0,95.0
KC,CALVIN KLEIN SUN,EMEA,10.0,18.0,11.0,11.0,46.0,36.0,84.0,22.0,29.0,131.0,14.0,46.0,458.0,CK20541S,57,BLACK,FULL RIM,ROUND,True,UNISEX,SUN,ACETATE,ACETATE,190.0,95.0
KC,CALVIN KLEIN SUN,AMER,33.0,39.0,14.0,16.0,28.0,15.0,16.0,33.0,68.0,47.0,24.0,21.0,354.0,CK20541S,57,DARK TOR,FULL RIM,ROUND,True,UNISEX,SUN,ACETATE,ACETATE,190.0,95.0
KC,CALVIN KLEIN SUN,EMEA,21.0,15.0,11.0,8.0,34.0,61.0,55.0,39.0,43.0,23.0,20.0,7.0,337.0,CK20541S,57,DARK TOR,FULL RIM,ROUND,True,UNISEX,SUN,ACETATE,ACETATE,190.0,95.0
KC,CALVIN KLEIN SUN,AMER,11.0,21.0,15.0,17.0,12.0,8.0,11.0,11.0,15.0,7.0,19.0,12.0,159.0,CK20541S,57,CRYSTAL,FULL RIM,ROUND,True,UNISEX,SUN,ACETATE,ACETATE,190.0,95.0
KC,CALVIN KLEIN SUN,EMEA,5.0,5.0,4.0,4.0,13.0,22.0,8.0,3.0,3.0,7.0,5.0,3.0,82.0,CK20541S,57,CRYSTAL,FULL RIM,ROUND,True,UNISEX,SUN,ACETATE,ACETATE,190.0,95.0
KC,CALVIN KLEIN SUN,AMER,33.0,34.0,23.0,30.0,19.0,34.0,20.0,34.0,41.0,41.0,39.0,35.0,383.0,CK21529S,55,BLACK,FULL RIM,SQUARE,True,FEMALE,SUN,METAL,METAL,185.0,92.5
KC,CALVIN KLEIN SUN,EMEA,7.0,8.0,8.0,1.0,17.0,34.0,20.0,9.0,21.0,15.0,30.0,6.0,176.0,CK21529S,55,BLACK,FULL RIM,SQUARE,True,FEMALE,SUN,METAL,METAL,185.0,92.5
KC,CALVIN KLEIN SUN,AMER,38.0,44.0,38.0,46.0,25.0,15.0,12.0,32.0,50.0,31.0,45.0,26.0,402.0,CK21529S,55,BROWN HA,FULL RIM,SQUARE,True,FEMALE,SUN,METAL,METAL,185.0,92.5
KC,CALVIN KLEIN SUN,EMEA,12.0,8.0,11.0,5.0,24.0,29.0,33.0,17.0,13.0,7.0,6.0,5.0,170.0,CK21529S,55,BROWN HA,FULL RIM,SQUARE,True,FEMALE,SUN,METAL,METAL,185.0,92.5
KC,CALVIN KLEIN SUN,AMER,8.0,7.0,9.0,6.0,4.0,5.0,9.0,9.0,9.0,3.0,4.0,8.0,81.0,CK21529S,55,AVIO,FULL RIM,SQUARE,True,FEMALE,SUN,METAL,METAL,185.0,92.5
KC,CALVIN KLEIN SUN,EMEA,5.0,3.0,8.0,,11.0,20.0,18.0,17.0,10.0,5.0,5.0,5.0,107.0,CK21529S,55,AVIO,FULL RIM,SQUARE,True,FEMALE,SUN,METAL,METAL,185.0,92.5
KC,CALVIN KLEIN SUN,AMER,6.0,7.0,2.0,4.0,3.0,5.0,2.0,6.0,13.0,8.0,5.0,5.0,66.0,CK21529S,55,ROSE,FULL RIM,SQUARE,True,FEMALE,SUN,METAL,METAL,185.0,92.5
KC,CALVIN KLEIN SUN,EMEA,,7.0,5.0,1.0,16.0,19.0,10.0,10.0,9.0,5.0,2.0,,84.0,CK21529S,55,ROSE,FULL RIM,SQUARE,True,FEMALE,SUN,METAL,METAL,185.0,92.5
KC,CALVIN KLEIN SUN,AMER,18.0,18.0,23.0,18.0,15.0,5.0,8.0,12.0,24.0,18.0,23.0,15.0,197.0,CK21131S,56,BLACK,FULL RIM,RECTANGLE,True,MALE,SUN,METAL,METAL,190.0,95.0
KC,CALVIN KLEIN SUN,EMEA,42.0,23.0,31.0,14.0,72.0,79.0,53.0,38.0,50.0,37.0,33.0,13.0,485.0,CK21131S,56,BLACK,FULL RIM,RECTANGLE,True,MALE,SUN,METAL,METAL,190.0,95.0
KC,CALVIN KLEIN SUN,AMER,7.0,10.0,4.0,12.0,11.0,13.0,7.0,4.0,11.0,8.0,8.0,5.0,100.0,CK21131S,56,BROWN,FULL RIM,RECTANGLE,True,MALE,SUN,METAL,METAL,190.0,95.0
KC,CALVIN KLEIN SUN,EMEA,22.0,16.0,14.0,8.0,56.0,59.0,37.0,18.0,16.0,24.0,18.0,16.0,304.0,CK21131S,56,BROWN,FULL RIM,RECTANGLE,True,MALE,SUN,METAL,METAL,190.0,95.0
KC,CALVIN KLEIN SUN,AMER,,2.0,2.0,1.0,1.0,7.0,9.0,11.0,12.0,2.0,6.0,,53.0,CK21131S,56,SAND,FULL RIM,RECTANGLE,True,MALE,SUN,METAL,METAL,190.0,95.0
KC,CALVIN KLEIN SUN,EMEA,10.0,5.0,10.0,3.0,11.0,12.0,11.0,14.0,9.0,8.0,6.0,2.0,101.0,CK21131S,56,SAND,FULL RIM,RECTANGLE,True,MALE,SUN,METAL,METAL,190.0,95.0
KC,CALVIN KLEIN SUN,AMER,12.0,9.0,6.0,2.0,1.0,10.0,15.0,4.0,8.0,8.0,9.0,4.0,88.0,CK21131S,56,BLUE,FULL RIM,RECTANGLE,True,MALE,SUN,METAL,METAL,190.0,95.0
KC,CALVIN KLEIN SUN,EMEA,2.0,2.0,3.0,1.0,9.0,13.0,9.0,11.0,6.0,1.0,5.0,1.0,63.0,CK21131S,56,BLUE,FULL RIM,RECTANGLE,True,MALE,SUN,METAL,METAL,190.0,95.0
KC,CALVIN KLEIN SUN,AMER,7.0,7.0,3.0,8.0,3.0,8.0,5.0,11.0,4.0,2.0,5.0,3.0,66.0,CK22533S,52,BLACK,FULL RIM,ROUND,True,UNISEX,SUN,BIO INJ-G820,BIO INJ-G820,215.0,107.5
KC,CALVIN KLEIN SUN,EMEA,28.0,8.0,9.0,1.0,18.0,35.0,34.0,26.0,18.0,9.0,6.0,5.0,197.0,CK22533S,52,BLACK,FULL RIM,ROUND,True,UNISEX,SUN,BIO INJ-G820,BIO INJ-G820,215.0,107.5
KC,CALVIN KLEIN SUN,AMER,12.0,20.0,17.0,30.0,22.0,12.0,10.0,8.0,11.0,12.0,12.0,15.0,181.0,CK22533S,52,OYSTER,FULL RIM,ROUND,True,UNISEX,SUN,BIO INJ-G820,BIO INJ-G820,215.0,107.5
KC,CALVIN KLEIN SUN,EMEA,41.0,25.0,21.0,14.0,58.0,83.0,67.0,48.0,39.0,25.0,23.0,8.0,452.0,CK22533S,52,OYSTER,FULL RIM,ROUND,True,UNISEX,SUN,BIO INJ-G820,BIO INJ-G820,215.0,107.5
KC,CALVIN KLEIN SUN,AMER,2.0,2.0,,4.0,1.0,3.0,1.0,6.0,4.0,3.0,,6.0,32.0,CK22533S,52,BROWN HA,FULL RIM,ROUND,True,UNISEX,SUN,BIO INJ-G820,BIO INJ-G820,215.0,107.5
KC,CALVIN KLEIN SUN,EMEA,35.0,28.0,22.0,2.0,30.0,26.0,53.0,30.0,31.0,12.0,5.0,7.0,281.0,CK22533S,52,BROWN HA,FULL RIM,ROUND,True,UNISEX,SUN,BIO INJ-G820,BIO INJ-G820,215.0,107.5
KC,CALVIN KLEIN SUN,AMER,1.0,9.0,4.0,5.0,3.0,3.0,7.0,9.0,4.0,,2.0,3.0,50.0,CK22533S,52,BUTTERSC,FULL RIM,ROUND,True,UNISEX,SUN,BIO INJ-G820,BIO INJ-G820,215.0,107.5
KC,CALVIN KLEIN SUN,EMEA,20.0,19.0,14.0,1.0,20.0,21.0,20.0,16.0,17.0,10.0,10.0,5.0,173.0,CK22533S,52,BUTTERSC,FULL RIM,ROUND,True,UNISEX,SUN,BIO INJ-G820,BIO INJ-G820,215.0,107.5
KC,CALVIN KLEIN SUN,AMER,12.0,18.0,19.0,17.0,20.0,21.0,29.0,32.0,22.0,13.0,8.0,16.0,227.0,CK23100S,56,BLACK,FULL RIM,SQUARE,True,MALE,SUN,METAL,METAL,189.0,94.5
KC,CALVIN KLEIN SUN,EMEA,5.0,28.0,21.0,3.0,29.0,26.0,22.0,15.0,10.0,14.0,12.0,4.0,189.0,CK23100S,56,BLACK,FULL RIM,SQUARE,True,MALE,SUN,METAL,METAL,189.0,94.5
KC,CALVIN KLEIN SUN,AMER,4.0,1.0,,2.0,1.0,3.0,3.0,,1.0,,1.0,5.0,21.0,CK23100S,56,AZURE,FULL RIM,SQUARE,True,MALE,SUN,METAL,METAL,189.0,94.5
KC,CALVIN KLEIN SUN,EMEA,2.0,2.0,,,1.0,3.0,1.0,3.0,1.0,2.0,1.0,2.0,18.0,CK23100S,56,AZURE,FULL RIM,SQUARE,True,MALE,SUN,METAL,METAL,189.0,94.5
KC,CALVIN KLEIN SUN,AMER,40.0,50.0,42.0,35.0,14.0,13.0,15.0,32.0,54.0,41.0,55.0,35.0,426.0,CK23100S,56,GOLD,FULL RIM,SQUARE,True,MALE,SUN,METAL,METAL,189.0,94.5
KC,CALVIN KLEIN SUN,EMEA,12.0,42.0,38.0,6.0,62.0,65.0,41.0,37.0,28.0,25.0,19.0,10.0,385.0,CK23100S,56,GOLD,FULL RIM,SQUARE,True,MALE,SUN,METAL,METAL,189.0,94.5
KC,CALVIN KLEIN SUN,AMER,7.0,9.0,14.0,22.0,14.0,11.0,20.0,15.0,19.0,12.0,6.0,6.0,155.0,CK23508S,54,BLACK,FULL RIM,AVIATOR,True,MALE,SUN,METAL,METAL,250.0,125.0
KC,CALVIN KLEIN SUN,EMEA,29.0,31.0,31.0,13.0,41.0,70.0,71.0,44.0,41.0,27.0,11.0,7.0,416.0,CK23508S,54,BLACK,FULL RIM,AVIATOR,True,MALE,SUN,METAL,METAL,250.0,125.0
KC,CALVIN KLEIN SUN,AMER,3.0,2.0,3.0,8.0,3.0,3.0,3.0,2.0,4.0,1.0,,,32.0,CK23508S,54,BROWN,FULL RIM,AVIATOR,True,MALE,SUN,METAL,METAL,250.0,125.0
KC,CALVIN KLEIN SUN,EMEA,6.0,3.0,12.0,5.0,8.0,15.0,15.0,12.0,7.0,8.0,3.0,4.0,98.0,CK23508S,54,BROWN,FULL RIM,AVIATOR,True,MALE,SUN,METAL,METAL,250.0,125.0
KC,CALVIN KLEIN SUN,AMER,8.0,11.0,22.0,21.0,19.0,19.0,21.0,9.0,32.0,16.0,9.0,3.0,190.0,CK23508S,54,BROWN HA,FULL RIM,AVIATOR,True,MALE,SUN,METAL,METAL,250.0,125.0
KC,CALVIN KLEIN SUN,EMEA,18.0,19.0,26.0,14.0,32.0,65.0,59.0,36.0,40.0,21.0,23.0,6.0,359.0,CK23508S,54,BROWN HA,FULL RIM,AVIATOR,True,MALE,SUN,METAL,METAL,250.0,125.0
KC,CALVIN KLEIN SUN,AMER,3.0,7.0,7.0,5.0,4.0,3.0,9.0,3.0,4.0,7.0,3.0,2.0,57.0,CK23508S,54,AVIO,FULL RIM,AVIATOR,True,MALE,SUN,METAL,METAL,250.0,125.0
KC,CALVIN KLEIN SUN,EMEA,5.0,2.0,3.0,,3.0,13.0,16.0,9.0,3.0,3.0,2.0,2.0,61.0,CK23508S,54,AVIO,FULL RIM,AVIATOR,True,MALE,SUN,METAL,METAL,250.0,125.0
KC,CALVIN KLEIN SUN,AMER,3.0,17.0,11.0,11.0,16.0,18.0,21.0,11.0,16.0,13.0,15.0,8.0,160.0,CK23509S,51,BROWN HA,FULL RIM,ROUND,True,UNISEX,SUN,METAL,METAL,250.0,125.0
KC,CALVIN KLEIN SUN,EMEA,17.0,12.0,8.0,2.0,19.0,17.0,20.0,21.0,11.0,14.0,5.0,1.0,147.0,CK23509S,51,BROWN HA,FULL RIM,ROUND,True,UNISEX,SUN,METAL,METAL,250.0,125.0
KC,CALVIN KLEIN SUN,AMER,2.0,3.0,1.0,5.0,,1.0,4.0,4.0,4.0,2.0,,2.0,28.0,CK23509S,51,BLUE,FULL RIM,ROUND,True,UNISEX,SUN,METAL,METAL,250.0,125.0
KC,CALVIN KLEIN SUN,EMEA,,1.0,7.0,,6.0,3.0,4.0,7.0,1.0,2.0,1.0,,32.0,CK23509S,51,BLUE,FULL RIM,ROUND,True,UNISEX,SUN,METAL,METAL,250.0,125.0
KC,CALVIN KLEIN SUN,AMER,8.0,16.0,13.0,7.0,3.0,3.0,5.0,2.0,1.0,2.0,1.0,1.0,62.0,CK23538S,55,DARK HAV,FULL RIM,RECTANGLE,True,MALE,SUN,ACETATE,ACETATE,190.0,95.0
KC,CALVIN KLEIN SUN,EMEA,17.0,41.0,29.0,3.0,31.0,31.0,27.0,24.0,8.0,10.0,4.0,1.0,226.0,CK23538S,55,DARK HAV,FULL RIM,RECTANGLE,True,MALE,SUN,ACETATE,ACETATE,190.0,95.0
KC,CALVIN KLEIN SUN,AMER,7.0,7.0,6.0,11.0,4.0,3.0,3.0,6.0,,3.0,,1.0,51.0,CK23538S,55,BLUE,FULL RIM,RECTANGLE,True,MALE,SUN,ACETATE,ACETATE,190.0,95.0
KC,CALVIN KLEIN SUN,EMEA,4.0,2.0,1.0,1.0,5.0,4.0,2.0,10.0,2.0,1.0,1.0,1.0,34.0,CK23538S,55,BLUE,FULL RIM,RECTANGLE,True,MALE,SUN,ACETATE,ACETATE,190.0,95.0
KC,CALVIN KLEIN SUN,AMER,19.0,35.0,9.0,6.0,12.0,17.0,5.0,4.0,3.0,2.0,6.0,4.0,122.0,CK23538S,55,VIOLET,FULL RIM,RECTANGLE,True,MALE,SUN,ACETATE,ACETATE,190.0,95.0
KC,CALVIN KLEIN SUN,EMEA,14.0,6.0,11.0,,18.0,15.0,11.0,12.0,5.0,5.0,3.0,1.0,101.0,CK23538S,55,VIOLET,FULL RIM,RECTANGLE,True,MALE,SUN,ACETATE,ACETATE,190.0,95.0
KC,CALVIN KLEIN SUN,AMER,8.0,41.0,18.0,6.0,12.0,16.0,10.0,17.0,21.0,4.0,10.0,12.0,175.0,CK23539S,51,BLACK,FULL RIM,ROUND,True,FEMALE,SUN,ACETATE,ACETATE,190.0,95.0
KC,CALVIN KLEIN SUN,EMEA,25.0,43.0,16.0,5.0,28.0,30.0,30.0,20.0,10.0,6.0,10.0,2.0,225.0,CK23539S,51,BLACK,FULL RIM,ROUND,True,FEMALE,SUN,ACETATE,ACETATE,190.0,95.0
KC,CALVIN KLEIN SUN,AMER,20.0,24.0,9.0,6.0,9.0,12.0,13.0,12.0,17.0,20.0,14.0,4.0,160.0,CK23539S,51,GREY,FULL RIM,ROUND,True,FEMALE,SUN,ACETATE,ACETATE,190.0,95.0
KC,CALVIN KLEIN SUN,EMEA,24.0,53.0,27.0,5.0,48.0,51.0,60.0,20.0,10.0,23.0,13.0,1.0,335.0,CK23539S,51,GREY,FULL RIM,ROUND,True,FEMALE,SUN,ACETATE,ACETATE,190.0,95.0
KC,CALVIN KLEIN SUN,AMER,16.0,48.0,33.0,11.0,11.0,9.0,9.0,18.0,11.0,7.0,12.0,13.0,198.0,CK23539S,51,TOKYO HA,FULL RIM,ROUND,True,FEMALE,SUN,ACETATE,ACETATE,190.0,95.0
KC,CALVIN KLEIN SUN,EMEA,16.0,21.0,17.0,1.0,20.0,26.0,19.0,19.0,10.0,12.0,2.0,1.0,164.0,CK23539S,51,TOKYO HA,FULL RIM,ROUND,True,FEMALE,SUN,ACETATE,ACETATE,190.0,95.0
KC,CALVIN KLEIN SUN,AMER,9.0,10.0,12.0,9.0,7.0,3.0,6.0,5.0,5.0,1.0,1.0,2.0,70.0,CK23539S,51,BLUE,FULL RIM,ROUND,True,FEMALE,SUN,ACETATE,ACETATE,190.0,95.0
KC,CALVIN KLEIN SUN,EMEA,11.0,14.0,9.0,1.0,17.0,18.0,19.0,24.0,8.0,11.0,2.0,,134.0,CK23539S,51,BLUE,FULL RIM,ROUND,True,FEMALE,SUN,ACETATE,ACETATE,190.0,95.0
KC,CALVIN KLEIN SUN,AMER,,,,7.0,48.0,43.0,25.0,19.0,17.0,21.0,31.0,25.0,236.0,CK24100S,57,MATTE BL,FULL RIM,RECTANGLE,True,MALE,SUN,METAL,METAL,205.0,102.5
KC,CALVIN KLEIN SUN,EMEA,,,,,32.0,19.0,83.0,23.0,16.0,25.0,12.0,9.0,219.0,CK24100S,57,MATTE BL,FULL RIM,RECTANGLE,True,MALE,SUN,METAL,METAL,205.0,102.5
KC,CALVIN KLEIN SUN,AMER,,,,2.0,16.0,25.0,18.0,24.0,17.0,10.0,1.0,6.0,119.0,CK24100S,57,SILVER,FULL RIM,RECTANGLE,True,MALE,SUN,METAL,METAL,205.0,102.5
KC,CALVIN KLEIN SUN,EMEA,,,,,7.0,8.0,38.0,13.0,38.0,4.0,4.0,,112.0,CK24100S,57,SILVER,FULL RIM,RECTANGLE,True,MALE,SUN,METAL,METAL,205.0,102.5
KC,CALVIN KLEIN SUN,AMER,,,,3.0,16.0,22.0,26.0,32.0,15.0,7.0,13.0,2.0,136.0,CK24100S,57,MATTE GO,FULL RIM,RECTANGLE,True,MALE,SUN,METAL,METAL,205.0,102.5
KC,CALVIN KLEIN SUN,EMEA,,,,,9.0,11.0,47.0,10.0,41.0,15.0,5.0,2.0,140.0,CK24100S,57,MATTE GO,FULL RIM,RECTANGLE,True,MALE,SUN,METAL,METAL,205.0,102.5
KC,CALVIN KLEIN SUN,AMER,,,,3.0,24.0,26.0,18.0,24.0,29.0,13.0,9.0,10.0,156.0,CK24505S,55,PETROL,FULL RIM,CAT EYE,True,FEMALE,SUN,ACETATE,ACETATE,190.0,95.0
KC,CALVIN KLEIN SUN,EMEA,,,,,,7.0,13.0,12.0,4.0,5.0,2.0,,43.0,CK24505S,55,PETROL,FULL RIM,CAT EYE,True,FEMALE,SUN,ACETATE,ACETATE,190.0,95.0
KC,CALVIN KLEIN SUN,AMER,,,,3.0,22.0,38.0,17.0,11.0,12.0,3.0,4.0,4.0,114.0,CK24505S,55,BURGUNDY,FULL RIM,CAT EYE,True,FEMALE,SUN,ACETATE,ACETATE,190.0,95.0
KC,CALVIN KLEIN SUN,EMEA,,,,1.0,7.0,3.0,13.0,11.0,5.0,,2.0,1.0,43.0,CK24505S,55,BURGUNDY,FULL RIM,CAT EYE,True,FEMALE,SUN,ACETATE,ACETATE,190.0,95.0
KC,CALVIN KLEIN SUN,AMER,,,,11.0,30.0,27.0,32.0,24.0,23.0,9.0,17.0,13.0,186.0,CK24507S,57,BLACK,FULL RIM,RECTANGLE,True,MALE,SUN,ACETATE,ACETATE,190.0,95.0
KC,CALVIN KLEIN SUN,EMEA,,,,,19.0,34.0,54.0,37.0,58.0,22.0,14.0,7.0,245.0,CK24507S,57,BLACK,FULL RIM,RECTANGLE,True,MALE,SUN,ACETATE,ACETATE,190.0,95.0
KC,CALVIN KLEIN SUN,AMER,,2.0,1.0,10.0,90.0,95.0,43.0,28.0,30.0,42.0,53.0,27.0,421.0,CK24507S,57,GREY/BEI,FULL RIM,RECTANGLE,True,MALE,SUN,ACETATE,ACETATE,190.0,95.0
KC,CALVIN KLEIN SUN,EMEA,,,,1.0,49.0,29.0,64.0,29.0,31.0,15.0,6.0,3.0,227.0,CK24507S,57,GREY/BEI,FULL RIM,RECTANGLE,True,MALE,SUN,ACETATE,ACETATE,190.0,95.0
KC,CALVIN KLEIN SUN,AMER,4.0,1.0,4.0,6.0,25.0,42.0,28.0,30.0,35.0,6.0,16.0,21.0,218.0,CK24507S,57,MINT,FULL RIM,RECTANGLE,True,MALE,SUN,ACETATE,ACETATE,190.0,95.0
KC,CALVIN KLEIN SUN,EMEA,,,,,9.0,21.0,20.0,19.0,40.0,10.0,3.0,3.0,125.0,CK24507S,57,MINT,FULL RIM,RECTANGLE,True,MALE,SUN,ACETATE,ACETATE,190.0,95.0
KC,CALVIN KLEIN SUN,AMER,,,,4.0,44.0,51.0,59.0,39.0,35.0,10.0,17.0,17.0,276.0,CK24507S,57,VIOLET/B,FULL RIM,RECTANGLE,True,MALE,SUN,ACETATE,ACETATE,190.0,95.0
KC,CALVIN KLEIN SUN,EMEA,,,,,7.0,13.0,42.0,13.0,6.0,14.0,1.0,6.0,102.0,CK24507S,57,VIOLET/B,FULL RIM,RECTANGLE,True,MALE,SUN,ACETATE,ACETATE,190.0,95.0
KC,CALVIN KLEIN SUN,AMER,,,,11.0,23.0,29.0,22.0,14.0,22.0,13.0,16.0,4.0,154.0,CK24507S,57,ROSE,FULL RIM,RECTANGLE,True,MALE,SUN,ACETATE,ACETATE,190.0,95.0
KC,CALVIN KLEIN SUN,EMEA,,,,1.0,1.0,8.0,5.0,7.0,7.0,1.0,1.0,3.0,34.0,CK24507S,57,ROSE,FULL RIM,RECTANGLE,True,MALE,SUN,ACETATE,ACETATE,190.0,95.0
KC,CALVIN KLEIN SUN,AMER,,,,,4.0,28.0,113.0,66.0,88.0,55.0,36.0,58.0,448.0,CK24509S,56,BLACK/PI,FULL RIM,ROUND,True,UNISEX,SUN,METAL,METAL,190.0,95.0
KC,CALVIN KLEIN SUN,EMEA,,,,2.0,84.0,74.0,94.0,69.0,65.0,47.0,31.0,20.0,486.0,CK24509S,56,BLACK/PI,FULL RIM,ROUND,True,UNISEX,SUN,METAL,METAL,190.0,95.0
KC,CALVIN KLEIN SUN,AMER,,,,,4.0,4.0,11.0,23.0,32.0,10.0,20.0,9.0,113.0,CK24509S,56,STRIPED,FULL RIM,ROUND,True,UNISEX,SUN,METAL,METAL,190.0,95.0
KC,CALVIN KLEIN SUN,EMEA,,,,,26.0,20.0,25.0,13.0,19.0,17.0,6.0,5.0,131.0,CK24509S,56,STRIPED,FULL RIM,ROUND,True,UNISEX,SUN,METAL,METAL,190.0,95.0
KC,CALVIN KLEIN SUN,AMER,,,,,,17.0,57.0,55.0,28.0,33.0,50.0,23.0,263.0,CK24509S,56,GREEN/MI,FULL RIM,ROUND,True,UNISEX,SUN,METAL,METAL,190.0,95.0
KC,CALVIN KLEIN SUN,EMEA,,,,1.0,60.0,52.0,70.0,46.0,24.0,29.0,10.0,10.0,302.0,CK24509S,56,GREEN/MI,FULL RIM,ROUND,True,UNISEX,SUN,METAL,METAL,190.0,95.0
KC,CALVIN KLEIN SUN,AMER,,,,,,9.0,25.0,26.0,24.0,8.0,21.0,13.0,126.0,CK24509S,56,CHERRY/R,FULL RIM,ROUND,True,UNISEX,SUN,METAL,METAL,190.0,95.0
KC,CALVIN KLEIN SUN,EMEA,,,,,8.0,7.0,28.0,8.0,8.0,5.0,9.0,2.0,75.0,CK24509S,56,CHERRY/R,FULL RIM,ROUND,True,UNISEX,SUN,METAL,METAL,190.0,95.0
KC,CALVIN KLEIN SUN,AMER,,,,,4.0,3.0,15.0,14.0,8.0,1.0,2.0,6.0,53.0,CK24511S,52,BLACK,FULL RIM,SQUARE,True,FEMALE,SUN,ACETATE,ACETATE,190.0,95.0
KC,CALVIN KLEIN SUN,EMEA,,,,,1.0,22.0,36.0,23.0,41.0,20.0,12.0,5.0,160.0,CK24511S,52,BLACK,FULL RIM,SQUARE,True,FEMALE,SUN,ACETATE,ACETATE,190.0,95.0
KC,CALVIN KLEIN SUN,AMER,,,,,,,1.0,2.0,6.0,1.0,,3.0,13.0,CK24511S,52,CHALK,FULL RIM,SQUARE,True,FEMALE,SUN,ACETATE,ACETATE,190.0,95.0
KC,CALVIN KLEIN SUN,EMEA,,,,,,11.0,35.0,17.0,26.0,10.0,7.0,4.0,110.0,CK24511S,52,CHALK,FULL RIM,SQUARE,True,FEMALE,SUN,ACETATE,ACETATE,190.0,95.0
KC,CALVIN KLEIN SUN,AMER,,,,,,,7.0,3.0,1.0,3.0,3.0,3.0,20.0,CK24511S,52,AZURE,FULL RIM,SQUARE,True,FEMALE,SUN,ACETATE,ACETATE,190.0,95.0
KC,CALVIN KLEIN SUN,EMEA,,,,,1.0,9.0,34.0,15.0,8.0,6.0,2.0,1.0,76.0,CK24511S,52,AZURE,FULL RIM,SQUARE,True,FEMALE,SUN,ACETATE,ACETATE,190.0,95.0
KC,CALVIN KLEIN SUN,AMER,,,,,,,13.0,12.0,27.0,7.0,7.0,5.0,71.0,CK24511S,52,PEACH,FULL RIM,SQUARE,True,FEMALE,SUN,ACETATE,ACETATE,190.0,95.0
KC,CALVIN KLEIN SUN,EMEA,,,,,,11.0,22.0,10.0,23.0,13.0,9.0,,88.0,CK24511S,52,PEACH,FULL RIM,SQUARE,True,FEMALE,SUN,ACETATE,ACETATE,190.0,95.0
KC,CALVIN KLEIN SUN,AMER,,,,,4.0,1.0,36.0,26.0,23.0,24.0,20.0,9.0,143.0,CK24512S,51,BLACK,FULL RIM,RECTANGLE,True,MALE,SUN,ACETATE,ACETATE,190.0,95.0
KC,CALVIN KLEIN SUN,EMEA,,,,,2.0,38.0,54.0,63.0,87.0,29.0,7.0,11.0,291.0,CK24512S,51,BLACK,FULL RIM,RECTANGLE,True,MALE,SUN,ACETATE,ACETATE,190.0,95.0
KC,CALVIN KLEIN SUN,AMER,,,,,,2.0,16.0,18.0,18.0,12.0,7.0,8.0,81.0,CK24512S,51,CHALK,FULL RIM,RECTANGLE,True,MALE,SUN,ACETATE,ACETATE,190.0,95.0
KC,CALVIN KLEIN SUN,EMEA,,,,,,14.0,19.0,27.0,16.0,20.0,8.0,,104.0,CK24512S,51,CHALK,FULL RIM,RECTANGLE,True,MALE,SUN,ACETATE,ACETATE,190.0,95.0
KC,CALVIN KLEIN SUN,AMER,,,,,,1.0,21.0,21.0,10.0,4.0,4.0,5.0,66.0,CK24512S,51,TAUPE,FULL RIM,RECTANGLE,True,MALE,SUN,ACETATE,ACETATE,190.0,95.0
KC,CALVIN KLEIN SUN,EMEA,,,,,1.0,30.0,58.0,44.0,43.0,22.0,17.0,2.0,217.0,CK24512S,51,TAUPE,FULL RIM,RECTANGLE,True,MALE,SUN,ACETATE,ACETATE,190.0,95.0
KC,CALVIN KLEIN SUN,AMER,,,,,,2.0,15.0,18.0,22.0,13.0,6.0,3.0,79.0,CK24512S,51,AZURE,FULL RIM,RECTANGLE,True,MALE,SUN,ACETATE,ACETATE,190.0,95.0
KC,CALVIN KLEIN SUN,EMEA,,,,,,15.0,21.0,15.0,46.0,7.0,4.0,1.0,109.0,CK24512S,51,AZURE,FULL RIM,RECTANGLE,True,MALE,SUN,ACETATE,ACETATE,190.0,95.0
KO,NIKE OPTICAL,AMER,62.0,95.0,81.0,65.0,55.0,93.0,95.0,81.0,108.0,66.0,88.0,94.0,983.0,NIKE 5509,48,BLACK/W,FULL RIM,RECTANGLE,True,MALE,OPTICAL,ACETATE,ACETATE,135.0,67.5
KO,NIKE OPTICAL,EMEA,84.0,128.0,89.0,78.0,91.0,80.0,104.0,99.0,49.0,64.0,68.0,73.0,1007.0,NIKE 5509,48,BLACK/W,FULL RIM,RECTANGLE,True,MALE,OPTICAL,ACETATE,ACETATE,135.0,67.5
KO,NIKE OPTICAL,AMER,166.0,149.0,182.0,181.0,190.0,222.0,231.0,283.0,114.0,199.0,181.0,178.0,2276.0,NIKE 5509,48,SATIN B,FULL RIM,RECTANGLE,True,MALE,OPTICAL,ACETATE,ACETATE,135.0,67.5
KO,NIKE OPTICAL,EMEA,77.0,91.0,83.0,54.0,90.0,80.0,83.0,71.0,53.0,93.0,75.0,48.0,898.0,NIKE 5509,48,SATIN B,FULL RIM,RECTANGLE,True,MALE,OPTICAL,ACETATE,ACETATE,135.0,67.5
KO,NIKE OPTICAL,AMER,82.0,88.0,76.0,79.0,96.0,108.0,84.0,86.0,95.0,85.0,75.0,104.0,1058.0,NIKE 5509,48,BLACK/V,FULL RIM,RECTANGLE,True,MALE,OPTICAL,ACETATE,ACETATE,135.0,67.5
KO,NIKE OPTICAL,EMEA,365.0,345.0,220.0,192.0,302.0,311.0,403.0,305.0,246.0,309.0,282.0,190.0,3470.0,NIKE 5509,48,BLACK/V,FULL RIM,RECTANGLE,True,MALE,OPTICAL,ACETATE,ACETATE,135.0,67.5
KO,NIKE OPTICAL,AMER,83.0,76.0,109.0,76.0,113.0,118.0,95.0,88.0,81.0,92.0,90.0,105.0,1126.0,NIKE 5509,48,OBSIDIA,FULL RIM,RECTANGLE,True,MALE,OPTICAL,ACETATE,ACETATE,135.0,67.5
KO,NIKE OPTICAL,EMEA,172.0,175.0,152.0,91.0,144.0,163.0,176.0,161.0,116.0,128.0,125.0,102.0,1705.0,NIKE 5509,48,OBSIDIA,FULL RIM,RECTANGLE,True,MALE,OPTICAL,ACETATE,ACETATE,135.0,67.5
KO,NIKE OPTICAL,AMER,,,7.0,3.0,,,1.0,1.0,2.0,3.0,1.0,,18.0,NIKE 7071,3,59/MATTE,SEMI-RIMLESS,RECTANGLE,True,MALE,OPTICAL,METAL,METAL,240.0,120.0
KO,NIKE OPTICAL,AMER,,1.0,,,,,,,,1.0,,,2.0,NIKE 7071,3,59/MATTE,SEMI-RIMLESS,RECTANGLE,True,MALE,OPTICAL,METAL,METAL,240.0,120.0
KO,NIKE OPTICAL,EMEA,4.0,,,,,,,,,,,,4.0,NIKE 7071,3,59/MATTE,SEMI-RIMLESS,RECTANGLE,True,MALE,OPTICAL,METAL,METAL,240.0,120.0
KO,NIKE OPTICAL,AMER,3.0,,12.0,11.0,,2.0,4.0,,3.0,9.0,3.0,1.0,48.0,NIKE 7071,3,59/DARK,SEMI-RIMLESS,RECTANGLE,True,MALE,OPTICAL,METAL,METAL,240.0,120.0
KO,NIKE OPTICAL,AMER,2.0,4.0,13.0,6.0,1.0,1.0,1.0,,5.0,6.0,,,39.0,NIKE 7071,3,59/ANTHR,SEMI-RIMLESS,RECTANGLE,True,MALE,OPTICAL,METAL,METAL,240.0,120.0
KO,NIKE OPTICAL,AMER,84.0,73.0,73.0,54.0,75.0,64.0,83.0,64.0,63.0,60.0,49.0,65.0,807.0,NIKE 7092,55,MATTE B,FULL RIM,RECTANGLE,True,UNISEX,OPTICAL,BIO INJ-G820,BIO INJ-G820,249.0,124.5
KO,NIKE OPTICAL,EMEA,66.0,74.0,54.0,46.0,54.0,61.0,97.0,66.0,61.0,64.0,73.0,39.0,755.0,NIKE 7092,55,MATTE B,FULL RIM,RECTANGLE,True,UNISEX,OPTICAL,BIO INJ-G820,BIO INJ-G820,249.0,124.5
KO,NIKE OPTICAL,AMER,81.0,96.0,59.0,98.0,103.0,106.0,126.0,111.0,116.0,104.0,104.0,106.0,1210.0,NIKE 7092,55,MATTE B,FULL RIM,RECTANGLE,True,UNISEX,OPTICAL,BIO INJ-G820,BIO INJ-G820,249.0,124.5
KO,NIKE OPTICAL,EMEA,12.0,14.0,15.0,11.0,24.0,17.0,19.0,18.0,14.0,6.0,15.0,17.0,182.0,NIKE 7092,55,MATTE B,FULL RIM,RECTANGLE,True,UNISEX,OPTICAL,BIO INJ-G820,BIO INJ-G820,249.0,124.5
KO,NIKE OPTICAL,AMER,137.0,132.0,137.0,146.0,161.0,224.0,134.0,197.0,206.0,192.0,179.0,191.0,2036.0,NIKE 7092,55,MT CRYS,FULL RIM,RECTANGLE,True,UNISEX,OPTICAL,BIO INJ-G820,BIO INJ-G820,249.0,124.5
KO,NIKE OPTICAL,EMEA,21.0,34.0,15.0,14.0,18.0,27.0,23.0,15.0,33.0,18.0,22.0,21.0,261.0,NIKE 7092,55,MT CRYS,FULL RIM,RECTANGLE,True,UNISEX,OPTICAL,BIO INJ-G820,BIO INJ-G820,249.0,124.5
KO,NIKE OPTICAL,AMER,45.0,51.0,52.0,53.0,44.0,55.0,53.0,60.0,38.0,54.0,37.0,39.0,581.0,NIKE 7092,55,MT CRYS,FULL RIM,RECTANGLE,True,UNISEX,OPTICAL,BIO INJ-G820,BIO INJ-G820,249.0,124.5
KO,NIKE OPTICAL,EMEA,45.0,47.0,24.0,21.0,32.0,33.0,58.0,34.0,30.0,30.0,45.0,22.0,421.0,NIKE 7092,55,MT CRYS,FULL RIM,RECTANGLE,True,UNISEX,OPTICAL,BIO INJ-G820,BIO INJ-G820,249.0,124.5
KO,NIKE OPTICAL,AMER,30.0,49.0,47.0,52.0,47.0,36.0,52.0,58.0,50.0,36.0,36.0,48.0,541.0,NIKE 7092,57,MATTE B,FULL RIM,RECTANGLE,True,UNISEX,OPTICAL,BIO INJ-G820,BIO INJ-G820,249.0,124.5
KO,NIKE OPTICAL,EMEA,78.0,97.0,61.0,39.0,54.0,79.0,54.0,68.0,55.0,58.0,58.0,34.0,735.0,NIKE 7092,57,MATTE B,FULL RIM,RECTANGLE,True,UNISEX,OPTICAL,BIO INJ-G820,BIO INJ-G820,249.0,124.5
KO,NIKE OPTICAL,AMER,76.0,63.0,83.0,77.0,87.0,81.0,55.0,103.0,63.0,56.0,71.0,84.0,899.0,NIKE 7092,57,MATTE B,FULL RIM,RECTANGLE,True,UNISEX,OPTICAL,BIO INJ-G820,BIO INJ-G820,249.0,124.5
KO,NIKE OPTICAL,EMEA,26.0,22.0,16.0,9.0,20.0,23.0,25.0,14.0,14.0,18.0,9.0,9.0,205.0,NIKE 7092,57,MATTE B,FULL RIM,RECTANGLE,True,UNISEX,OPTICAL,BIO INJ-G820,BIO INJ-G820,249.0,124.5
KO,NIKE OPTICAL,AMER,40.0,31.0,60.0,71.0,97.0,25.0,37.0,45.0,80.0,72.0,83.0,64.0,705.0,NIKE 7092,57,MT CRYS,FULL RIM,RECTANGLE,True,UNISEX,OPTICAL,BIO INJ-G820,BIO INJ-G820,249.0,124.5
KO,NIKE OPTICAL,EMEA,35.0,43.0,24.0,15.0,33.0,41.0,39.0,34.0,25.0,30.0,33.0,23.0,375.0,NIKE 7092,57,MT CRYS,FULL RIM,RECTANGLE,True,UNISEX,OPTICAL,BIO INJ-G820,BIO INJ-G820,249.0,124.5
KO,NIKE OPTICAL,AMER,36.0,23.0,23.0,30.0,22.0,26.0,30.0,38.0,40.0,28.0,26.0,25.0,347.0,NIKE 7092,57,MT CRYS,FULL RIM,RECTANGLE,True,UNISEX,OPTICAL,BIO INJ-G820,BIO INJ-G820,249.0,124.5
KO,NIKE OPTICAL,EMEA,17.0,33.0,26.0,14.0,22.0,18.0,6.0,24.0,28.0,17.0,14.0,21.0,240.0,NIKE 7092,57,MT CRYS,FULL RIM,RECTANGLE,True,UNISEX,OPTICAL,BIO INJ-G820,BIO INJ-G820,249.0,124.5
KO,NIKE OPTICAL,AMER,153.0,159.0,194.0,194.0,219.0,126.0,252.0,201.0,243.0,159.0,152.0,191.0,2243.0,NIKE 7090,53,MATTE B,FULL RIM,SQUARE,True,UNISEX,OPTICAL,BIO INJ-G820,BIO INJ-G820,285.0,142.5
KO,NIKE OPTICAL,EMEA,54.0,35.0,35.0,23.0,51.0,40.0,28.0,33.0,35.0,31.0,51.0,30.0,446.0,NIKE 7090,53,MATTE B,FULL RIM,SQUARE,True,UNISEX,OPTICAL,BIO INJ-G820,BIO INJ-G820,285.0,142.5
KO,NIKE OPTICAL,AMER,71.0,70.0,80.0,76.0,85.0,103.0,123.0,81.0,103.0,83.0,67.0,80.0,1022.0,NIKE 7090,53,MATTE B,FULL RIM,SQUARE,True,UNISEX,OPTICAL,BIO INJ-G820,BIO INJ-G820,285.0,142.5
KO,NIKE OPTICAL,EMEA,70.0,61.0,57.0,37.0,54.0,59.0,64.0,62.0,54.0,54.0,33.0,36.0,641.0,NIKE 7090,53,MATTE B,FULL RIM,SQUARE,True,UNISEX,OPTICAL,BIO INJ-G820,BIO INJ-G820,285.0,142.5
KO,NIKE OPTICAL,AMER,272.0,317.0,337.0,333.0,384.0,464.0,350.0,403.0,344.0,346.0,373.0,386.0,4309.0,NIKE 7090,53,MATTE B,FULL RIM,SQUARE,True,UNISEX,OPTICAL,BIO INJ-G820,BIO INJ-G820,285.0,142.5
KO,NIKE OPTICAL,EMEA,47.0,36.0,30.0,36.0,50.0,55.0,62.0,52.0,34.0,38.0,41.0,28.0,509.0,NIKE 7090,53,MATTE B,FULL RIM,SQUARE,True,UNISEX,OPTICAL,BIO INJ-G820,BIO INJ-G820,285.0,142.5
KO,NIKE OPTICAL,AMER,123.0,105.0,143.0,112.0,170.0,133.0,95.0,132.0,118.0,113.0,118.0,83.0,1445.0,NIKE 7090,53,MATTE D,FULL RIM,SQUARE,True,UNISEX,OPTICAL,BIO INJ-G820,BIO INJ-G820,285.0,142.5
KO,NIKE OPTICAL,EMEA,121.0,133.0,100.0,73.0,129.0,122.0,160.0,121.0,98.0,95.0,119.0,57.0,1328.0,NIKE 7090,53,MATTE D,FULL RIM,SQUARE,True,UNISEX,OPTICAL,BIO INJ-G820,BIO INJ-G820,285.0,142.5
KO,NIKE OPTICAL,AMER,126.0,127.0,155.0,135.0,180.0,131.0,82.0,93.0,161.0,149.0,151.0,158.0,1648.0,NIKE 7090,53,MATTE D,FULL RIM,SQUARE,True,UNISEX,OPTICAL,BIO INJ-G820,BIO INJ-G820,285.0,142.5
KO,NIKE OPTICAL,EMEA,42.0,43.0,34.0,21.0,53.0,47.0,39.0,26.0,35.0,28.0,38.0,34.0,440.0,NIKE 7090,53,MATTE D,FULL RIM,SQUARE,True,UNISEX,OPTICAL,BIO INJ-G820,BIO INJ-G820,285.0,142.5
KO,NIKE OPTICAL,AMER,67.0,65.0,74.0,60.0,82.0,83.0,100.0,74.0,79.0,83.0,79.0,70.0,916.0,NIKE 7090,53,MATTE N,FULL RIM,SQUARE,True,UNISEX,OPTICAL,BIO INJ-G820,BIO INJ-G820,285.0,142.5
KO,NIKE OPTICAL,EMEA,73.0,79.0,45.0,26.0,69.0,50.0,57.0,57.0,50.0,39.0,43.0,36.0,624.0,NIKE 7090,53,MATTE N,FULL RIM,SQUARE,True,UNISEX,OPTICAL,BIO INJ-G820,BIO INJ-G820,285.0,142.5
KO,NIKE OPTICAL,AMER,215.0,238.0,241.0,195.0,223.0,174.0,164.0,94.0,223.0,228.0,260.0,278.0,2533.0,NIKE 5538,49,BLACK-F,FULL RIM,SQUARE,True,UNISEX,OPTICAL,BIO INJ-G820,BIO INJ-G820,135.0,67.5
KO,NIKE OPTICAL,EMEA,261.0,236.0,162.0,131.0,202.0,237.0,268.0,192.0,136.0,128.0,170.0,120.0,2243.0,NIKE 5538,49,BLACK-F,FULL RIM,SQUARE,True,UNISEX,OPTICAL,BIO INJ-G820,BIO INJ-G820,135.0,67.5
KO,NIKE OPTICAL,AMER,205.0,210.0,216.0,201.0,212.0,166.0,286.0,152.0,229.0,136.0,212.0,215.0,2440.0,NIKE 5538,49,BLACK-P,FULL RIM,SQUARE,True,UNISEX,OPTICAL,BIO INJ-G820,BIO INJ-G820,135.0,67.5
KO,NIKE OPTICAL,EMEA,100.0,121.0,124.0,90.0,103.0,79.0,112.0,116.0,76.0,122.0,108.0,68.0,1219.0,NIKE 5538,49,BLACK-P,FULL RIM,SQUARE,True,UNISEX,OPTICAL,BIO INJ-G820,BIO INJ-G820,135.0,67.5
KO,NIKE OPTICAL,AMER,106.0,130.0,163.0,128.0,164.0,151.0,145.0,148.0,130.0,110.0,133.0,135.0,1643.0,NIKE 5538,49,ANTHRAC,FULL RIM,SQUARE,True,UNISEX,OPTICAL,BIO INJ-G820,BIO INJ-G820,135.0,67.5
KO,NIKE OPTICAL,EMEA,60.0,46.0,60.0,39.0,52.0,56.0,69.0,60.0,34.0,49.0,41.0,29.0,595.0,NIKE 5538,49,ANTHRAC,FULL RIM,SQUARE,True,UNISEX,OPTICAL,BIO INJ-G820,BIO INJ-G820,135.0,67.5
KO,NIKE OPTICAL,AMER,63.0,70.0,71.0,70.0,76.0,84.0,75.0,131.0,61.0,32.0,45.0,84.0,862.0,NIKE 5538,49,MIDNIGH,FULL RIM,SQUARE,True,UNISEX,OPTICAL,BIO INJ-G820,BIO INJ-G820,135.0,67.5
KO,NIKE OPTICAL,EMEA,69.0,45.0,22.0,29.0,28.0,43.0,53.0,56.0,40.0,30.0,24.0,18.0,457.0,NIKE 5538,49,MIDNIGH,FULL RIM,SQUARE,True,UNISEX,OPTICAL,BIO INJ-G820,BIO INJ-G820,135.0,67.5
KO,NIKE OPTICAL,AMER,34.0,42.0,41.0,57.0,89.0,74.0,78.0,88.0,80.0,70.0,57.0,76.0,786.0,NIKE 5538,52,BLACK-F,FULL RIM,SQUARE,True,UNISEX,OPTICAL,BIO INJ-G820,BIO INJ-G820,135.0,67.5
KO,NIKE OPTICAL,EMEA,73.0,94.0,82.0,36.0,59.0,56.0,80.0,89.0,74.0,84.0,41.0,28.0,796.0,NIKE 5538,52,BLACK-F,FULL RIM,SQUARE,True,UNISEX,OPTICAL,BIO INJ-G820,BIO INJ-G820,135.0,67.5
KO,NIKE OPTICAL,AMER,108.0,114.0,143.0,99.0,102.0,121.0,138.0,120.0,125.0,103.0,126.0,132.0,1431.0,NIKE 5538,52,BLACK-P,FULL RIM,SQUARE,True,UNISEX,OPTICAL,BIO INJ-G820,BIO INJ-G820,135.0,67.5
KO,NIKE OPTICAL,EMEA,144.0,97.0,136.0,50.0,81.0,95.0,65.0,87.0,82.0,53.0,68.0,48.0,1006.0,NIKE 5538,52,BLACK-P,FULL RIM,SQUARE,True,UNISEX,OPTICAL,BIO INJ-G820,BIO INJ-G820,135.0,67.5
KO,NIKE OPTICAL,AMER,49.0,51.0,53.0,37.0,37.0,54.0,60.0,47.0,54.0,39.0,46.0,52.0,579.0,NIKE 5538,52,ANTHRAC,FULL RIM,SQUARE,True,UNISEX,OPTICAL,BIO INJ-G820,BIO INJ-G820,135.0,67.5
KO,NIKE OPTICAL,EMEA,26.0,41.0,112.0,20.0,45.0,40.0,44.0,37.0,54.0,26.0,35.0,24.0,504.0,NIKE 5538,52,ANTHRAC,FULL RIM,SQUARE,True,UNISEX,OPTICAL,BIO INJ-G820,BIO INJ-G820,135.0,67.5
KO,NIKE OPTICAL,AMER,48.0,73.0,86.0,49.0,67.0,80.0,71.0,54.0,92.0,85.0,76.0,74.0,855.0,NIKE 5538,52,MIDNIGH,FULL RIM,SQUARE,True,UNISEX,OPTICAL,BIO INJ-G820,BIO INJ-G820,135.0,67.5
KO,NIKE OPTICAL,EMEA,20.0,41.0,33.0,20.0,42.0,36.0,61.0,28.0,39.0,44.0,28.0,20.0,412.0,NIKE 5538,52,MIDNIGH,FULL RIM,SQUARE,True,UNISEX,OPTICAL,BIO INJ-G820,BIO INJ-G820,135.0,67.5
KO,NIKE OPTICAL,AMER,134.0,134.0,126.0,528.0,234.0,160.0,161.0,106.0,134.0,116.0,154.0,157.0,2144.0,NIKE 7240,53,BLACK/C,FULL RIM,SQUARE,True,FEMALE,OPTICAL,ACETATE,ACETATE,259.0,129.5
KO,NIKE OPTICAL,EMEA,19.0,6.0,11.0,5.0,11.0,12.0,6.0,10.0,10.0,12.0,8.0,10.0,120.0,NIKE 7240,53,BLACK/C,FULL RIM,SQUARE,True,FEMALE,OPTICAL,ACETATE,ACETATE,259.0,129.5
KO,NIKE OPTICAL,AMER,213.0,232.0,234.0,239.0,149.0,292.0,266.0,329.0,260.0,176.0,224.0,222.0,2836.0,NIKE 7240,53,GREY,FULL RIM,SQUARE,True,FEMALE,OPTICAL,ACETATE,ACETATE,259.0,129.5
KO,NIKE OPTICAL,EMEA,14.0,16.0,13.0,10.0,22.0,31.0,30.0,23.0,15.0,13.0,20.0,13.0,220.0,NIKE 7240,53,GREY,FULL RIM,SQUARE,True,FEMALE,OPTICAL,ACETATE,ACETATE,259.0,129.5
KO,NIKE OPTICAL,AMER,98.0,138.0,152.0,155.0,85.0,169.0,169.0,191.0,135.0,136.0,121.0,122.0,1671.0,NIKE 7240,55,BLACK/C,FULL RIM,SQUARE,True,FEMALE,OPTICAL,ACETATE,ACETATE,259.0,129.5
KO,NIKE OPTICAL,EMEA,13.0,9.0,10.0,3.0,20.0,12.0,10.0,17.0,7.0,6.0,12.0,1.0,120.0,NIKE 7240,55,BLACK/C,FULL RIM,SQUARE,True,FEMALE,OPTICAL,ACETATE,ACETATE,259.0,129.5
KO,NIKE OPTICAL,AMER,210.0,225.0,230.0,255.0,271.0,290.0,221.0,195.0,277.0,252.0,255.0,271.0,2952.0,NIKE 7240,55,GREY,FULL RIM,SQUARE,True,FEMALE,OPTICAL,ACETATE,ACETATE,259.0,129.5
KO,NIKE OPTICAL,EMEA,13.0,11.0,9.0,3.0,7.0,14.0,20.0,16.0,5.0,12.0,7.0,8.0,125.0,NIKE 7240,55,GREY,FULL RIM,SQUARE,True,FEMALE,OPTICAL,ACETATE,ACETATE,259.0,129.5
KO,NIKE OPTICAL,AMER,,,,,,1.0,,,,,,4.0,5.0,NIKE 7928,58,SATIN B,FULL RIM,RECTANGLE,True,MALE,OPTICAL,METAL,METAL,210.0,105.0
KO,NIKE OPTICAL,EMEA,,,,,,,,1.0,,,,,1.0,NIKE 7928,58,SATIN B,FULL RIM,RECTANGLE,True,MALE,OPTICAL,METAL,METAL,210.0,105.0
KO,NIKE OPTICAL,EMEA,,,,,2.0,,,,,,,,2.0,NIKE 7928,58,SATIN A,FULL RIM,RECTANGLE,True,MALE,OPTICAL,METAL,METAL,210.0,105.0
KO,NIKE OPTICAL,AMER,166.0,211.0,200.0,210.0,244.0,234.0,186.0,211.0,175.0,175.0,200.0,180.0,2392.0,NIKE 7125,54,MATTE B,FULL RIM,RECTANGLE,True,MALE,OPTICAL,BIO INJ-G820,BIO INJ-G820,249.0,124.5
KO,NIKE OPTICAL,EMEA,42.0,55.0,44.0,33.0,57.0,58.0,79.0,41.0,40.0,52.0,38.0,23.0,562.0,NIKE 7125,54,MATTE B,FULL RIM,RECTANGLE,True,MALE,OPTICAL,BIO INJ-G820,BIO INJ-G820,249.0,124.5
KO,NIKE OPTICAL,AMER,100.0,135.0,171.0,135.0,155.0,137.0,93.0,172.0,153.0,108.0,114.0,127.0,1600.0,NIKE 7125,54,MATTE W,FULL RIM,RECTANGLE,True,MALE,OPTICAL,BIO INJ-G820,BIO INJ-G820,249.0,124.5
KO,NIKE OPTICAL,EMEA,37.0,48.0,22.0,18.0,26.0,44.0,38.0,32.0,27.0,38.0,21.0,21.0,372.0,NIKE 7125,54,MATTE W,FULL RIM,RECTANGLE,True,MALE,OPTICAL,BIO INJ-G820,BIO INJ-G820,249.0,124.5
KO,NIKE OPTICAL,AMER,92.0,95.0,129.0,129.0,116.0,127.0,187.0,138.0,155.0,116.0,101.0,113.0,1498.0,NIKE 7125,54,GRIDIRO,FULL RIM,RECTANGLE,True,MALE,OPTICAL,BIO INJ-G820,BIO INJ-G820,249.0,124.5
KO,NIKE OPTICAL,EMEA,93.0,97.0,63.0,52.0,72.0,60.0,97.0,81.0,58.0,74.0,56.0,50.0,853.0,NIKE 7125,54,GRIDIRO,FULL RIM,RECTANGLE,True,MALE,OPTICAL,BIO INJ-G820,BIO INJ-G820,249.0,124.5
KO,NIKE OPTICAL,AMER,281.0,285.0,340.0,313.0,391.0,317.0,207.0,304.0,244.0,291.0,269.0,351.0,3593.0,NIKE 7125,54,DARK GR,FULL RIM,RECTANGLE,True,MALE,OPTICAL,BIO INJ-G820,BIO INJ-G820,249.0,124.5
KO,NIKE OPTICAL,EMEA,84.0,74.0,40.0,34.0,49.0,68.0,88.0,52.0,44.0,60.0,55.0,38.0,686.0,NIKE 7125,54,DARK GR,FULL RIM,RECTANGLE,True,MALE,OPTICAL,BIO INJ-G820,BIO INJ-G820,249.0,124.5
KO,NIKE OPTICAL,AMER,357.0,393.0,424.0,395.0,289.0,510.0,495.0,372.0,257.0,327.0,663.0,654.0,5136.0,NIKE 7125,54,MINERAL,FULL RIM,RECTANGLE,True,MALE,OPTICAL,BIO INJ-G820,BIO INJ-G820,249.0,124.5
KO,NIKE OPTICAL,EMEA,107.0,112.0,58.0,42.0,91.0,77.0,66.0,41.0,48.0,57.0,43.0,21.0,763.0,NIKE 7125,54,MINERAL,FULL RIM,RECTANGLE,True,MALE,OPTICAL,BIO INJ-G820,BIO INJ-G820,249.0,124.5
KO,NIKE OPTICAL,AMER,51.0,58.0,71.0,57.0,77.0,75.0,82.0,70.0,45.0,39.0,68.0,84.0,777.0,NIKE 7280,50,MATTE D,FULL RIM,ROUND,True,FEMALE,OPTICAL,ACETATE,ACETATE,220.0,110.0
KO,NIKE OPTICAL,EMEA,75.0,87.0,67.0,27.0,70.0,73.0,79.0,96.0,64.0,61.0,49.0,38.0,786.0,NIKE 7280,50,MATTE D,FULL RIM,ROUND,True,FEMALE,OPTICAL,ACETATE,ACETATE,220.0,110.0
KO,NIKE OPTICAL,AMER,327.0,319.0,359.0,339.0,342.0,386.0,413.0,336.0,313.0,300.0,290.0,323.0,4047.0,NIKE 7280,50,GUNSMOK,FULL RIM,ROUND,True,FEMALE,OPTICAL,ACETATE,ACETATE,220.0,110.0
KO,NIKE OPTICAL,EMEA,125.0,130.0,86.0,56.0,116.0,125.0,111.0,90.0,86.0,103.0,81.0,68.0,1177.0,NIKE 7280,50,GUNSMOK,FULL RIM,ROUND,True,FEMALE,OPTICAL,ACETATE,ACETATE,220.0,110.0
KO,NIKE OPTICAL,AMER,58.0,80.0,63.0,50.0,60.0,68.0,63.0,71.0,75.0,58.0,63.0,66.0,775.0,NIKE 7280,50,ARMORY,FULL RIM,ROUND,True,FEMALE,OPTICAL,ACETATE,ACETATE,220.0,110.0
KO,NIKE OPTICAL,EMEA,190.0,211.0,172.0,109.0,140.0,176.0,203.0,181.0,158.0,160.0,165.0,120.0,1985.0,NIKE 7280,50,ARMORY,FULL RIM,ROUND,True,FEMALE,OPTICAL,ACETATE,ACETATE,220.0,110.0
KO,NIKE OPTICAL,AMER,231.0,322.0,310.0,272.0,347.0,333.0,340.0,348.0,342.0,301.0,315.0,371.0,3832.0,NIKE 7280,50,CLEAR,FULL RIM,ROUND,True,FEMALE,OPTICAL,ACETATE,ACETATE,220.0,110.0
KO,NIKE OPTICAL,EMEA,106.0,103.0,75.0,61.0,77.0,95.0,91.0,100.0,72.0,88.0,87.0,73.0,1028.0,NIKE 7280,50,CLEAR,FULL RIM,ROUND,True,FEMALE,OPTICAL,ACETATE,ACETATE,220.0,110.0
KO,NIKE OPTICAL,AMER,163.0,206.0,259.0,193.0,231.0,177.0,140.0,181.0,204.0,578.0,1035.0,263.0,3630.0,NIKE 7246,54,MATTE B,FULL RIM,RECTANGLE,True,MALE,OPTICAL,ACETATE,ACETATE,259.0,129.5
KO,NIKE OPTICAL,EMEA,33.0,43.0,32.0,16.0,27.0,46.0,36.0,29.0,20.0,19.0,20.0,19.0,340.0,NIKE 7246,54,MATTE B,FULL RIM,RECTANGLE,True,MALE,OPTICAL,ACETATE,ACETATE,259.0,129.5
KO,NIKE OPTICAL,AMER,125.0,129.0,143.0,134.0,147.0,189.0,138.0,123.0,198.0,158.0,142.0,159.0,1785.0,NIKE 7246,54,MATTE A,FULL RIM,RECTANGLE,True,MALE,OPTICAL,ACETATE,ACETATE,259.0,129.5
KO,NIKE OPTICAL,EMEA,34.0,33.0,25.0,9.0,35.0,53.0,48.0,28.0,29.0,28.0,21.0,13.0,356.0,NIKE 7246,54,MATTE A,FULL RIM,RECTANGLE,True,MALE,OPTICAL,ACETATE,ACETATE,259.0,129.5
KO,NIKE OPTICAL,AMER,90.0,74.0,115.0,109.0,165.0,149.0,153.0,121.0,126.0,116.0,106.0,114.0,1438.0,NIKE 7246,54,MATTE T,FULL RIM,RECTANGLE,True,MALE,OPTICAL,ACETATE,ACETATE,259.0,129.5
KO,NIKE OPTICAL,EMEA,32.0,37.0,20.0,15.0,27.0,30.0,36.0,23.0,21.0,20.0,28.0,11.0,300.0,NIKE 7246,54,MATTE T,FULL RIM,RECTANGLE,True,MALE,OPTICAL,ACETATE,ACETATE,259.0,129.5
KO,NIKE OPTICAL,AMER,546.0,638.0,550.0,563.0,589.0,721.0,772.0,553.0,363.0,608.0,665.0,675.0,7243.0,NIKE 7246,54,CLEAR,FULL RIM,RECTANGLE,True,MALE,OPTICAL,ACETATE,ACETATE,259.0,129.5
KO,NIKE OPTICAL,EMEA,69.0,77.0,70.0,38.0,68.0,86.0,69.0,76.0,50.0,67.0,75.0,55.0,800.0,NIKE 7246,54,CLEAR,FULL RIM,RECTANGLE,True,MALE,OPTICAL,ACETATE,ACETATE,259.0,129.5
KO,NIKE OPTICAL,AMER,19.0,28.0,29.0,21.0,38.0,30.0,36.0,41.0,29.0,27.0,30.0,39.0,367.0,NIKE 5019,47,MATTE S,FULL RIM,RECTANGLE,True,UNISEX,OPTICAL,BIO INJ-G820,BIO INJ-G820,135.0,67.5
KO,NIKE OPTICAL,EMEA,35.0,28.0,23.0,13.0,30.0,40.0,32.0,40.0,15.0,34.0,20.0,26.0,336.0,NIKE 5019,47,MATTE S,FULL RIM,RECTANGLE,True,UNISEX,OPTICAL,BIO INJ-G820,BIO INJ-G820,135.0,67.5
KO,NIKE OPTICAL,AMER,75.0,88.0,77.0,85.0,87.0,85.0,100.0,119.0,75.0,74.0,87.0,93.0,1045.0,NIKE 5019,47,MATTE B,FULL RIM,RECTANGLE,True,UNISEX,OPTICAL,BIO INJ-G820,BIO INJ-G820,135.0,67.5
KO,NIKE OPTICAL,EMEA,22.0,29.0,22.0,17.0,32.0,48.0,30.0,37.0,11.0,16.0,25.0,20.0,309.0,NIKE 5019,47,MATTE B,FULL RIM,RECTANGLE,True,UNISEX,OPTICAL,BIO INJ-G820,BIO INJ-G820,135.0,67.5
KO,NIKE OPTICAL,AMER,118.0,152.0,142.0,144.0,169.0,171.0,152.0,171.0,137.0,156.0,140.0,166.0,1818.0,NIKE 5019,47,MATTE M,FULL RIM,RECTANGLE,True,UNISEX,OPTICAL,BIO INJ-G820,BIO INJ-G820,135.0,67.5
KO,NIKE OPTICAL,EMEA,140.0,155.0,142.0,89.0,141.0,168.0,148.0,176.0,100.0,91.0,103.0,95.0,1548.0,NIKE 5019,47,MATTE M,FULL RIM,RECTANGLE,True,UNISEX,OPTICAL,BIO INJ-G820,BIO INJ-G820,135.0,67.5
KO,NIKE OPTICAL,AMER,33.0,43.0,49.0,39.0,62.0,64.0,51.0,63.0,39.0,50.0,35.0,45.0,573.0,NIKE 5019,47,MATTE G,FULL RIM,RECTANGLE,True,UNISEX,OPTICAL,BIO INJ-G820,BIO INJ-G820,135.0,67.5
KO,NIKE OPTICAL,EMEA,70.0,58.0,55.0,17.0,50.0,67.0,53.0,33.0,29.0,25.0,32.0,18.0,507.0,NIKE 5019,47,MATTE G,FULL RIM,RECTANGLE,True,UNISEX,OPTICAL,BIO INJ-G820,BIO INJ-G820,135.0,67.5
KO,NIKE OPTICAL,AMER,72.0,71.0,89.0,56.0,62.0,67.0,67.0,81.0,63.0,58.0,55.0,58.0,799.0,NIKE 5019,50,MATTE S,FULL RIM,RECTANGLE,True,UNISEX,OPTICAL,BIO INJ-G820,BIO INJ-G820,135.0,67.5
KO,NIKE OPTICAL,EMEA,115.0,105.0,97.0,57.0,86.0,98.0,115.0,125.0,94.0,81.0,92.0,72.0,1137.0,NIKE 5019,50,MATTE S,FULL RIM,RECTANGLE,True,UNISEX,OPTICAL,BIO INJ-G820,BIO INJ-G820,135.0,67.5
KO,NIKE OPTICAL,AMER,140.0,199.0,185.0,168.0,191.0,221.0,205.0,99.0,161.0,156.0,233.0,183.0,2141.0,NIKE 5019,50,MATTE B,FULL RIM,RECTANGLE,True,UNISEX,OPTICAL,BIO INJ-G820,BIO INJ-G820,135.0,67.5
KO,NIKE OPTICAL,EMEA,71.0,66.0,58.0,46.0,64.0,76.0,61.0,57.0,47.0,60.0,59.0,51.0,716.0,NIKE 5019,50,MATTE B,FULL RIM,RECTANGLE,True,UNISEX,OPTICAL,BIO INJ-G820,BIO INJ-G820,135.0,67.5
KO,NIKE OPTICAL,AMER,95.0,131.0,119.0,118.0,104.0,118.0,105.0,124.0,124.0,99.0,128.0,157.0,1422.0,NIKE 5019,50,MATTE M,FULL RIM,RECTANGLE,True,UNISEX,OPTICAL,BIO INJ-G820,BIO INJ-G820,135.0,67.5
KO,NIKE OPTICAL,EMEA,245.0,244.0,172.0,119.0,160.0,220.0,242.0,156.0,155.0,209.0,171.0,122.0,2215.0,NIKE 5019,50,MATTE M,FULL RIM,RECTANGLE,True,UNISEX,OPTICAL,BIO INJ-G820,BIO INJ-G820,135.0,67.5
KO,NIKE OPTICAL,AMER,24.0,23.0,26.0,24.0,29.0,30.0,42.0,27.0,31.0,19.0,29.0,32.0,336.0,NIKE 5019,50,MATTE G,FULL RIM,RECTANGLE,True,UNISEX,OPTICAL,BIO INJ-G820,BIO INJ-G820,135.0,67.5
KO,NIKE OPTICAL,EMEA,38.0,48.0,40.0,32.0,37.0,45.0,45.0,58.0,32.0,33.0,21.0,43.0,472.0,NIKE 5019,50,MATTE G,FULL RIM,RECTANGLE,True,UNISEX,OPTICAL,BIO INJ-G820,BIO INJ-G820,135.0,67.5
KO,NIKE OPTICAL,AMER,232.0,285.0,299.0,272.0,296.0,336.0,261.0,282.0,247.0,218.0,239.0,243.0,3210.0,NIKE 8130,54,SATIN B,FULL RIM,RECTANGLE,True,MALE,OPTICAL,METAL,METAL,210.0,105.0
KO,NIKE OPTICAL,EMEA,27.0,33.0,26.0,13.0,31.0,28.0,36.0,24.0,22.0,29.0,21.0,11.0,301.0,NIKE 8130,54,SATIN B,FULL RIM,RECTANGLE,True,MALE,OPTICAL,METAL,METAL,210.0,105.0
KO,NIKE OPTICAL,AMER,100.0,80.0,96.0,99.0,110.0,100.0,102.0,99.0,85.0,86.0,75.0,81.0,1113.0,NIKE 8130,54,SATIN B,FULL RIM,RECTANGLE,True,MALE,OPTICAL,METAL,METAL,210.0,105.0
KO,NIKE OPTICAL,EMEA,40.0,36.0,51.0,19.0,47.0,45.0,33.0,39.0,34.0,39.0,31.0,28.0,442.0,NIKE 8130,54,SATIN B,FULL RIM,RECTANGLE,True,MALE,OPTICAL,METAL,METAL,210.0,105.0
KO,NIKE OPTICAL,AMER,85.0,86.0,84.0,84.0,68.0,90.0,94.0,79.0,83.0,81.0,72.0,77.0,983.0,NIKE 8130,54,SATIN N,FULL RIM,RECTANGLE,True,MALE,OPTICAL,METAL,METAL,210.0,105.0
KO,NIKE OPTICAL,EMEA,54.0,63.0,27.0,24.0,34.0,51.0,43.0,52.0,37.0,31.0,39.0,27.0,482.0,NIKE 8130,54,SATIN N,FULL RIM,RECTANGLE,True,MALE,OPTICAL,METAL,METAL,210.0,105.0
KO,NIKE OPTICAL,AMER,130.0,174.0,174.0,190.0,228.0,212.0,254.0,236.0,257.0,212.0,242.0,226.0,2535.0,NIKE 8130,56,SATIN B,FULL RIM,RECTANGLE,True,MALE,OPTICAL,METAL,METAL,210.0,105.0
KO,NIKE OPTICAL,EMEA,40.0,49.0,29.0,18.0,43.0,38.0,29.0,25.0,22.0,18.0,19.0,30.0,360.0,NIKE 8130,56,SATIN B,FULL RIM,RECTANGLE,True,MALE,OPTICAL,METAL,METAL,210.0,105.0
KO,NIKE OPTICAL,AMER,69.0,60.0,86.0,75.0,82.0,79.0,81.0,71.0,49.0,52.0,52.0,71.0,827.0,NIKE 8130,56,SATIN B,FULL RIM,RECTANGLE,True,MALE,OPTICAL,METAL,METAL,210.0,105.0
KO,NIKE OPTICAL,EMEA,66.0,100.0,49.0,42.0,61.0,72.0,67.0,64.0,54.0,57.0,60.0,29.0,721.0,NIKE 8130,56,SATIN B,FULL RIM,RECTANGLE,True,MALE,OPTICAL,METAL,METAL,210.0,105.0
KO,NIKE OPTICAL,AMER,84.0,102.0,99.0,87.0,97.0,129.0,99.0,93.0,98.0,82.0,82.0,78.0,1130.0,NIKE 8130,56,SATIN N,FULL RIM,RECTANGLE,True,MALE,OPTICAL,METAL,METAL,210.0,105.0
KO,NIKE OPTICAL,EMEA,46.0,39.0,51.0,33.0,37.0,56.0,34.0,51.0,37.0,64.0,54.0,26.0,528.0,NIKE 8130,56,SATIN N,FULL RIM,RECTANGLE,True,MALE,OPTICAL,METAL,METAL,210.0,105.0
KO,NIKE OPTICAL,AMER,136.0,131.0,135.0,100.0,140.0,149.0,150.0,148.0,120.0,135.0,98.0,104.0,1546.0,NIKE 7117,54,MATTE B,FULL RIM,SQUARE,True,UNISEX,OPTICAL,BIO INJ-G820,BIO INJ-G820,182.0,91.0
KO,NIKE OPTICAL,EMEA,40.0,40.0,28.0,23.0,44.0,18.0,28.0,33.0,29.0,22.0,24.0,15.0,344.0,NIKE 7117,54,MATTE B,FULL RIM,SQUARE,True,UNISEX,OPTICAL,BIO INJ-G820,BIO INJ-G820,182.0,91.0
KO,NIKE OPTICAL,AMER,88.0,101.0,106.0,109.0,140.0,107.0,89.0,62.0,80.0,62.0,96.0,74.0,1114.0,NIKE 7117,54,MATTE B,FULL RIM,SQUARE,True,UNISEX,OPTICAL,BIO INJ-G820,BIO INJ-G820,182.0,91.0
KO,NIKE OPTICAL,EMEA,66.0,92.0,53.0,39.0,73.0,65.0,72.0,56.0,50.0,59.0,59.0,41.0,725.0,NIKE 7117,54,MATTE B,FULL RIM,SQUARE,True,UNISEX,OPTICAL,BIO INJ-G820,BIO INJ-G820,182.0,91.0
KO,NIKE OPTICAL,AMER,40.0,56.0,45.0,50.0,61.0,41.0,42.0,62.0,61.0,40.0,39.0,50.0,587.0,NIKE 7117,54,MATTE D,FULL RIM,SQUARE,True,UNISEX,OPTICAL,BIO INJ-G820,BIO INJ-G820,182.0,91.0
KO,NIKE OPTICAL,EMEA,22.0,21.0,10.0,7.0,28.0,14.0,16.0,19.0,16.0,12.0,15.0,4.0,184.0,NIKE 7117,54,MATTE D,FULL RIM,SQUARE,True,UNISEX,OPTICAL,BIO INJ-G820,BIO INJ-G820,182.0,91.0
KO,NIKE OPTICAL,AMER,106.0,108.0,118.0,131.0,125.0,129.0,106.0,98.0,102.0,75.0,100.0,94.0,1292.0,NIKE 7117,54,MATTE S,FULL RIM,SQUARE,True,UNISEX,OPTICAL,BIO INJ-G820,BIO INJ-G820,182.0,91.0
KO,NIKE OPTICAL,EMEA,44.0,43.0,32.0,22.0,35.0,38.0,35.0,26.0,27.0,17.0,21.0,16.0,356.0,NIKE 7117,54,MATTE S,FULL RIM,SQUARE,True,UNISEX,OPTICAL,BIO INJ-G820,BIO INJ-G820,182.0,91.0
KO,NIKE OPTICAL,AMER,79.0,78.0,103.0,117.0,130.0,112.0,150.0,119.0,106.0,87.0,98.0,133.0,1312.0,NIKE 7117,56,MATTE B,FULL RIM,SQUARE,True,UNISEX,OPTICAL,BIO INJ-G820,BIO INJ-G820,182.0,91.0
KO,NIKE OPTICAL,EMEA,17.0,22.0,14.0,10.0,23.0,31.0,35.0,19.0,16.0,17.0,16.0,10.0,230.0,NIKE 7117,56,MATTE B,FULL RIM,SQUARE,True,UNISEX,OPTICAL,BIO INJ-G820,BIO INJ-G820,182.0,91.0
KO,NIKE OPTICAL,AMER,19.0,20.0,23.0,24.0,40.0,60.0,47.0,43.0,28.0,32.0,33.0,37.0,406.0,NIKE 7117,56,MATTE D,FULL RIM,SQUARE,True,UNISEX,OPTICAL,BIO INJ-G820,BIO INJ-G820,182.0,91.0
KO,NIKE OPTICAL,EMEA,23.0,29.0,28.0,4.0,19.0,24.0,32.0,22.0,12.0,19.0,14.0,8.0,234.0,NIKE 7117,56,MATTE D,FULL RIM,SQUARE,True,UNISEX,OPTICAL,BIO INJ-G820,BIO INJ-G820,182.0,91.0
KO,NIKE OPTICAL,AMER,228.0,243.0,252.0,166.0,260.0,239.0,237.0,265.0,296.0,230.0,217.0,252.0,2885.0,NIKE 7119,53,MATTE B,FULL RIM,RECTANGLE,True,MALE,OPTICAL,BIO INJ-G820,BIO INJ-G820,182.0,91.0
KO,NIKE OPTICAL,EMEA,57.0,85.0,99.0,18.0,50.0,45.0,56.0,29.0,31.0,64.0,67.0,33.0,634.0,NIKE 7119,53,MATTE B,FULL RIM,RECTANGLE,True,MALE,OPTICAL,BIO INJ-G820,BIO INJ-G820,182.0,91.0
KO,NIKE OPTICAL,AMER,90.0,90.0,95.0,107.0,102.0,108.0,142.0,98.0,54.0,83.0,72.0,81.0,1122.0,NIKE 7119,53,MATTE B,FULL RIM,RECTANGLE,True,MALE,OPTICAL,BIO INJ-G820,BIO INJ-G820,182.0,91.0
KO,NIKE OPTICAL,EMEA,30.0,22.0,10.0,13.0,20.0,11.0,14.0,25.0,13.0,8.0,19.0,8.0,193.0,NIKE 7119,53,MATTE B,FULL RIM,RECTANGLE,True,MALE,OPTICAL,BIO INJ-G820,BIO INJ-G820,182.0,91.0
KO,NIKE OPTICAL,AMER,42.0,61.0,63.0,57.0,43.0,53.0,66.0,64.0,59.0,38.0,53.0,55.0,654.0,NIKE 7119,53,MATTE G,FULL RIM,RECTANGLE,True,MALE,OPTICAL,BIO INJ-G820,BIO INJ-G820,182.0,91.0
KO,NIKE OPTICAL,EMEA,65.0,58.0,45.0,31.0,40.0,51.0,53.0,55.0,43.0,35.0,52.0,24.0,552.0,NIKE 7119,53,MATTE G,FULL RIM,RECTANGLE,True,MALE,OPTICAL,BIO INJ-G820,BIO INJ-G820,182.0,91.0
KO,NIKE OPTICAL,AMER,218.0,226.0,244.0,241.0,257.0,267.0,147.0,254.0,185.0,215.0,194.0,190.0,2638.0,NIKE 7119,53,MATTE S,FULL RIM,RECTANGLE,True,MALE,OPTICAL,BIO INJ-G820,BIO INJ-G820,182.0,91.0
KO,NIKE OPTICAL,EMEA,36.0,27.0,29.0,11.0,45.0,43.0,33.0,28.0,21.0,29.0,27.0,16.0,345.0,NIKE 7119,53,MATTE S,FULL RIM,RECTANGLE,True,MALE,OPTICAL,BIO INJ-G820,BIO INJ-G820,182.0,91.0
KO,NIKE OPTICAL,AMER,71.0,78.0,83.0,94.0,87.0,85.0,70.0,57.0,57.0,57.0,79.0,81.0,899.0,NIKE 7119,53,MATTE M,FULL RIM,RECTANGLE,True,MALE,OPTICAL,BIO INJ-G820,BIO INJ-G820,182.0,91.0
KO,NIKE OPTICAL,EMEA,39.0,44.0,28.0,18.0,33.0,35.0,42.0,25.0,35.0,24.0,27.0,21.0,371.0,NIKE 7119,53,MATTE M,FULL RIM,RECTANGLE,True,MALE,OPTICAL,BIO INJ-G820,BIO INJ-G820,182.0,91.0
KO,NIKE OPTICAL,AMER,170.0,196.0,167.0,136.0,249.0,263.0,244.0,234.0,171.0,170.0,202.0,197.0,2399.0,NIKE 4307,54,SATIN B,FULL RIM,SQUARE,True,UNISEX,OPTICAL,BIO INJ-G820,BIO INJ-G820,135.0,67.5
KO,NIKE OPTICAL,EMEA,14.0,12.0,8.0,7.0,14.0,23.0,16.0,13.0,18.0,6.0,25.0,12.0,168.0,NIKE 4307,54,SATIN B,FULL RIM,SQUARE,True,UNISEX,OPTICAL,BIO INJ-G820,BIO INJ-G820,135.0,67.5
KO,NIKE OPTICAL,AMER,80.0,91.0,97.0,82.0,99.0,119.0,106.0,143.0,117.0,88.0,94.0,101.0,1217.0,NIKE 4307,54,SATIN W,FULL RIM,SQUARE,True,UNISEX,OPTICAL,BIO INJ-G820,BIO INJ-G820,135.0,67.5
KO,NIKE OPTICAL,EMEA,11.0,7.0,2.0,1.0,6.0,11.0,4.0,4.0,4.0,5.0,8.0,7.0,70.0,NIKE 4307,54,SATIN W,FULL RIM,SQUARE,True,UNISEX,OPTICAL,BIO INJ-G820,BIO INJ-G820,135.0,67.5
KO,NIKE OPTICAL,AMER,118.0,138.0,133.0,157.0,138.0,179.0,181.0,162.0,145.0,139.0,137.0,133.0,1760.0,NIKE 4307,54,SATIN N,FULL RIM,SQUARE,True,UNISEX,OPTICAL,BIO INJ-G820,BIO INJ-G820,135.0,67.5
KO,NIKE OPTICAL,EMEA,16.0,19.0,11.0,7.0,15.0,21.0,14.0,8.0,6.0,13.0,18.0,10.0,158.0,NIKE 4307,54,SATIN N,FULL RIM,SQUARE,True,UNISEX,OPTICAL,BIO INJ-G820,BIO INJ-G820,135.0,67.5
KO,NIKE OPTICAL,AMER,193.0,207.0,239.0,267.0,255.0,293.0,253.0,200.0,248.0,221.0,275.0,252.0,2903.0,NIKE 4307,56,SATIN B,FULL RIM,SQUARE,True,UNISEX,OPTICAL,BIO INJ-G820,BIO INJ-G820,135.0,67.5
KO,NIKE OPTICAL,EMEA,13.0,17.0,10.0,7.0,17.0,22.0,14.0,13.0,14.0,13.0,23.0,9.0,172.0,NIKE 4307,56,SATIN B,FULL RIM,SQUARE,True,UNISEX,OPTICAL,BIO INJ-G820,BIO INJ-G820,135.0,67.5
KO,NIKE OPTICAL,AMER,85.0,94.0,111.0,121.0,110.0,112.0,146.0,109.0,157.0,126.0,104.0,110.0,1385.0,NIKE 4307,56,SATIN W,FULL RIM,SQUARE,True,UNISEX,OPTICAL,BIO INJ-G820,BIO INJ-G820,135.0,67.5
KO,NIKE OPTICAL,EMEA,11.0,3.0,8.0,4.0,8.0,6.0,13.0,2.0,6.0,7.0,3.0,5.0,76.0,NIKE 4307,56,SATIN W,FULL RIM,SQUARE,True,UNISEX,OPTICAL,BIO INJ-G820,BIO INJ-G820,135.0,67.5
KO,NIKE OPTICAL,AMER,92.0,92.0,96.0,101.0,67.0,48.0,82.0,113.0,147.0,97.0,81.0,96.0,1112.0,NIKE 4307,56,SATIN N,FULL RIM,SQUARE,True,UNISEX,OPTICAL,BIO INJ-G820,BIO INJ-G820,135.0,67.5
KO,NIKE OPTICAL,EMEA,13.0,12.0,9.0,6.0,12.0,9.0,12.0,12.0,9.0,10.0,7.0,12.0,123.0,NIKE 4307,56,SATIN N,FULL RIM,SQUARE,True,UNISEX,OPTICAL,BIO INJ-G820,BIO INJ-G820,135.0,67.5
KO,NIKE OPTICAL,AMER,137.0,144.0,157.0,152.0,140.0,193.0,94.0,167.0,151.0,164.0,168.0,150.0,1817.0,NIKE 7116,56,MATTE B,FULL RIM,RECTANGLE,True,MALE,OPTICAL,BIO INJ-G820,BIO INJ-G820,182.0,91.0
KO,NIKE OPTICAL,EMEA,79.0,60.0,60.0,61.0,86.0,80.0,68.0,53.0,49.0,37.0,53.0,24.0,710.0,NIKE 7116,56,MATTE B,FULL RIM,RECTANGLE,True,MALE,OPTICAL,BIO INJ-G820,BIO INJ-G820,182.0,91.0
KO,NIKE OPTICAL,AMER,88.0,81.0,88.0,120.0,94.0,127.0,103.0,110.0,78.0,71.0,77.0,73.0,1110.0,NIKE 7116,56,MATTE G,FULL RIM,RECTANGLE,True,MALE,OPTICAL,BIO INJ-G820,BIO INJ-G820,182.0,91.0
KO,NIKE OPTICAL,EMEA,63.0,72.0,46.0,32.0,38.0,44.0,70.0,47.0,41.0,39.0,28.0,23.0,543.0,NIKE 7116,56,MATTE G,FULL RIM,RECTANGLE,True,MALE,OPTICAL,BIO INJ-G820,BIO INJ-G820,182.0,91.0
KO,NIKE OPTICAL,AMER,277.0,314.0,339.0,261.0,293.0,354.0,182.0,270.0,308.0,298.0,343.0,330.0,3569.0,NIKE 7116,56,MATTE D,FULL RIM,RECTANGLE,True,MALE,OPTICAL,BIO INJ-G820,BIO INJ-G820,182.0,91.0
KO,NIKE OPTICAL,EMEA,68.0,87.0,55.0,20.0,61.0,59.0,67.0,58.0,57.0,44.0,63.0,36.0,675.0,NIKE 7116,56,MATTE D,FULL RIM,RECTANGLE,True,MALE,OPTICAL,BIO INJ-G820,BIO INJ-G820,182.0,91.0
KO,NIKE OPTICAL,AMER,63.0,49.0,53.0,68.0,63.0,62.0,36.0,66.0,59.0,46.0,47.0,53.0,665.0,NIKE 7116,56,MATTE S,FULL RIM,RECTANGLE,True,MALE,OPTICAL,BIO INJ-G820,BIO INJ-G820,182.0,91.0
KO,NIKE OPTICAL,EMEA,44.0,60.0,43.0,30.0,59.0,71.0,47.0,42.0,37.0,22.0,21.0,23.0,499.0,NIKE 7116,56,MATTE S,FULL RIM,RECTANGLE,True,MALE,OPTICAL,BIO INJ-G820,BIO INJ-G820,182.0,91.0
KO,NIKE OPTICAL,AMER,333.0,360.0,407.0,446.0,404.0,455.0,356.0,439.0,257.0,356.0,448.0,366.0,4627.0,NIKE 8045,57,SATIN B,FULL RIM,RECTANGLE,True,MALE,OPTICAL,TITANIUM,TITANIUM,295.0,147.5
KO,NIKE OPTICAL,EMEA,59.0,51.0,38.0,29.0,52.0,51.0,50.0,25.0,30.0,44.0,111.0,33.0,573.0,NIKE 8045,57,SATIN B,FULL RIM,RECTANGLE,True,MALE,OPTICAL,TITANIUM,TITANIUM,295.0,147.5
KO,NIKE OPTICAL,AMER,207.0,215.0,232.0,284.0,287.0,298.0,174.0,206.0,105.0,188.0,191.0,203.0,2590.0,NIKE 8045,57,SATIN B,FULL RIM,RECTANGLE,True,MALE,OPTICAL,TITANIUM,TITANIUM,295.0,147.5
KO,NIKE OPTICAL,EMEA,55.0,58.0,39.0,31.0,44.0,52.0,61.0,50.0,50.0,53.0,48.0,26.0,567.0,NIKE 8045,57,SATIN B,FULL RIM,RECTANGLE,True,MALE,OPTICAL,TITANIUM,TITANIUM,295.0,147.5
KO,NIKE OPTICAL,AMER,123.0,130.0,138.0,117.0,121.0,126.0,167.0,135.0,158.0,66.0,104.0,129.0,1514.0,NIKE 8045,57,BRUSHED,FULL RIM,RECTANGLE,True,MALE,OPTICAL,TITANIUM,TITANIUM,295.0,147.5
KO,NIKE OPTICAL,EMEA,26.0,15.0,10.0,7.0,10.0,15.0,17.0,16.0,7.0,12.0,6.0,9.0,150.0,NIKE 8045,57,BRUSHED,FULL RIM,RECTANGLE,True,MALE,OPTICAL,TITANIUM,TITANIUM,295.0,147.5
KO,NIKE OPTICAL,AMER,171.0,196.0,170.0,139.0,210.0,214.0,137.0,203.0,362.0,207.0,476.0,505.0,2990.0,NIKE 8045,57,BRUSHED,FULL RIM,RECTANGLE,True,MALE,OPTICAL,TITANIUM,TITANIUM,295.0,147.5
KO,NIKE OPTICAL,EMEA,44.0,50.0,30.0,19.0,40.0,57.0,44.0,36.0,37.0,41.0,34.0,12.0,444.0,NIKE 8045,57,BRUSHED,FULL RIM,RECTANGLE,True,MALE,OPTICAL,TITANIUM,TITANIUM,295.0,147.5
KO,NIKE OPTICAL,AMER,111.0,97.0,105.0,98.0,101.0,103.0,180.0,131.0,116.0,79.0,97.0,109.0,1327.0,NIKE 8045,57,BRUSHED,FULL RIM,RECTANGLE,True,MALE,OPTICAL,TITANIUM,TITANIUM,295.0,147.5
KO,NIKE OPTICAL,EMEA,70.0,59.0,49.0,29.0,39.0,64.0,74.0,38.0,46.0,53.0,40.0,28.0,589.0,NIKE 8045,57,BRUSHED,FULL RIM,RECTANGLE,True,MALE,OPTICAL,TITANIUM,TITANIUM,295.0,147.5
KO,NIKE OPTICAL,AMER,2.0,1.0,3.0,2.0,,3.0,3.0,3.0,2.0,1.0,3.0,6.0,29.0,NIKE 6076AF,57,BRUSH,FULL RIM,RECTANGLE,True,MALE,OPTICAL,METAL,METAL,210.0,105.0
KO,NIKE OPTICAL,AMER,,,,,,,,,,,,1.0,1.0,NIKE 6079AF,54,BLACK,FULL RIM,SQUARE,True,MALE,OPTICAL,METAL,METAL,210.0,105.0
KO,NIKE OPTICAL,AMER,3.0,3.0,2.0,,,,,,,1.0,,,9.0,NIKE 7136AF,57,MATTE,FULL RIM,RECTANGLE,True,MALE,OPTICAL,BIO INJ-G820,BIO INJ-G820,182.0,91.0
KO,NIKE OPTICAL,AMER,1.0,2.0,,1.0,1.0,2.0,,1.0,,,1.0,,9.0,NIKE 7137AF,56,BLACK,FULL RIM,SQUARE,True,UNISEX,OPTICAL,BIO INJ-G820,BIO INJ-G820,182.0,91.0
KO,NIKE OPTICAL,AMER,1.0,,,,2.0,1.0,1.0,1.0,,1.0,3.0,3.0,13.0,NIKE 7137AF,56,MATTE,FULL RIM,SQUARE,True,UNISEX,OPTICAL,BIO INJ-G820,BIO INJ-G820,182.0,91.0
KO,NIKE OPTICAL,AMER,,,,1.0,1.0,,,1.0,,,,,3.0,NIKE 7137AF,56,MATTE,FULL RIM,SQUARE,True,UNISEX,OPTICAL,BIO INJ-G820,BIO INJ-G820,182.0,91.0
KO,NIKE OPTICAL,AMER,,2.0,2.0,,1.0,1.0,1.0,,,,3.0,,10.0,NIKE 7137AF,56,MATTE,FULL RIM,SQUARE,True,UNISEX,OPTICAL,BIO INJ-G820,BIO INJ-G820,182.0,91.0
KO,NIKE OPTICAL,AMER,,,,,1.0,,,,,,,1.0,2.0,NIKE 8136AF,59,SATIN,FULL RIM,RECTANGLE,True,MALE,OPTICAL,METAL,METAL,210.0,105.0
KO,NIKE OPTICAL,AMER,,,,,,,,,,,,2.0,2.0,NIKE 7140AF,60,OIL G,FULL RIM,RECTANGLE,True,MALE,OPTICAL,BIO INJ-G820,BIO INJ-G820,182.0,91.0
KO,NIKE OPTICAL,AMER,,6.0,2.0,3.0,,2.0,,4.0,,4.0,,,21.0,NIKE 7140AF,60,MATTE,FULL RIM,RECTANGLE,True,MALE,OPTICAL,BIO INJ-G820,BIO INJ-G820,182.0,91.0
KO,NIKE OPTICAL,AMER,,,,,,,,,,,,1.0,1.0,NIKE 7140AF,60,MATTE,FULL RIM,RECTANGLE,True,MALE,OPTICAL,BIO INJ-G820,BIO INJ-G820,182.0,91.0
KO,NIKE OPTICAL,AMER,101.0,112.0,125.0,152.0,179.0,167.0,164.0,165.0,121.0,125.0,121.0,118.0,1650.0,NIKE 8138,56,SATIN B,FULL RIM,RECTANGLE,True,MALE,OPTICAL,METAL,METAL,295.0,147.5
KO,NIKE OPTICAL,EMEA,61.0,68.0,32.0,31.0,70.0,82.0,60.0,55.0,42.0,43.0,40.0,29.0,613.0,NIKE 8138,56,SATIN B,FULL RIM,RECTANGLE,True,MALE,OPTICAL,METAL,METAL,295.0,147.5
KO,NIKE OPTICAL,AMER,139.0,149.0,144.0,169.0,143.0,170.0,163.0,160.0,160.0,129.0,156.0,136.0,1818.0,NIKE 8138,56,SATIN B,FULL RIM,RECTANGLE,True,MALE,OPTICAL,METAL,METAL,295.0,147.5
KO,NIKE OPTICAL,EMEA,67.0,45.0,42.0,39.0,56.0,51.0,59.0,40.0,28.0,37.0,36.0,21.0,521.0,NIKE 8138,56,SATIN B,FULL RIM,RECTANGLE,True,MALE,OPTICAL,METAL,METAL,295.0,147.5
KO,NIKE OPTICAL,AMER,149.0,178.0,170.0,189.0,247.0,207.0,246.0,230.0,244.0,241.0,231.0,222.0,2554.0,NIKE 8138,56,BRUSHED,FULL RIM,RECTANGLE,True,MALE,OPTICAL,METAL,METAL,295.0,147.5
KO,NIKE OPTICAL,EMEA,53.0,41.0,43.0,19.0,34.0,39.0,40.0,31.0,29.0,29.0,32.0,15.0,405.0,NIKE 8138,56,BRUSHED,FULL RIM,RECTANGLE,True,MALE,OPTICAL,METAL,METAL,295.0,147.5
KO,NIKE OPTICAL,AMER,80.0,68.0,90.0,118.0,114.0,112.0,97.0,96.0,100.0,86.0,87.0,89.0,1137.0,NIKE 8138,56,SATIN N,FULL RIM,RECTANGLE,True,MALE,OPTICAL,METAL,METAL,295.0,147.5
KO,NIKE OPTICAL,EMEA,60.0,59.0,37.0,29.0,58.0,57.0,77.0,68.0,52.0,70.0,65.0,47.0,679.0,NIKE 8138,56,SATIN N,FULL RIM,RECTANGLE,True,MALE,OPTICAL,METAL,METAL,295.0,147.5
KO,NIKE OPTICAL,AMER,8.0,10.0,4.0,5.0,4.0,3.0,8.0,4.0,12.0,10.0,9.0,5.0,82.0,NIKE RX CLIP II SHOW,,,,CLIP,True,UNISEX,SUN,METAL,,45.0,22.5
KO,NIKE OPTICAL,EMEA,21.0,9.0,14.0,4.0,6.0,11.0,8.0,4.0,8.0,8.0,5.0,9.0,107.0,NIKE RX CLIP II SHOW,,,,CLIP,True,UNISEX,SUN,METAL,,45.0,22.5
KO,NIKE OPTICAL,AMER,139.0,169.0,115.0,95.0,145.0,144.0,131.0,175.0,105.0,78.0,88.0,167.0,1551.0,NIKE 5048,49,MATTE B,FULL RIM,RECTANGLE,True,UNISEX,OPTICAL,BIO INJ-G820,BIO INJ-G820,135.0,67.5
KO,NIKE OPTICAL,EMEA,43.0,47.0,47.0,45.0,43.0,117.0,105.0,54.0,23.0,50.0,44.0,44.0,662.0,NIKE 5048,49,MATTE B,FULL RIM,RECTANGLE,True,UNISEX,OPTICAL,BIO INJ-G820,BIO INJ-G820,135.0,67.5
KO,NIKE OPTICAL,AMER,64.0,74.0,72.0,54.0,78.0,79.0,65.0,94.0,74.0,82.0,78.0,91.0,905.0,NIKE 5048,49,MATTE D,FULL RIM,RECTANGLE,True,UNISEX,OPTICAL,BIO INJ-G820,BIO INJ-G820,135.0,67.5
KO,NIKE OPTICAL,EMEA,89.0,75.0,72.0,58.0,57.0,57.0,45.0,107.0,47.0,37.0,29.0,27.0,700.0,NIKE 5048,49,MATTE D,FULL RIM,RECTANGLE,True,UNISEX,OPTICAL,BIO INJ-G820,BIO INJ-G820,135.0,67.5
KO,NIKE OPTICAL,AMER,75.0,109.0,82.0,80.0,97.0,104.0,87.0,97.0,53.0,68.0,89.0,106.0,1047.0,NIKE 5048,49,MATTE M,FULL RIM,RECTANGLE,True,UNISEX,OPTICAL,BIO INJ-G820,BIO INJ-G820,135.0,67.5
KO,NIKE OPTICAL,EMEA,62.0,60.0,58.0,40.0,49.0,84.0,55.0,59.0,23.0,32.0,46.0,31.0,599.0,NIKE 5048,49,MATTE M,FULL RIM,RECTANGLE,True,UNISEX,OPTICAL,BIO INJ-G820,BIO INJ-G820,135.0,67.5
KO,NIKE OPTICAL,AMER,183.0,198.0,202.0,169.0,205.0,200.0,157.0,204.0,196.0,169.0,180.0,181.0,2244.0,NIKE 5048,49,MATTE B,FULL RIM,RECTANGLE,True,UNISEX,OPTICAL,BIO INJ-G820,BIO INJ-G820,135.0,67.5
KO,NIKE OPTICAL,EMEA,235.0,215.0,140.0,114.0,165.0,107.0,110.0,174.0,156.0,155.0,129.0,70.0,1770.0,NIKE 5048,49,MATTE B,FULL RIM,RECTANGLE,True,UNISEX,OPTICAL,BIO INJ-G820,BIO INJ-G820,135.0,67.5
KO,NIKE OPTICAL,AMER,53.0,80.0,66.0,47.0,69.0,68.0,87.0,75.0,74.0,72.0,86.0,83.0,860.0,NIKE 5048,52,MATTE B,FULL RIM,RECTANGLE,True,UNISEX,OPTICAL,BIO INJ-G820,BIO INJ-G820,135.0,67.5
KO,NIKE OPTICAL,EMEA,122.0,100.0,95.0,53.0,72.0,114.0,96.0,57.0,46.0,48.0,47.0,49.0,899.0,NIKE 5048,52,MATTE B,FULL RIM,RECTANGLE,True,UNISEX,OPTICAL,BIO INJ-G820,BIO INJ-G820,135.0,67.5
KO,NIKE OPTICAL,AMER,53.0,46.0,51.0,50.0,60.0,60.0,66.0,66.0,77.0,47.0,55.0,62.0,693.0,NIKE 5048,52,MATTE D,FULL RIM,RECTANGLE,True,UNISEX,OPTICAL,BIO INJ-G820,BIO INJ-G820,135.0,67.5
KO,NIKE OPTICAL,EMEA,96.0,73.0,37.0,35.0,63.0,83.0,110.0,40.0,22.0,56.0,48.0,33.0,696.0,NIKE 5048,52,MATTE D,FULL RIM,RECTANGLE,True,UNISEX,OPTICAL,BIO INJ-G820,BIO INJ-G820,135.0,67.5
KO,NIKE OPTICAL,AMER,36.0,26.0,63.0,24.0,30.0,10.0,23.0,31.0,33.0,19.0,39.0,29.0,363.0,NIKE 5048,52,MATTE M,FULL RIM,RECTANGLE,True,UNISEX,OPTICAL,BIO INJ-G820,BIO INJ-G820,135.0,67.5
KO,NIKE OPTICAL,EMEA,57.0,52.0,41.0,14.0,14.0,19.0,21.0,25.0,26.0,32.0,27.0,19.0,347.0,NIKE 5048,52,MATTE M,FULL RIM,RECTANGLE,True,UNISEX,OPTICAL,BIO INJ-G820,BIO INJ-G820,135.0,67.5
KO,NIKE OPTICAL,AMER,13.0,23.0,25.0,22.0,39.0,43.0,63.0,44.0,44.0,40.0,29.0,41.0,426.0,NIKE 5048,52,MATTE B,FULL RIM,RECTANGLE,True,UNISEX,OPTICAL,BIO INJ-G820,BIO INJ-G820,135.0,67.5
KO,NIKE OPTICAL,EMEA,48.0,46.0,57.0,20.0,64.0,150.0,116.0,41.0,40.0,71.0,48.0,33.0,734.0,NIKE 5048,52,MATTE B,FULL RIM,RECTANGLE,True,UNISEX,OPTICAL,BIO INJ-G820,BIO INJ-G820,135.0,67.5
KO,NIKE OPTICAL,AMER,,,1.0,3.0,8.0,6.0,25.0,21.0,16.0,33.0,18.0,26.0,157.0,NIKE 5093AF,52,DARK,FULL RIM,SQUARE,True,UNISEX,OPTICAL,BIO INJ-G820,BIO INJ-G820,135.0,67.5
KO,NIKE OPTICAL,AMER,132.0,140.0,179.0,202.0,237.0,154.0,129.0,143.0,102.0,117.0,147.0,133.0,1815.0,NIKE 4313,52,SATIN B,FULL RIM,RECTANGLE,True,MALE,OPTICAL,BIO INJ-G820,BIO INJ-G820,159.0,79.5
KO,NIKE OPTICAL,EMEA,17.0,8.0,7.0,20.0,12.0,21.0,7.0,12.0,33.0,26.0,25.0,11.0,199.0,NIKE 4313,52,SATIN B,FULL RIM,RECTANGLE,True,MALE,OPTICAL,BIO INJ-G820,BIO INJ-G820,159.0,79.5
KO,NIKE OPTICAL,AMER,142.0,117.0,120.0,133.0,185.0,121.0,91.0,199.0,155.0,83.0,103.0,146.0,1595.0,NIKE 4313,52,SATIN G,FULL RIM,RECTANGLE,True,MALE,OPTICAL,BIO INJ-G820,BIO INJ-G820,159.0,79.5
KO,NIKE OPTICAL,EMEA,10.0,9.0,4.0,10.0,18.0,8.0,6.0,11.0,15.0,5.0,84.0,5.0,185.0,NIKE 4313,52,SATIN G,FULL RIM,RECTANGLE,True,MALE,OPTICAL,BIO INJ-G820,BIO INJ-G820,159.0,79.5
KO,NIKE OPTICAL,AMER,103.0,66.0,60.0,100.0,124.0,65.0,53.0,118.0,107.0,78.0,46.0,84.0,1004.0,NIKE 4313,52,SATIN N,FULL RIM,RECTANGLE,True,MALE,OPTICAL,BIO INJ-G820,BIO INJ-G820,159.0,79.5
KO,NIKE OPTICAL,EMEA,10.0,10.0,13.0,4.0,9.0,15.0,15.0,11.0,12.0,7.0,13.0,10.0,129.0,NIKE 4313,52,SATIN N,FULL RIM,RECTANGLE,True,MALE,OPTICAL,BIO INJ-G820,BIO INJ-G820,159.0,79.5
KO,NIKE OPTICAL,AMER,70.0,88.0,96.0,90.0,127.0,132.0,62.0,115.0,82.0,72.0,79.0,77.0,1090.0,NIKE 4313,54,SATIN B,FULL RIM,RECTANGLE,True,MALE,OPTICAL,BIO INJ-G820,BIO INJ-G820,159.0,79.5
KO,NIKE OPTICAL,EMEA,11.0,7.0,16.0,4.0,17.0,12.0,27.0,13.0,5.0,1.0,6.0,7.0,126.0,NIKE 4313,54,SATIN B,FULL RIM,RECTANGLE,True,MALE,OPTICAL,BIO INJ-G820,BIO INJ-G820,159.0,79.5
KO,NIKE OPTICAL,AMER,70.0,70.0,86.0,86.0,95.0,108.0,57.0,124.0,64.0,33.0,56.0,128.0,977.0,NIKE 4313,54,SATIN G,FULL RIM,RECTANGLE,True,MALE,OPTICAL,BIO INJ-G820,BIO INJ-G820,159.0,79.5
KO,NIKE OPTICAL,EMEA,10.0,4.0,4.0,3.0,8.0,15.0,12.0,5.0,4.0,3.0,10.0,7.0,85.0,NIKE 4313,54,SATIN G,FULL RIM,RECTANGLE,True,MALE,OPTICAL,BIO INJ-G820,BIO INJ-G820,159.0,79.5
KO,NIKE OPTICAL,AMER,52.0,51.0,67.0,49.0,66.0,109.0,89.0,63.0,88.0,30.0,25.0,34.0,723.0,NIKE 4313,54,SATIN N,FULL RIM,RECTANGLE,True,MALE,OPTICAL,BIO INJ-G820,BIO INJ-G820,159.0,79.5
KO,NIKE OPTICAL,EMEA,3.0,3.0,4.0,7.0,4.0,9.0,5.0,7.0,7.0,1.0,5.0,2.0,57.0,NIKE 4313,54,SATIN N,FULL RIM,RECTANGLE,True,MALE,OPTICAL,BIO INJ-G820,BIO INJ-G820,159.0,79.5
KO,NIKE OPTICAL,AMER,184.0,209.0,227.0,260.0,192.0,193.0,186.0,209.0,189.0,136.0,193.0,268.0,2446.0,NIKE 4314,54,SATIN B,FULL RIM,SQUARE,True,UNISEX,OPTICAL,BIO INJ-G820,BIO INJ-G820,159.0,79.5
KO,NIKE OPTICAL,EMEA,14.0,10.0,13.0,10.0,15.0,11.0,18.0,7.0,15.0,12.0,15.0,11.0,151.0,NIKE 4314,54,SATIN B,FULL RIM,SQUARE,True,UNISEX,OPTICAL,BIO INJ-G820,BIO INJ-G820,159.0,79.5
KO,NIKE OPTICAL,AMER,34.0,36.0,52.0,48.0,78.0,82.0,31.0,43.0,43.0,76.0,95.0,75.0,693.0,NIKE 4314,54,SATIN G,FULL RIM,SQUARE,True,UNISEX,OPTICAL,BIO INJ-G820,BIO INJ-G820,159.0,79.5
KO,NIKE OPTICAL,EMEA,5.0,2.0,7.0,1.0,8.0,3.0,3.0,3.0,4.0,2.0,4.0,5.0,47.0,NIKE 4314,54,SATIN G,FULL RIM,SQUARE,True,UNISEX,OPTICAL,BIO INJ-G820,BIO INJ-G820,159.0,79.5
KO,NIKE OPTICAL,AMER,88.0,92.0,118.0,111.0,168.0,130.0,102.0,98.0,70.0,123.0,80.0,133.0,1313.0,NIKE 4314,54,SATIN W,FULL RIM,SQUARE,True,UNISEX,OPTICAL,BIO INJ-G820,BIO INJ-G820,159.0,79.5
KO,NIKE OPTICAL,EMEA,4.0,6.0,4.0,2.0,2.0,6.0,3.0,3.0,3.0,2.0,2.0,3.0,40.0,NIKE 4314,54,SATIN W,FULL RIM,SQUARE,True,UNISEX,OPTICAL,BIO INJ-G820,BIO INJ-G820,159.0,79.5
KO,NIKE OPTICAL,AMER,28.0,33.0,34.0,40.0,58.0,66.0,57.0,58.0,46.0,27.0,27.0,38.0,512.0,NIKE 4314,54,SATIN N,FULL RIM,SQUARE,True,UNISEX,OPTICAL,BIO INJ-G820,BIO INJ-G820,159.0,79.5
KO,NIKE OPTICAL,EMEA,10.0,6.0,7.0,6.0,2.0,4.0,3.0,3.0,4.0,1.0,1.0,6.0,53.0,NIKE 4314,54,SATIN N,FULL RIM,SQUARE,True,UNISEX,OPTICAL,BIO INJ-G820,BIO INJ-G820,159.0,79.5
KO,NIKE OPTICAL,AMER,69.0,55.0,57.0,79.0,93.0,58.0,156.0,103.0,58.0,50.0,92.0,48.0,918.0,NIKE 4314,56,SATIN B,FULL RIM,SQUARE,True,UNISEX,OPTICAL,BIO INJ-G820,BIO INJ-G820,159.0,79.5
KO,NIKE OPTICAL,EMEA,13.0,13.0,14.0,8.0,11.0,3.0,4.0,6.0,6.0,8.0,7.0,4.0,97.0,NIKE 4314,56,SATIN B,FULL RIM,SQUARE,True,UNISEX,OPTICAL,BIO INJ-G820,BIO INJ-G820,159.0,79.5
KO,NIKE OPTICAL,AMER,71.0,48.0,61.0,59.0,75.0,85.0,84.0,82.0,133.0,93.0,47.0,56.0,894.0,NIKE 4314,56,SATIN G,FULL RIM,SQUARE,True,UNISEX,OPTICAL,BIO INJ-G820,BIO INJ-G820,159.0,79.5
KO,NIKE OPTICAL,EMEA,2.0,2.0,6.0,7.0,4.0,3.0,3.0,4.0,2.0,7.0,2.0,4.0,46.0,NIKE 4314,56,SATIN G,FULL RIM,SQUARE,True,UNISEX,OPTICAL,BIO INJ-G820,BIO INJ-G820,159.0,79.5
KO,NIKE OPTICAL,AMER,30.0,26.0,19.0,30.0,52.0,105.0,75.0,51.0,31.0,5.0,15.0,11.0,450.0,NIKE 4314,56,SATIN W,FULL RIM,SQUARE,True,UNISEX,OPTICAL,BIO INJ-G820,BIO INJ-G820,159.0,79.5
KO,NIKE OPTICAL,EMEA,1.0,1.0,,6.0,2.0,1.0,1.0,3.0,1.0,,,2.0,18.0,NIKE 4314,56,SATIN W,FULL RIM,SQUARE,True,UNISEX,OPTICAL,BIO INJ-G820,BIO INJ-G820,159.0,79.5
KO,NIKE OPTICAL,AMER,48.0,47.0,54.0,59.0,71.0,79.0,56.0,73.0,114.0,58.0,42.0,50.0,751.0,NIKE 4314,56,SATIN N,FULL RIM,SQUARE,True,UNISEX,OPTICAL,BIO INJ-G820,BIO INJ-G820,159.0,79.5
KO,NIKE OPTICAL,EMEA,6.0,4.0,3.0,1.0,2.0,2.0,2.0,1.0,2.0,2.0,6.0,4.0,35.0,NIKE 4314,56,SATIN N,FULL RIM,SQUARE,True,UNISEX,OPTICAL,BIO INJ-G820,BIO INJ-G820,159.0,79.5
KO,NIKE OPTICAL,AMER,384.0,476.0,427.0,242.0,219.0,401.0,469.0,328.0,298.0,212.0,306.0,384.0,4146.0,NIKE 4315,55,SATIN B,FULL RIM,ROUND,True,FEMALE,OPTICAL,BIO INJ-G820,BIO INJ-G820,159.0,79.5
KO,NIKE OPTICAL,EMEA,3.0,7.0,3.0,1.0,2.0,5.0,5.0,2.0,3.0,6.0,7.0,4.0,48.0,NIKE 4315,55,SATIN B,FULL RIM,ROUND,True,FEMALE,OPTICAL,BIO INJ-G820,BIO INJ-G820,159.0,79.5
KO,NIKE OPTICAL,AMER,203.0,296.0,219.0,213.0,59.0,73.0,157.0,182.0,273.0,218.0,160.0,118.0,2171.0,NIKE 4315,55,SATIN B,FULL RIM,ROUND,True,FEMALE,OPTICAL,BIO INJ-G820,BIO INJ-G820,159.0,79.5
KO,NIKE OPTICAL,EMEA,3.0,2.0,2.0,,1.0,,2.0,1.0,1.0,,3.0,1.0,16.0,NIKE 4315,55,SATIN B,FULL RIM,ROUND,True,FEMALE,OPTICAL,BIO INJ-G820,BIO INJ-G820,159.0,79.5
KO,NIKE OPTICAL,AMER,205.0,254.0,213.0,186.0,160.0,171.0,190.0,167.0,148.0,494.0,362.0,360.0,2910.0,NIKE 4315,55,SATIN N,FULL RIM,ROUND,True,FEMALE,OPTICAL,BIO INJ-G820,BIO INJ-G820,159.0,79.5
KO,NIKE OPTICAL,EMEA,7.0,6.0,7.0,6.0,9.0,2.0,9.0,5.0,6.0,3.0,8.0,1.0,69.0,NIKE 4315,55,SATIN N,FULL RIM,ROUND,True,FEMALE,OPTICAL,BIO INJ-G820,BIO INJ-G820,159.0,79.5
KO,NIKE OPTICAL,AMER,,,,,,,,,,,1.0,66.0,67.0,NIKE 4643,48,MATTE B,FULL RIM,RECTANGLE,True,MALE,OPTICAL,BIO INJ-G820,BIO INJ-G820,159.0,79.5
KO,NIKE OPTICAL,EMEA,,,,,,,,9.0,69.0,107.0,110.0,67.0,362.0,NIKE 4643,48,MATTE B,FULL RIM,RECTANGLE,True,MALE,OPTICAL,BIO INJ-G820,BIO INJ-G820,159.0,79.5
KO,NIKE OPTICAL,AMER,,,,,,,,,,,,38.0,38.0,NIKE 4643,48,MATTE V,FULL RIM,RECTANGLE,True,MALE,OPTICAL,BIO INJ-G820,BIO INJ-G820,159.0,79.5
KO,NIKE OPTICAL,EMEA,,,,,,,,26.0,50.0,54.0,31.0,30.0,191.0,NIKE 4643,48,MATTE V,FULL RIM,RECTANGLE,True,MALE,OPTICAL,BIO INJ-G820,BIO INJ-G820,159.0,79.5
KO,NIKE OPTICAL,AMER,,,,,,,,,,,1.0,58.0,59.0,NIKE 4643,48,MATTE M,FULL RIM,RECTANGLE,True,MALE,OPTICAL,BIO INJ-G820,BIO INJ-G820,159.0,79.5
KO,NIKE OPTICAL,EMEA,,,,,,,,44.0,186.0,185.0,160.0,83.0,658.0,NIKE 4643,48,MATTE M,FULL RIM,RECTANGLE,True,MALE,OPTICAL,BIO INJ-G820,BIO INJ-G820,159.0,79.5
KO,NIKE OPTICAL,AMER,,,,,,,,,,,,92.0,92.0,NIKE 4644,48,MATTE B,FULL RIM,SQUARE,True,UNISEX,OPTICAL,BIO INJ-G820,BIO INJ-G820,159.0,79.5
KO,NIKE OPTICAL,EMEA,,,,,,,,8.0,30.0,27.0,26.0,19.0,110.0,NIKE 4644,48,MATTE B,FULL RIM,SQUARE,True,UNISEX,OPTICAL,BIO INJ-G820,BIO INJ-G820,159.0,79.5
KO,NIKE OPTICAL,AMER,,,,,,,,,,,,26.0,26.0,NIKE 4644,48,SATIN G,FULL RIM,SQUARE,True,UNISEX,OPTICAL,BIO INJ-G820,BIO INJ-G820,159.0,79.5
KO,NIKE OPTICAL,EMEA,,,,,,,,2.0,16.0,10.0,9.0,7.0,44.0,NIKE 4644,48,SATIN G,FULL RIM,SQUARE,True,UNISEX,OPTICAL,BIO INJ-G820,BIO INJ-G820,159.0,79.5
KO,NIKE OPTICAL,AMER,,,,,,,,,,,,52.0,52.0,NIKE 4644,48,MATTE M,FULL RIM,SQUARE,True,UNISEX,OPTICAL,BIO INJ-G820,BIO INJ-G820,159.0,79.5
KO,NIKE OPTICAL,EMEA,,,,,,,,16.0,37.0,24.0,19.0,21.0,117.0,NIKE 4644,48,MATTE M,FULL RIM,SQUARE,True,UNISEX,OPTICAL,BIO INJ-G820,BIO INJ-G820,159.0,79.5
KO,NIKE OPTICAL,AMER,,,,,,,,,,,,57.0,57.0,NIKE 4644,50,MATTE B,FULL RIM,SQUARE,True,UNISEX,OPTICAL,BIO INJ-G820,BIO INJ-G820,159.0,79.5
KO,NIKE OPTICAL,EMEA,,,,,,,,16.0,58.0,61.0,46.0,36.0,217.0,NIKE 4644,50,MATTE B,FULL RIM,SQUARE,True,UNISEX,OPTICAL,BIO INJ-G820,BIO INJ-G820,159.0,79.5
KO,NIKE OPTICAL,AMER,,,,,,,,,,,,77.0,77.0,NIKE 4644,50,SATIN G,FULL RIM,SQUARE,True,UNISEX,OPTICAL,BIO INJ-G820,BIO INJ-G820,159.0,79.5
KO,NIKE OPTICAL,EMEA,,,,,,,,7.0,22.0,18.0,18.0,15.0,80.0,NIKE 4644,50,SATIN G,FULL RIM,SQUARE,True,UNISEX,OPTICAL,BIO INJ-G820,BIO INJ-G820,159.0,79.5
KO,NIKE OPTICAL,AMER,,,,,,,,,,1.0,,113.0,114.0,NIKE 4644,50,MATTE M,FULL RIM,SQUARE,True,UNISEX,OPTICAL,BIO INJ-G820,BIO INJ-G820,159.0,79.5
KO,NIKE OPTICAL,EMEA,,,,,,,,7.0,34.0,34.0,24.0,19.0,118.0,NIKE 4644,50,MATTE M,FULL RIM,SQUARE,True,UNISEX,OPTICAL,BIO INJ-G820,BIO INJ-G820,159.0,79.5
KO,NIKE OPTICAL,AMER,30.0,19.0,23.0,20.0,37.0,39.0,34.0,35.0,27.0,27.0,20.0,31.0,342.0,NIKE 5036,47,BLACK/C,FULL RIM,RECTANGLE,True,UNISEX,OPTICAL,BIO INJ-G820,BIO INJ-G820,135.0,67.5
KO,NIKE OPTICAL,EMEA,183.0,168.0,136.0,84.0,140.0,152.0,137.0,99.0,76.0,56.0,79.0,90.0,1400.0,NIKE 5036,47,BLACK/C,FULL RIM,RECTANGLE,True,UNISEX,OPTICAL,BIO INJ-G820,BIO INJ-G820,135.0,67.5
KO,NIKE OPTICAL,AMER,114.0,104.0,128.0,81.0,138.0,160.0,146.0,134.0,127.0,97.0,87.0,104.0,1420.0,NIKE 5036,47,FOOTBAL,FULL RIM,RECTANGLE,True,UNISEX,OPTICAL,BIO INJ-G820,BIO INJ-G820,135.0,67.5
KO,NIKE OPTICAL,EMEA,91.0,101.0,80.0,42.0,66.0,76.0,87.0,79.0,55.0,65.0,43.0,45.0,830.0,NIKE 5036,47,FOOTBAL,FULL RIM,RECTANGLE,True,UNISEX,OPTICAL,BIO INJ-G820,BIO INJ-G820,135.0,67.5
KO,NIKE OPTICAL,AMER,84.0,82.0,62.0,80.0,92.0,73.0,81.0,83.0,98.0,45.0,43.0,51.0,874.0,NIKE 5036,47,DARK GR,FULL RIM,RECTANGLE,True,UNISEX,OPTICAL,BIO INJ-G820,BIO INJ-G820,135.0,67.5
KO,NIKE OPTICAL,EMEA,150.0,106.0,84.0,29.0,80.0,106.0,81.0,61.0,45.0,30.0,47.0,27.0,846.0,NIKE 5036,47,DARK GR,FULL RIM,RECTANGLE,True,UNISEX,OPTICAL,BIO INJ-G820,BIO INJ-G820,135.0,67.5
KO,NIKE OPTICAL,AMER,311.0,298.0,269.0,242.0,233.0,354.0,347.0,305.0,220.0,297.0,260.0,308.0,3444.0,NIKE 5036,47,SOFT PI,FULL RIM,RECTANGLE,True,UNISEX,OPTICAL,BIO INJ-G820,BIO INJ-G820,135.0,67.5
KO,NIKE OPTICAL,EMEA,157.0,151.0,81.0,34.0,94.0,117.0,103.0,105.0,68.0,73.0,57.0,46.0,1086.0,NIKE 5036,47,SOFT PI,FULL RIM,RECTANGLE,True,UNISEX,OPTICAL,BIO INJ-G820,BIO INJ-G820,135.0,67.5
KO,NIKE OPTICAL,AMER,56.0,78.0,52.0,45.0,55.0,78.0,79.0,82.0,68.0,67.0,65.0,63.0,788.0,NIKE 5037,48,MATTE B,FULL RIM,SQUARE,True,UNISEX,OPTICAL,BIO INJ-G820,BIO INJ-G820,135.0,67.5
KO,NIKE OPTICAL,EMEA,241.0,77.0,159.0,78.0,78.0,112.0,120.0,119.0,81.0,77.0,93.0,77.0,1312.0,NIKE 5037,48,MATTE B,FULL RIM,SQUARE,True,UNISEX,OPTICAL,BIO INJ-G820,BIO INJ-G820,135.0,67.5
KO,NIKE OPTICAL,AMER,145.0,171.0,111.0,118.0,123.0,141.0,170.0,115.0,101.0,117.0,76.0,105.0,1493.0,NIKE 5037,48,DARK GR,FULL RIM,SQUARE,True,UNISEX,OPTICAL,BIO INJ-G820,BIO INJ-G820,135.0,67.5
KO,NIKE OPTICAL,EMEA,334.0,303.0,206.0,132.0,194.0,257.0,275.0,202.0,126.0,127.0,120.0,77.0,2353.0,NIKE 5037,48,DARK GR,FULL RIM,SQUARE,True,UNISEX,OPTICAL,BIO INJ-G820,BIO INJ-G820,135.0,67.5
KO,NIKE OPTICAL,AMER,71.0,77.0,82.0,50.0,84.0,86.0,76.0,74.0,91.0,68.0,63.0,77.0,899.0,NIKE 5037,48,MIDNIGH,FULL RIM,SQUARE,True,UNISEX,OPTICAL,BIO INJ-G820,BIO INJ-G820,135.0,67.5
KO,NIKE OPTICAL,EMEA,231.0,192.0,175.0,99.0,107.0,142.0,145.0,136.0,89.0,90.0,83.0,42.0,1531.0,NIKE 5037,48,MIDNIGH,FULL RIM,SQUARE,True,UNISEX,OPTICAL,BIO INJ-G820,BIO INJ-G820,135.0,67.5
KO,NIKE OPTICAL,AMER,184.0,188.0,161.0,140.0,177.0,180.0,209.0,189.0,138.0,138.0,103.0,144.0,1951.0,NIKE 5037,48,CLEAR/C,FULL RIM,SQUARE,True,UNISEX,OPTICAL,BIO INJ-G820,BIO INJ-G820,135.0,67.5
KO,NIKE OPTICAL,EMEA,33.0,51.0,115.0,20.0,40.0,61.0,46.0,51.0,20.0,27.0,44.0,40.0,548.0,NIKE 5037,48,CLEAR/C,FULL RIM,SQUARE,True,UNISEX,OPTICAL,BIO INJ-G820,BIO INJ-G820,135.0,67.5
KO,NIKE OPTICAL,AMER,103.0,225.0,243.0,207.0,268.0,141.0,165.0,173.0,141.0,138.0,140.0,174.0,2118.0,NIKE 5038,50,MATTE B,FULL RIM,ROUND,True,UNISEX,OPTICAL,BIO INJ-G820,BIO INJ-G820,135.0,67.5
KO,NIKE OPTICAL,EMEA,128.0,167.0,125.0,74.0,131.0,149.0,142.0,113.0,125.0,81.0,92.0,64.0,1391.0,NIKE 5038,50,MATTE B,FULL RIM,ROUND,True,UNISEX,OPTICAL,BIO INJ-G820,BIO INJ-G820,135.0,67.5
KO,NIKE OPTICAL,AMER,283.0,301.0,180.0,111.0,120.0,306.0,259.0,98.0,188.0,172.0,210.0,238.0,2466.0,NIKE 5038,50,MATTE B,FULL RIM,ROUND,True,UNISEX,OPTICAL,BIO INJ-G820,BIO INJ-G820,135.0,67.5
KO,NIKE OPTICAL,EMEA,394.0,320.0,343.0,168.0,312.0,369.0,379.0,241.0,166.0,259.0,220.0,169.0,3340.0,NIKE 5038,50,MATTE B,FULL RIM,ROUND,True,UNISEX,OPTICAL,BIO INJ-G820,BIO INJ-G820,135.0,67.5
KO,NIKE OPTICAL,AMER,280.0,251.0,91.0,82.0,89.0,249.0,219.0,217.0,164.0,159.0,131.0,155.0,2087.0,NIKE 5038,50,MATTE D,FULL RIM,ROUND,True,UNISEX,OPTICAL,BIO INJ-G820,BIO INJ-G820,135.0,67.5
KO,NIKE OPTICAL,EMEA,204.0,161.0,130.0,87.0,244.0,134.0,144.0,112.0,79.0,93.0,71.0,51.0,1510.0,NIKE 5038,50,MATTE D,FULL RIM,ROUND,True,UNISEX,OPTICAL,BIO INJ-G820,BIO INJ-G820,135.0,67.5
KO,NIKE OPTICAL,AMER,143.0,412.0,154.0,114.0,107.0,164.0,197.0,234.0,195.0,471.0,490.0,211.0,2892.0,NIKE 5038,50,MATTE N,FULL RIM,ROUND,True,UNISEX,OPTICAL,BIO INJ-G820,BIO INJ-G820,135.0,67.5
KO,NIKE OPTICAL,EMEA,350.0,378.0,288.0,106.0,414.0,361.0,325.0,266.0,274.0,218.0,192.0,150.0,3322.0,NIKE 5038,50,MATTE N,FULL RIM,ROUND,True,UNISEX,OPTICAL,BIO INJ-G820,BIO INJ-G820,135.0,67.5
KO,NIKE OPTICAL,AMER,,,,26.0,1.0,49.0,262.0,251.0,191.0,182.0,150.0,122.0,1234.0,NIKE 5054,49,GREEN G,FULL RIM,RECTANGLE,True,UNISEX,OPTICAL,BIO INJ-G820,BIO INJ-G820,135.0,67.5
KO,NIKE OPTICAL,EMEA,,,,3.0,164.0,204.0,203.0,142.0,200.0,114.0,114.0,89.0,1233.0,NIKE 5054,49,GREEN G,FULL RIM,RECTANGLE,True,UNISEX,OPTICAL,BIO INJ-G820,BIO INJ-G820,135.0,67.5
KO,NIKE OPTICAL,AMER,,,,35.0,3.0,142.0,411.0,363.0,328.0,277.0,205.0,186.0,1950.0,NIKE 5054,49,INDIGO,FULL RIM,RECTANGLE,True,UNISEX,OPTICAL,BIO INJ-G820,BIO INJ-G820,135.0,67.5
KO,NIKE OPTICAL,EMEA,,,,,45.0,65.0,70.0,61.0,33.0,32.0,27.0,10.0,343.0,NIKE 5054,49,INDIGO,FULL RIM,RECTANGLE,True,UNISEX,OPTICAL,BIO INJ-G820,BIO INJ-G820,135.0,67.5
KO,NIKE OPTICAL,AMER,,,,21.0,2.0,79.0,362.0,353.0,188.0,114.0,92.0,139.0,1350.0,NIKE 5054,49,PLUM GR,FULL RIM,RECTANGLE,True,UNISEX,OPTICAL,BIO INJ-G820,BIO INJ-G820,135.0,67.5
KO,NIKE OPTICAL,EMEA,,,,,75.0,126.0,143.0,94.0,149.0,68.0,52.0,43.0,750.0,NIKE 5054,49,PLUM GR,FULL RIM,RECTANGLE,True,UNISEX,OPTICAL,BIO INJ-G820,BIO INJ-G820,135.0,67.5
KO,NIKE OPTICAL,AMER,,,,2.0,1.0,44.0,181.0,189.0,152.0,98.0,90.0,72.0,829.0,NIKE 5055,48,BLACK,FULL RIM,SQUARE,True,UNISEX,OPTICAL,BIO INJ-G820,BIO INJ-G820,135.0,67.5
KO,NIKE OPTICAL,EMEA,,,,1.0,175.0,262.0,282.0,228.0,252.0,191.0,158.0,100.0,1649.0,NIKE 5055,48,BLACK,FULL RIM,SQUARE,True,UNISEX,OPTICAL,BIO INJ-G820,BIO INJ-G820,135.0,67.5
KO,NIKE OPTICAL,AMER,,,,8.0,2.0,70.0,240.0,147.0,80.0,61.0,47.0,97.0,752.0,NIKE 5055,48,STADIUM,FULL RIM,SQUARE,True,UNISEX,OPTICAL,BIO INJ-G820,BIO INJ-G820,135.0,67.5
KO,NIKE OPTICAL,EMEA,,,,1.0,189.0,371.0,368.0,293.0,281.0,182.0,174.0,86.0,1945.0,NIKE 5055,48,STADIUM,FULL RIM,SQUARE,True,UNISEX,OPTICAL,BIO INJ-G820,BIO INJ-G820,135.0,67.5
KO,NIKE OPTICAL,AMER,,,,10.0,3.0,128.0,380.0,189.0,115.0,95.0,102.0,540.0,1562.0,NIKE 5055,48,DENIM G,FULL RIM,SQUARE,True,UNISEX,OPTICAL,BIO INJ-G820,BIO INJ-G820,135.0,67.5
KO,NIKE OPTICAL,EMEA,,,,3.0,185.0,277.0,238.0,346.0,141.0,150.0,122.0,77.0,1539.0,NIKE 5055,48,DENIM G,FULL RIM,SQUARE,True,UNISEX,OPTICAL,BIO INJ-G820,BIO INJ-G820,135.0,67.5
KO,NIKE OPTICAL,AMER,,,,2.0,,30.0,103.0,138.0,73.0,62.0,30.0,40.0,478.0,NIKE 5055,48,OXBLOOD,FULL RIM,SQUARE,True,UNISEX,OPTICAL,BIO INJ-G820,BIO INJ-G820,135.0,67.5
KO,NIKE OPTICAL,EMEA,,,,2.0,87.0,102.0,93.0,58.0,134.0,39.0,35.0,68.0,618.0,NIKE 5055,48,OXBLOOD,FULL RIM,SQUARE,True,UNISEX,OPTICAL,BIO INJ-G820,BIO INJ-G820,135.0,67.5
KO,NIKE OPTICAL,AMER,,,,,1.0,,34.0,35.0,119.0,109.0,107.0,90.0,495.0,NIKE 5056,50,BLACK,FULL RIM,ROUND,True,UNISEX,OPTICAL,BIO INJ-G820,BIO INJ-G820,135.0,67.5
KO,NIKE OPTICAL,EMEA,,,,,,33.0,4.0,35.0,78.0,52.0,43.0,29.0,274.0,NIKE 5056,50,BLACK,FULL RIM,ROUND,True,UNISEX,OPTICAL,BIO INJ-G820,BIO INJ-G820,135.0,67.5
KO,NIKE OPTICAL,AMER,,,,,,1.0,,69.0,436.0,402.0,352.0,282.0,1542.0,NIKE 5056,50,LIGHT S,FULL RIM,ROUND,True,UNISEX,OPTICAL,BIO INJ-G820,BIO INJ-G820,135.0,67.5
KO,NIKE OPTICAL,EMEA,,,,,,,,27.0,82.0,105.0,85.0,54.0,353.0,NIKE 5056,50,LIGHT S,FULL RIM,ROUND,True,UNISEX,OPTICAL,BIO INJ-G820,BIO INJ-G820,135.0,67.5
KO,NIKE OPTICAL,AMER,,,,,1.0,1.0,51.0,56.0,245.0,289.0,213.0,143.0,999.0,NIKE 5056,50,MIDNIGH,FULL RIM,ROUND,True,UNISEX,OPTICAL,BIO INJ-G820,BIO INJ-G820,135.0,67.5
KO,NIKE OPTICAL,EMEA,,,,,,33.0,9.0,53.0,143.0,150.0,112.0,58.0,558.0,NIKE 5056,50,MIDNIGH,FULL RIM,ROUND,True,UNISEX,OPTICAL,BIO INJ-G820,BIO INJ-G820,135.0,67.5
KO,NIKE OPTICAL,AMER,,,,,,,,17.0,119.0,103.0,70.0,54.0,363.0,NIKE 5056,50,BURNT S,FULL RIM,ROUND,True,UNISEX,OPTICAL,BIO INJ-G820,BIO INJ-G820,135.0,67.5
KO,NIKE OPTICAL,EMEA,,,,,,,,8.0,20.0,13.0,11.0,3.0,55.0,NIKE 5056,50,BURNT S,FULL RIM,ROUND,True,UNISEX,OPTICAL,BIO INJ-G820,BIO INJ-G820,135.0,67.5
KO,NIKE OPTICAL,AMER,,,,,1.0,,45.0,55.0,215.0,221.0,135.0,133.0,805.0,NIKE 5057,47,SMOKE/L,FULL RIM,RECTANGLE,True,UNISEX,OPTICAL,BIO INJ-G820,BIO INJ-G820,135.0,67.5
KO,NIKE OPTICAL,EMEA,,,,,,,,14.0,45.0,45.0,29.0,64.0,197.0,NIKE 5057,47,SMOKE/L,FULL RIM,RECTANGLE,True,UNISEX,OPTICAL,BIO INJ-G820,BIO INJ-G820,135.0,67.5
KO,NIKE OPTICAL,AMER,,,,,,,,13.0,55.0,52.0,33.0,31.0,184.0,NIKE 5057,47,DARK TO,FULL RIM,RECTANGLE,True,UNISEX,OPTICAL,BIO INJ-G820,BIO INJ-G820,135.0,67.5
KO,NIKE OPTICAL,EMEA,,,,,,33.0,,10.0,54.0,62.0,62.0,38.0,259.0,NIKE 5057,47,DARK TO,FULL RIM,RECTANGLE,True,UNISEX,OPTICAL,BIO INJ-G820,BIO INJ-G820,135.0,67.5
KO,NIKE OPTICAL,AMER,,,,,1.0,,51.0,49.0,190.0,203.0,131.0,104.0,729.0,NIKE 5057,47,OBSIDIA,FULL RIM,RECTANGLE,True,UNISEX,OPTICAL,BIO INJ-G820,BIO INJ-G820,135.0,67.5
KO,NIKE OPTICAL,EMEA,,,,,,33.0,7.0,83.0,260.0,278.0,246.0,128.0,1035.0,NIKE 5057,47,OBSIDIA,FULL RIM,RECTANGLE,True,UNISEX,OPTICAL,BIO INJ-G820,BIO INJ-G820,135.0,67.5
KO,NIKE OPTICAL,AMER,,,,,1.0,,31.0,21.0,69.0,98.0,53.0,55.0,328.0,NIKE 5057,47,BURGUND,FULL RIM,RECTANGLE,True,UNISEX,OPTICAL,BIO INJ-G820,BIO INJ-G820,135.0,67.5
KO,NIKE OPTICAL,EMEA,,,,,,,1.0,4.0,32.0,13.0,16.0,12.0,78.0,NIKE 5057,47,BURGUND,FULL RIM,RECTANGLE,True,UNISEX,OPTICAL,BIO INJ-G820,BIO INJ-G820,135.0,67.5
KO,NIKE OPTICAL,AMER,,,,,,,,81.0,274.0,251.0,195.0,213.0,1014.0,NIKE 5058,48,BLACK/U,FULL RIM,SQUARE,True,UNISEX,OPTICAL,BIO INJ-G820,BIO INJ-G820,135.0,67.5
KO,NIKE OPTICAL,EMEA,,,,,,,,38.0,131.0,124.0,114.0,51.0,458.0,NIKE 5058,48,BLACK/U,FULL RIM,SQUARE,True,UNISEX,OPTICAL,BIO INJ-G820,BIO INJ-G820,135.0,67.5
KO,NIKE OPTICAL,AMER,,,,,,,,48.0,193.0,212.0,192.0,178.0,823.0,NIKE 5058,48,DARK GR,FULL RIM,SQUARE,True,UNISEX,OPTICAL,BIO INJ-G820,BIO INJ-G820,135.0,67.5
KO,NIKE OPTICAL,EMEA,,,,,,,,13.0,46.0,106.0,132.0,77.0,374.0,NIKE 5058,48,DARK GR,FULL RIM,SQUARE,True,UNISEX,OPTICAL,BIO INJ-G820,BIO INJ-G820,135.0,67.5
KO,NIKE OPTICAL,AMER,,,,,,,,60.0,273.0,275.0,124.0,131.0,863.0,NIKE 5058,48,MIDNIGH,FULL RIM,SQUARE,True,UNISEX,OPTICAL,BIO INJ-G820,BIO INJ-G820,135.0,67.5
KO,NIKE OPTICAL,EMEA,,,,,,,,71.0,226.0,233.0,86.0,82.0,698.0,NIKE 5058,48,MIDNIGH,FULL RIM,SQUARE,True,UNISEX,OPTICAL,BIO INJ-G820,BIO INJ-G820,135.0,67.5
KO,NIKE OPTICAL,AMER,,,,,,,,66.0,312.0,246.0,271.0,179.0,1074.0,NIKE 5058,48,CLEAR/V,FULL RIM,SQUARE,True,UNISEX,OPTICAL,BIO INJ-G820,BIO INJ-G820,135.0,67.5
KO,NIKE OPTICAL,EMEA,,,,,,,,5.0,91.0,183.0,166.0,65.0,510.0,NIKE 5058,48,CLEAR/V,FULL RIM,SQUARE,True,UNISEX,OPTICAL,BIO INJ-G820,BIO INJ-G820,135.0,67.5
KO,NIKE OPTICAL,AMER,,,,,,,1.0,71.0,234.0,164.0,147.0,115.0,732.0,NIKE 5059,46,BLACK/T,FULL RIM,ROUND,True,UNISEX,OPTICAL,BIO INJ-G820,BIO INJ-G820,135.0,67.5
KO,NIKE OPTICAL,EMEA,,,,,,,,4.0,40.0,53.0,44.0,31.0,172.0,NIKE 5059,46,BLACK/T,FULL RIM,ROUND,True,UNISEX,OPTICAL,BIO INJ-G820,BIO INJ-G820,135.0,67.5
KO,NIKE OPTICAL,AMER,,,,,,,1.0,46.0,210.0,174.0,153.0,125.0,709.0,NIKE 5059,46,VINTAGE,FULL RIM,ROUND,True,UNISEX,OPTICAL,BIO INJ-G820,BIO INJ-G820,135.0,67.5
KO,NIKE OPTICAL,EMEA,,,,,,,,18.0,70.0,101.0,58.0,33.0,280.0,NIKE 5059,46,VINTAGE,FULL RIM,ROUND,True,UNISEX,OPTICAL,BIO INJ-G820,BIO INJ-G820,135.0,67.5
KO,NIKE OPTICAL,AMER,,,,,,1.0,1.0,50.0,268.0,187.0,156.0,156.0,819.0,NIKE 5059,46,MIDNIGH,FULL RIM,ROUND,True,UNISEX,OPTICAL,BIO INJ-G820,BIO INJ-G820,135.0,67.5
KO,NIKE OPTICAL,EMEA,,,,,,,,6.0,32.0,55.0,47.0,24.0,164.0,NIKE 5059,46,MIDNIGH,FULL RIM,ROUND,True,UNISEX,OPTICAL,BIO INJ-G820,BIO INJ-G820,135.0,67.5
KO,NIKE OPTICAL,AMER,,,,,,,,64.0,225.0,201.0,157.0,163.0,810.0,NIKE 5059,46,CLEAR/S,FULL RIM,ROUND,True,UNISEX,OPTICAL,BIO INJ-G820,BIO INJ-G820,135.0,67.5
KO,NIKE OPTICAL,EMEA,,,,,,,,12.0,41.0,53.0,31.0,15.0,152.0,NIKE 5059,46,CLEAR/S,FULL RIM,ROUND,True,UNISEX,OPTICAL,BIO INJ-G820,BIO INJ-G820,135.0,67.5
KO,NIKE OPTICAL,AMER,125.0,137.0,135.0,316.0,122.0,351.0,189.0,125.0,119.0,140.0,769.0,480.0,3008.0,NIKE 5544,50,MATTE B,FULL RIM,RECTANGLE,True,MALE,OPTICAL,BIO INJ-G820,BIO INJ-G820,249.0,124.5
KO,NIKE OPTICAL,EMEA,121.0,111.0,95.0,54.0,105.0,117.0,120.0,102.0,73.0,96.0,73.0,52.0,1119.0,NIKE 5544,50,MATTE B,FULL RIM,RECTANGLE,True,MALE,OPTICAL,BIO INJ-G820,BIO INJ-G820,249.0,124.5
KO,NIKE OPTICAL,AMER,100.0,94.0,100.0,75.0,100.0,101.0,113.0,125.0,105.0,104.0,97.0,125.0,1239.0,NIKE 5544,50,MATTE D,FULL RIM,RECTANGLE,True,MALE,OPTICAL,BIO INJ-G820,BIO INJ-G820,249.0,124.5
KO,NIKE OPTICAL,EMEA,151.0,131.0,102.0,58.0,117.0,140.0,220.0,176.0,95.0,106.0,92.0,62.0,1450.0,NIKE 5544,50,MATTE D,FULL RIM,RECTANGLE,True,MALE,OPTICAL,BIO INJ-G820,BIO INJ-G820,249.0,124.5
KO,NIKE OPTICAL,AMER,83.0,110.0,89.0,99.0,147.0,94.0,127.0,72.0,83.0,92.0,93.0,111.0,1200.0,NIKE 5544,50,MYSTIC,FULL RIM,RECTANGLE,True,MALE,OPTICAL,BIO INJ-G820,BIO INJ-G820,249.0,124.5
KO,NIKE OPTICAL,EMEA,170.0,147.0,146.0,96.0,142.0,205.0,185.0,110.0,100.0,140.0,123.0,79.0,1643.0,NIKE 5544,50,MYSTIC,FULL RIM,RECTANGLE,True,MALE,OPTICAL,BIO INJ-G820,BIO INJ-G820,249.0,124.5
KO,NIKE OPTICAL,AMER,154.0,169.0,184.0,183.0,173.0,229.0,157.0,110.0,125.0,83.0,154.0,220.0,1941.0,NIKE 5544,50,CLEAR/M,FULL RIM,RECTANGLE,True,MALE,OPTICAL,BIO INJ-G820,BIO INJ-G820,249.0,124.5
KO,NIKE OPTICAL,EMEA,92.0,105.0,71.0,58.0,88.0,136.0,221.0,195.0,119.0,176.0,145.0,83.0,1489.0,NIKE 5544,50,CLEAR/M,FULL RIM,RECTANGLE,True,MALE,OPTICAL,BIO INJ-G820,BIO INJ-G820,249.0,124.5
KO,NIKE OPTICAL,AMER,205.0,233.0,228.0,242.0,282.0,308.0,272.0,210.0,150.0,177.0,260.0,220.0,2787.0,NIKE 7014,53,MATTE B,FULL RIM,RECTANGLE,True,MALE,OPTICAL,BIO INJ-G820,BIO INJ-G820,185.0,92.5
KO,NIKE OPTICAL,EMEA,98.0,183.0,92.0,51.0,77.0,126.0,107.0,76.0,56.0,39.0,67.0,47.0,1019.0,NIKE 7014,53,MATTE B,FULL RIM,RECTANGLE,True,MALE,OPTICAL,BIO INJ-G820,BIO INJ-G820,185.0,92.5
KO,NIKE OPTICAL,AMER,217.0,225.0,201.0,223.0,263.0,269.0,292.0,262.0,121.0,211.0,228.0,233.0,2745.0,NIKE 7014,53,MATTE D,FULL RIM,RECTANGLE,True,MALE,OPTICAL,BIO INJ-G820,BIO INJ-G820,185.0,92.5
KO,NIKE OPTICAL,EMEA,95.0,172.0,89.0,71.0,75.0,119.0,123.0,78.0,57.0,63.0,56.0,39.0,1037.0,NIKE 7014,53,MATTE D,FULL RIM,RECTANGLE,True,MALE,OPTICAL,BIO INJ-G820,BIO INJ-G820,185.0,92.5
KO,NIKE OPTICAL,AMER,100.0,99.0,123.0,78.0,113.0,116.0,126.0,157.0,146.0,86.0,77.0,105.0,1326.0,NIKE 7014,53,MATTE M,FULL RIM,RECTANGLE,True,MALE,OPTICAL,BIO INJ-G820,BIO INJ-G820,185.0,92.5
KO,NIKE OPTICAL,EMEA,139.0,201.0,138.0,89.0,123.0,142.0,125.0,127.0,148.0,126.0,114.0,62.0,1534.0,NIKE 7014,53,MATTE M,FULL RIM,RECTANGLE,True,MALE,OPTICAL,BIO INJ-G820,BIO INJ-G820,185.0,92.5
KO,NIKE OPTICAL,AMER,133.0,146.0,169.0,209.0,118.0,103.0,164.0,168.0,173.0,137.0,166.0,135.0,1821.0,NIKE 7015,55,MATTE B,FULL RIM,SQUARE,True,UNISEX,OPTICAL,BIO INJ-G820,BIO INJ-G820,185.0,92.5
KO,NIKE OPTICAL,EMEA,81.0,149.0,71.0,29.0,47.0,66.0,66.0,69.0,34.0,43.0,36.0,22.0,713.0,NIKE 7015,55,MATTE B,FULL RIM,SQUARE,True,UNISEX,OPTICAL,BIO INJ-G820,BIO INJ-G820,185.0,92.5
KO,NIKE OPTICAL,AMER,166.0,186.0,178.0,141.0,176.0,134.0,183.0,177.0,175.0,154.0,136.0,138.0,1944.0,NIKE 7015,55,MATTE B,FULL RIM,SQUARE,True,UNISEX,OPTICAL,BIO INJ-G820,BIO INJ-G820,185.0,92.5
KO,NIKE OPTICAL,EMEA,184.0,269.0,121.0,89.0,140.0,140.0,153.0,147.0,129.0,108.0,90.0,52.0,1622.0,NIKE 7015,55,MATTE B,FULL RIM,SQUARE,True,UNISEX,OPTICAL,BIO INJ-G820,BIO INJ-G820,185.0,92.5
KO,NIKE OPTICAL,AMER,128.0,146.0,148.0,109.0,146.0,157.0,155.0,148.0,137.0,103.0,94.0,118.0,1589.0,NIKE 7015,55,MATTE D,FULL RIM,SQUARE,True,UNISEX,OPTICAL,BIO INJ-G820,BIO INJ-G820,185.0,92.5
KO,NIKE OPTICAL,EMEA,290.0,263.0,166.0,111.0,163.0,202.0,161.0,123.0,151.0,141.0,97.0,86.0,1954.0,NIKE 7015,55,MATTE D,FULL RIM,SQUARE,True,UNISEX,OPTICAL,BIO INJ-G820,BIO INJ-G820,185.0,92.5
KO,NIKE OPTICAL,AMER,53.0,85.0,80.0,59.0,64.0,58.0,32.0,41.0,82.0,44.0,70.0,50.0,718.0,NIKE 7015,55,MATTE M,FULL RIM,SQUARE,True,UNISEX,OPTICAL,BIO INJ-G820,BIO INJ-G820,185.0,92.5
KO,NIKE OPTICAL,EMEA,62.0,134.0,69.0,23.0,51.0,80.0,68.0,69.0,36.0,45.0,30.0,31.0,698.0,NIKE 7015,55,MATTE M,FULL RIM,SQUARE,True,UNISEX,OPTICAL,BIO INJ-G820,BIO INJ-G820,185.0,92.5
KO,NIKE OPTICAL,AMER,147.0,182.0,141.0,142.0,104.0,107.0,118.0,124.0,122.0,73.0,129.0,97.0,1486.0,NIKE 7056,53,BLACK,FULL RIM,RECTANGLE,True,MALE,OPTICAL,BIO INJ-G820,BIO INJ-G820,185.0,92.5
KO,NIKE OPTICAL,EMEA,58.0,76.0,67.0,29.0,64.0,56.0,64.0,51.0,36.0,44.0,33.0,14.0,592.0,NIKE 7056,53,BLACK,FULL RIM,RECTANGLE,True,MALE,OPTICAL,BIO INJ-G820,BIO INJ-G820,185.0,92.5
KO,NIKE OPTICAL,AMER,97.0,105.0,56.0,84.0,44.0,83.0,71.0,60.0,58.0,33.0,651.0,46.0,1388.0,NIKE 7056,53,MATTE B,FULL RIM,RECTANGLE,True,MALE,OPTICAL,BIO INJ-G820,BIO INJ-G820,185.0,92.5
KO,NIKE OPTICAL,EMEA,85.0,81.0,92.0,34.0,159.0,56.0,55.0,57.0,41.0,36.0,35.0,20.0,751.0,NIKE 7056,53,MATTE B,FULL RIM,RECTANGLE,True,MALE,OPTICAL,BIO INJ-G820,BIO INJ-G820,185.0,92.5
KO,NIKE OPTICAL,AMER,172.0,199.0,188.0,94.0,87.0,158.0,138.0,108.0,120.0,92.0,110.0,89.0,1555.0,NIKE 7056,53,MATTE D,FULL RIM,RECTANGLE,True,MALE,OPTICAL,BIO INJ-G820,BIO INJ-G820,185.0,92.5
KO,NIKE OPTICAL,EMEA,223.0,264.0,154.0,66.0,153.0,189.0,220.0,169.0,131.0,164.0,120.0,56.0,1909.0,NIKE 7056,53,MATTE D,FULL RIM,RECTANGLE,True,MALE,OPTICAL,BIO INJ-G820,BIO INJ-G820,185.0,92.5
KO,NIKE OPTICAL,AMER,168.0,257.0,217.0,75.0,122.0,120.0,96.0,60.0,122.0,84.0,94.0,85.0,1500.0,NIKE 7056,53,MATTE I,FULL RIM,RECTANGLE,True,MALE,OPTICAL,BIO INJ-G820,BIO INJ-G820,185.0,92.5
KO,NIKE OPTICAL,EMEA,168.0,142.0,176.0,58.0,111.0,98.0,128.0,87.0,75.0,59.0,56.0,36.0,1194.0,NIKE 7056,53,MATTE I,FULL RIM,RECTANGLE,True,MALE,OPTICAL,BIO INJ-G820,BIO INJ-G820,185.0,92.5
KO,NIKE OPTICAL,AMER,220.0,317.0,228.0,247.0,220.0,239.0,237.0,232.0,204.0,209.0,191.0,210.0,2754.0,NIKE 7057,54,BLACK,FULL RIM,SQUARE,True,UNISEX,OPTICAL,BIO INJ-G820,BIO INJ-G820,185.0,92.5
KO,NIKE OPTICAL,EMEA,108.0,88.0,75.0,31.0,78.0,63.0,57.0,57.0,49.0,68.0,44.0,24.0,742.0,NIKE 7057,54,BLACK,FULL RIM,SQUARE,True,UNISEX,OPTICAL,BIO INJ-G820,BIO INJ-G820,185.0,92.5
KO,NIKE OPTICAL,AMER,271.0,313.0,276.0,234.0,109.0,218.0,184.0,138.0,188.0,171.0,195.0,168.0,2465.0,NIKE 7057,54,MATTE W,FULL RIM,SQUARE,True,UNISEX,OPTICAL,BIO INJ-G820,BIO INJ-G820,185.0,92.5
KO,NIKE OPTICAL,EMEA,41.0,41.0,28.0,12.0,29.0,22.0,16.0,26.0,18.0,19.0,20.0,11.0,283.0,NIKE 7057,54,MATTE W,FULL RIM,SQUARE,True,UNISEX,OPTICAL,BIO INJ-G820,BIO INJ-G820,185.0,92.5
KO,NIKE OPTICAL,AMER,323.0,465.0,350.0,141.0,258.0,302.0,276.0,296.0,251.0,204.0,229.0,205.0,3300.0,NIKE 7057,54,MATTE A,FULL RIM,SQUARE,True,UNISEX,OPTICAL,BIO INJ-G820,BIO INJ-G820,185.0,92.5
KO,NIKE OPTICAL,EMEA,344.0,338.0,252.0,135.0,350.0,288.0,275.0,210.0,157.0,170.0,130.0,108.0,2757.0,NIKE 7057,54,MATTE A,FULL RIM,SQUARE,True,UNISEX,OPTICAL,BIO INJ-G820,BIO INJ-G820,185.0,92.5
KO,NIKE OPTICAL,AMER,137.0,179.0,194.0,216.0,116.0,152.0,173.0,132.0,132.0,123.0,134.0,135.0,1823.0,NIKE 7057,54,NAVY,FULL RIM,SQUARE,True,UNISEX,OPTICAL,BIO INJ-G820,BIO INJ-G820,185.0,92.5
KO,NIKE OPTICAL,EMEA,179.0,139.0,91.0,50.0,256.0,98.0,79.0,91.0,58.0,55.0,55.0,57.0,1208.0,NIKE 7057,54,NAVY,FULL RIM,SQUARE,True,UNISEX,OPTICAL,BIO INJ-G820,BIO INJ-G820,185.0,92.5
KO,NIKE OPTICAL,AMER,,,,,,,,,,12.0,73.0,69.0,154.0,NIKE 7059LB,54,BLACK,FULL RIM,RECTANGLE,True,MALE,OPTICAL,BIO INJ-G820,BIO INJ-G820,185.0,92.5
KO,NIKE OPTICAL,AMER,,,,,,,,,,4.0,22.0,31.0,57.0,NIKE 7059LB,54,WOLF,FULL RIM,RECTANGLE,True,MALE,OPTICAL,BIO INJ-G820,BIO INJ-G820,185.0,92.5
KO,NIKE OPTICAL,AMER,,,,,,,,,,5.0,81.0,46.0,132.0,NIKE 7059LB,54,MATTE,FULL RIM,RECTANGLE,True,MALE,OPTICAL,BIO INJ-G820,BIO INJ-G820,185.0,92.5
KO,NIKE OPTICAL,AMER,,,,,,,,,,3.0,31.0,14.0,48.0,NIKE 7059LB,54,MATTE,FULL RIM,RECTANGLE,True,MALE,OPTICAL,BIO INJ-G820,BIO INJ-G820,185.0,92.5
KO,NIKE OPTICAL,AMER,,,,4.0,78.0,30.0,38.0,34.0,55.0,17.0,24.0,34.0,314.0,NIKE 7158,52,BIO BEI,FULL RIM,RECTANGLE,True,MALE,OPTICAL,BIO INJ-G820,BIO INJ-G820,182.0,91.0
KO,NIKE OPTICAL,EMEA,,,,,11.0,14.0,22.0,8.0,7.0,11.0,5.0,1.0,79.0,NIKE 7158,52,BIO BEI,FULL RIM,RECTANGLE,True,MALE,OPTICAL,BIO INJ-G820,BIO INJ-G820,182.0,91.0
KO,NIKE OPTICAL,AMER,,,,24.0,147.0,109.0,78.0,37.0,29.0,38.0,28.0,21.0,511.0,NIKE 7158,52,VINTAGE,FULL RIM,RECTANGLE,True,MALE,OPTICAL,BIO INJ-G820,BIO INJ-G820,182.0,91.0
KO,NIKE OPTICAL,EMEA,,,,,10.0,11.0,13.0,6.0,11.0,4.0,4.0,2.0,61.0,NIKE 7158,52,VINTAGE,FULL RIM,RECTANGLE,True,MALE,OPTICAL,BIO INJ-G820,BIO INJ-G820,182.0,91.0
KO,NIKE OPTICAL,AMER,1.0,1.0,,26.0,201.0,197.0,113.0,104.0,79.0,114.0,106.0,123.0,1065.0,NIKE 7158,52,PLATINU,FULL RIM,RECTANGLE,True,MALE,OPTICAL,BIO INJ-G820,BIO INJ-G820,182.0,91.0
KO,NIKE OPTICAL,EMEA,,,,,11.0,34.0,66.0,39.0,24.0,32.0,25.0,17.0,248.0,NIKE 7158,52,PLATINU,FULL RIM,RECTANGLE,True,MALE,OPTICAL,BIO INJ-G820,BIO INJ-G820,182.0,91.0
KO,NIKE OPTICAL,AMER,418.0,358.0,306.0,352.0,287.0,257.0,319.0,268.0,323.0,230.0,211.0,224.0,3553.0,NIKE 7160,55,BLACK/C,FULL RIM,SQUARE,True,UNISEX,OPTICAL,BIO INJ-G820,BIO INJ-G820,295.0,147.5
KO,NIKE OPTICAL,EMEA,5.0,3.0,1.0,38.0,102.0,92.0,101.0,75.0,81.0,47.0,37.0,24.0,606.0,NIKE 7160,55,BLACK/C,FULL RIM,SQUARE,True,UNISEX,OPTICAL,BIO INJ-G820,BIO INJ-G820,295.0,147.5
KO,NIKE OPTICAL,AMER,194.0,245.0,221.0,210.0,332.0,437.0,450.0,351.0,196.0,139.0,260.0,327.0,3362.0,NIKE 7160,55,CRYSTAL,FULL RIM,SQUARE,True,UNISEX,OPTICAL,BIO INJ-G820,BIO INJ-G820,295.0,147.5
KO,NIKE OPTICAL,EMEA,15.0,10.0,3.0,42.0,286.0,405.0,370.0,319.0,282.0,277.0,245.0,156.0,2410.0,NIKE 7160,55,CRYSTAL,FULL RIM,SQUARE,True,UNISEX,OPTICAL,BIO INJ-G820,BIO INJ-G820,295.0,147.5
KO,NIKE OPTICAL,AMER,118.0,70.0,89.0,82.0,75.0,43.0,54.0,38.0,38.0,23.0,31.0,24.0,685.0,NIKE 7160,55,SOFT TO,FULL RIM,SQUARE,True,UNISEX,OPTICAL,BIO INJ-G820,BIO INJ-G820,295.0,147.5
KO,NIKE OPTICAL,EMEA,3.0,1.0,2.0,2.0,16.0,17.0,27.0,9.0,8.0,8.0,10.0,9.0,112.0,NIKE 7160,55,SOFT TO,FULL RIM,SQUARE,True,UNISEX,OPTICAL,BIO INJ-G820,BIO INJ-G820,295.0,147.5
KO,NIKE OPTICAL,AMER,386.0,269.0,121.0,187.0,181.0,159.0,158.0,183.0,179.0,117.0,111.0,103.0,2154.0,NIKE 7160,55,CRYSTAL,FULL RIM,SQUARE,True,UNISEX,OPTICAL,BIO INJ-G820,BIO INJ-G820,295.0,147.5
KO,NIKE OPTICAL,EMEA,6.0,3.0,,1.0,75.0,200.0,249.0,133.0,121.0,74.0,77.0,43.0,982.0,NIKE 7160,55,CRYSTAL,FULL RIM,SQUARE,True,UNISEX,OPTICAL,BIO INJ-G820,BIO INJ-G820,295.0,147.5
KO,NIKE OPTICAL,AMER,,,,1.0,4.0,19.0,14.0,3.0,5.0,6.0,7.0,2.0,61.0,NIKE 7160LB,56,SOFT,FULL RIM,SQUARE,True,UNISEX,OPTICAL,BIO INJ-G820,BIO INJ-G820,295.0,147.5
KO,NIKE OPTICAL,AMER,144.0,116.0,82.0,121.0,60.0,64.0,49.0,49.0,48.0,36.0,27.0,32.0,828.0,NIKE 7162,50,BLACK,FULL RIM,RECTANGLE,True,MALE,OPTICAL,BIO INJ-G820,BIO INJ-G820,295.0,147.5
KO,NIKE OPTICAL,EMEA,6.0,3.0,,1.0,36.0,44.0,69.0,86.0,80.0,59.0,64.0,29.0,477.0,NIKE 7162,50,BLACK,FULL RIM,RECTANGLE,True,MALE,OPTICAL,BIO INJ-G820,BIO INJ-G820,295.0,147.5
KO,NIKE OPTICAL,AMER,121.0,64.0,47.0,37.0,73.0,79.0,74.0,55.0,47.0,52.0,34.0,32.0,715.0,NIKE 7162,50,CRYSTAL,FULL RIM,RECTANGLE,True,MALE,OPTICAL,BIO INJ-G820,BIO INJ-G820,295.0,147.5
KO,NIKE OPTICAL,EMEA,1.0,,,1.0,33.0,59.0,39.0,25.0,18.0,15.0,7.0,4.0,202.0,NIKE 7162,50,CRYSTAL,FULL RIM,RECTANGLE,True,MALE,OPTICAL,BIO INJ-G820,BIO INJ-G820,295.0,147.5
KO,NIKE OPTICAL,AMER,35.0,36.0,29.0,24.0,32.0,53.0,37.0,35.0,33.0,28.0,24.0,27.0,393.0,NIKE 7162,50,SOFT TO,FULL RIM,RECTANGLE,True,MALE,OPTICAL,BIO INJ-G820,BIO INJ-G820,295.0,147.5
KO,NIKE OPTICAL,EMEA,4.0,3.0,,1.0,21.0,28.0,45.0,17.0,21.0,12.0,10.0,8.0,170.0,NIKE 7162,50,SOFT TO,FULL RIM,RECTANGLE,True,MALE,OPTICAL,BIO INJ-G820,BIO INJ-G820,295.0,147.5
KO,NIKE OPTICAL,AMER,155.0,83.0,79.0,61.0,71.0,93.0,95.0,63.0,58.0,49.0,31.0,35.0,873.0,NIKE 7162,50,MEDITER,FULL RIM,RECTANGLE,True,MALE,OPTICAL,BIO INJ-G820,BIO INJ-G820,295.0,147.5
KO,NIKE OPTICAL,EMEA,13.0,2.0,1.0,2.0,111.0,171.0,133.0,117.0,124.0,65.0,55.0,37.0,831.0,NIKE 7162,50,MEDITER,FULL RIM,RECTANGLE,True,MALE,OPTICAL,BIO INJ-G820,BIO INJ-G820,295.0,147.5
KO,NIKE OPTICAL,AMER,,,,1.0,11.0,46.0,60.0,47.0,24.0,29.0,27.0,12.0,257.0,NIKE 7163LB,55,BLACK,FULL RIM,RECTANGLE,True,MALE,OPTICAL,BIO INJ-G820,BIO INJ-G820,295.0,147.5
KO,NIKE OPTICAL,AMER,,,,1.0,3.0,30.0,21.0,10.0,11.0,12.0,6.0,8.0,102.0,NIKE 7163LB,55,TORTO,FULL RIM,RECTANGLE,True,MALE,OPTICAL,BIO INJ-G820,BIO INJ-G820,295.0,147.5
KO,NIKE OPTICAL,AMER,,,,2.0,15.0,31.0,45.0,28.0,24.0,22.0,13.0,14.0,194.0,NIKE 7163LB,55,CRYST,FULL RIM,RECTANGLE,True,MALE,OPTICAL,BIO INJ-G820,BIO INJ-G820,295.0,147.5
KO,NIKE OPTICAL,AMER,,,,2.0,3.0,11.0,8.0,8.0,2.0,1.0,4.0,2.0,41.0,NIKE 7163LB,55,CRYST,FULL RIM,RECTANGLE,True,MALE,OPTICAL,BIO INJ-G820,BIO INJ-G820,295.0,147.5
KO,NIKE OPTICAL,AMER,,,,2.0,3.0,8.0,27.0,16.0,6.0,7.0,4.0,4.0,77.0,NIKE 7164LB,53,BLACK,FULL RIM,SQUARE,True,UNISEX,OPTICAL,BIO INJ-G820,BIO INJ-G820,295.0,147.5
KO,NIKE OPTICAL,AMER,,,,,3.0,12.0,25.0,9.0,3.0,10.0,5.0,2.0,69.0,NIKE 7164LB,53,SOFT,FULL RIM,SQUARE,True,UNISEX,OPTICAL,BIO INJ-G820,BIO INJ-G820,295.0,147.5
KO,NIKE OPTICAL,AMER,,,,1.0,7.0,13.0,44.0,36.0,16.0,20.0,12.0,13.0,162.0,NIKE 7164LB,53,CRYST,FULL RIM,SQUARE,True,UNISEX,OPTICAL,BIO INJ-G820,BIO INJ-G820,295.0,147.5
KO,NIKE OPTICAL,AMER,,,,,2.0,10.0,14.0,11.0,5.0,9.0,3.0,5.0,59.0,NIKE 7164LB,53,CRYST,FULL RIM,SQUARE,True,UNISEX,OPTICAL,BIO INJ-G820,BIO INJ-G820,295.0,147.5
KO,NIKE OPTICAL,AMER,33.0,51.0,23.0,34.0,20.0,32.0,56.0,41.0,30.0,21.0,33.0,19.0,393.0,NIKE 7165,52,BLACK,FULL RIM,ROUND,True,UNISEX,OPTICAL,BIO INJ-G820,BIO INJ-G820,295.0,147.5
KO,NIKE OPTICAL,EMEA,,,,,8.0,10.0,13.0,5.0,7.0,4.0,1.0,5.0,53.0,NIKE 7165,52,BLACK,FULL RIM,ROUND,True,UNISEX,OPTICAL,BIO INJ-G820,BIO INJ-G820,295.0,147.5
KO,NIKE OPTICAL,AMER,131.0,140.0,100.0,93.0,80.0,86.0,74.0,80.0,82.0,52.0,50.0,50.0,1018.0,NIKE 7165,52,TORTOIS,FULL RIM,ROUND,True,UNISEX,OPTICAL,BIO INJ-G820,BIO INJ-G820,295.0,147.5
KO,NIKE OPTICAL,EMEA,,,,,14.0,31.0,44.0,17.0,18.0,16.0,11.0,10.0,161.0,NIKE 7165,52,TORTOIS,FULL RIM,ROUND,True,UNISEX,OPTICAL,BIO INJ-G820,BIO INJ-G820,295.0,147.5
KO,NIKE OPTICAL,AMER,90.0,93.0,47.0,48.0,34.0,50.0,32.0,24.0,26.0,20.0,18.0,14.0,496.0,NIKE 7165,52,CRYSTAL,FULL RIM,ROUND,True,UNISEX,OPTICAL,BIO INJ-G820,BIO INJ-G820,295.0,147.5
KO,NIKE OPTICAL,EMEA,,,,,24.0,18.0,28.0,17.0,5.0,7.0,5.0,4.0,108.0,NIKE 7165,52,CRYSTAL,FULL RIM,ROUND,True,UNISEX,OPTICAL,BIO INJ-G820,BIO INJ-G820,295.0,147.5
KO,NIKE OPTICAL,AMER,90.0,55.0,54.0,45.0,36.0,32.0,43.0,28.0,39.0,19.0,21.0,15.0,477.0,NIKE 7165,52,CRYSTAL,FULL RIM,ROUND,True,UNISEX,OPTICAL,BIO INJ-G820,BIO INJ-G820,295.0,147.5
KO,NIKE OPTICAL,EMEA,,,,,7.0,21.0,24.0,10.0,5.0,10.0,4.0,4.0,85.0,NIKE 7165,52,CRYSTAL,FULL RIM,ROUND,True,UNISEX,OPTICAL,BIO INJ-G820,BIO INJ-G820,295.0,147.5
KO,NIKE OPTICAL,AMER,,,,,2.0,12.0,9.0,8.0,5.0,6.0,7.0,3.0,52.0,NIKE 7165LB,53,BLACK,FULL RIM,ROUND,True,UNISEX,OPTICAL,BIO INJ-G820,BIO INJ-G820,295.0,147.5
KO,NIKE OPTICAL,AMER,,,,,8.0,36.0,68.0,49.0,31.0,29.0,18.0,13.0,252.0,NIKE 7165LB,53,TORTO,FULL RIM,ROUND,True,UNISEX,OPTICAL,BIO INJ-G820,BIO INJ-G820,295.0,147.5
KO,NIKE OPTICAL,AMER,,,,,5.0,9.0,11.0,11.0,8.0,10.0,3.0,4.0,61.0,NIKE 7165LB,53,CRYST,FULL RIM,ROUND,True,UNISEX,OPTICAL,BIO INJ-G820,BIO INJ-G820,295.0,147.5
KO,NIKE OPTICAL,AMER,,,,,6.0,19.0,28.0,22.0,16.0,13.0,11.0,4.0,119.0,NIKE 7165LB,53,CRYST,FULL RIM,ROUND,True,UNISEX,OPTICAL,BIO INJ-G820,BIO INJ-G820,295.0,147.5
KO,NIKE OPTICAL,AMER,,,,,,15.0,214.0,199.0,194.0,186.0,154.0,125.0,1087.0,NIKE 7170,56,BLACK,FULL RIM,RECTANGLE,True,MALE,OPTICAL,BIO INJ-G820,BIO INJ-G820,182.0,91.0
KO,NIKE OPTICAL,EMEA,,,,,,,,5.0,30.0,16.0,12.0,5.0,68.0,NIKE 7170,56,BLACK,FULL RIM,RECTANGLE,True,MALE,OPTICAL,BIO INJ-G820,BIO INJ-G820,182.0,91.0
KO,NIKE OPTICAL,AMER,,,,,14.0,57.0,790.0,840.0,712.0,174.0,117.0,342.0,3046.0,NIKE 7170,56,FOREST,FULL RIM,RECTANGLE,True,MALE,OPTICAL,BIO INJ-G820,BIO INJ-G820,182.0,91.0
KO,NIKE OPTICAL,EMEA,,,,,,,,29.0,62.0,75.0,69.0,37.0,272.0,NIKE 7170,56,FOREST,FULL RIM,RECTANGLE,True,MALE,OPTICAL,BIO INJ-G820,BIO INJ-G820,182.0,91.0
KO,NIKE OPTICAL,AMER,,,,,9.0,30.0,235.0,224.0,182.0,301.0,258.0,165.0,1404.0,NIKE 7170,56,DENIM,FULL RIM,RECTANGLE,True,MALE,OPTICAL,BIO INJ-G820,BIO INJ-G820,182.0,91.0
KO,NIKE OPTICAL,EMEA,,,,,,,,32.0,108.0,111.0,95.0,49.0,395.0,NIKE 7170,56,DENIM,FULL RIM,RECTANGLE,True,MALE,OPTICAL,BIO INJ-G820,BIO INJ-G820,182.0,91.0
KO,NIKE OPTICAL,AMER,,,,,,12.0,25.0,34.0,37.0,34.0,8.0,11.0,161.0,NIKE 7172,53,BLACK,FULL RIM,SQUARE,True,UNISEX,OPTICAL,BIO INJ-G820,BIO INJ-G820,182.0,91.0
KO,NIKE OPTICAL,EMEA,,,,,,2.0,2.0,2.0,4.0,,2.0,2.0,14.0,NIKE 7172,53,BLACK,FULL RIM,SQUARE,True,UNISEX,OPTICAL,BIO INJ-G820,BIO INJ-G820,182.0,91.0
KO,NIKE OPTICAL,AMER,,,,,5.0,29.0,255.0,166.0,118.0,61.0,77.0,132.0,843.0,NIKE 7172,53,GREY/BL,FULL RIM,SQUARE,True,UNISEX,OPTICAL,BIO INJ-G820,BIO INJ-G820,182.0,91.0
KO,NIKE OPTICAL,EMEA,,,,,,6.0,5.0,11.0,15.0,21.0,16.0,12.0,86.0,NIKE 7172,53,GREY/BL,FULL RIM,SQUARE,True,UNISEX,OPTICAL,BIO INJ-G820,BIO INJ-G820,182.0,91.0
KO,NIKE OPTICAL,AMER,,,,,,7.0,17.0,28.0,25.0,31.0,13.0,8.0,129.0,NIKE 7172,53,DARK TO,FULL RIM,SQUARE,True,UNISEX,OPTICAL,BIO INJ-G820,BIO INJ-G820,182.0,91.0
KO,NIKE OPTICAL,EMEA,,,,,,1.0,1.0,4.0,2.0,1.0,1.0,3.0,13.0,NIKE 7172,53,DARK TO,FULL RIM,SQUARE,True,UNISEX,OPTICAL,BIO INJ-G820,BIO INJ-G820,182.0,91.0
KO,NIKE OPTICAL,AMER,,,,,7.0,29.0,193.0,171.0,129.0,70.0,71.0,82.0,752.0,NIKE 7172,53,DENIM/T,FULL RIM,SQUARE,True,UNISEX,OPTICAL,BIO INJ-G820,BIO INJ-G820,182.0,91.0
KO,NIKE OPTICAL,EMEA,,,,,,4.0,2.0,16.0,22.0,20.0,16.0,12.0,92.0,NIKE 7172,53,DENIM/T,FULL RIM,SQUARE,True,UNISEX,OPTICAL,BIO INJ-G820,BIO INJ-G820,182.0,91.0
KO,NIKE OPTICAL,AMER,,,,4.0,18.0,14.0,23.0,14.0,10.0,17.0,9.0,16.0,125.0,NIKE 7173,51,BLACK,FULL RIM,ROUND,True,FEMALE,OPTICAL,BIO INJ-G820,BIO INJ-G820,182.0,91.0
KO,NIKE OPTICAL,EMEA,,,,,8.0,4.0,1.0,7.0,7.0,,1.0,2.0,30.0,NIKE 7173,51,BLACK,FULL RIM,ROUND,True,FEMALE,OPTICAL,BIO INJ-G820,BIO INJ-G820,182.0,91.0
KO,NIKE OPTICAL,AMER,,,,6.0,32.0,20.0,17.0,18.0,12.0,11.0,13.0,13.0,142.0,NIKE 7173,51,DARK TO,FULL RIM,ROUND,True,FEMALE,OPTICAL,BIO INJ-G820,BIO INJ-G820,182.0,91.0
KO,NIKE OPTICAL,EMEA,,,,,10.0,2.0,3.0,1.0,3.0,1.0,1.0,,21.0,NIKE 7173,51,DARK TO,FULL RIM,ROUND,True,FEMALE,OPTICAL,BIO INJ-G820,BIO INJ-G820,182.0,91.0
KO,NIKE OPTICAL,AMER,,,,12.0,107.0,98.0,63.0,33.0,35.0,38.0,24.0,20.0,430.0,NIKE 7173,51,OLIVE/B,FULL RIM,ROUND,True,FEMALE,OPTICAL,BIO INJ-G820,BIO INJ-G820,182.0,91.0
KO,NIKE OPTICAL,EMEA,,,,,11.0,21.0,27.0,20.0,18.0,14.0,12.0,5.0,128.0,NIKE 7173,51,OLIVE/B,FULL RIM,ROUND,True,FEMALE,OPTICAL,BIO INJ-G820,BIO INJ-G820,182.0,91.0
KO,NIKE OPTICAL,AMER,,,,,26.0,4.0,83.0,48.0,61.0,60.0,33.0,17.0,332.0,NIKE 7176,51,CHARCOA,FULL RIM,RECTANGLE,True,MALE,OPTICAL,BIO INJ-G820,BIO INJ-G820,182.0,91.0
KO,NIKE OPTICAL,EMEA,,,,,,14.0,30.0,17.0,10.0,7.0,33.0,7.0,118.0,NIKE 7176,51,CHARCOA,FULL RIM,RECTANGLE,True,MALE,OPTICAL,BIO INJ-G820,BIO INJ-G820,182.0,91.0
KO,NIKE OPTICAL,AMER,,,,,34.0,10.0,93.0,80.0,75.0,55.0,33.0,42.0,422.0,NIKE 7176,51,MINK/CR,FULL RIM,RECTANGLE,True,MALE,OPTICAL,BIO INJ-G820,BIO INJ-G820,182.0,91.0
KO,NIKE OPTICAL,EMEA,,,,,,3.0,2.0,5.0,13.0,2.0,3.0,1.0,29.0,NIKE 7176,51,MINK/CR,FULL RIM,RECTANGLE,True,MALE,OPTICAL,BIO INJ-G820,BIO INJ-G820,182.0,91.0
KO,NIKE OPTICAL,AMER,,,,,18.0,7.0,92.0,69.0,45.0,46.0,19.0,24.0,320.0,NIKE 7176,51,LILAC B,FULL RIM,RECTANGLE,True,MALE,OPTICAL,BIO INJ-G820,BIO INJ-G820,182.0,91.0
KO,NIKE OPTICAL,EMEA,,,,,,,,7.0,2.0,3.0,1.0,2.0,15.0,NIKE 7176,51,LILAC B,FULL RIM,RECTANGLE,True,MALE,OPTICAL,BIO INJ-G820,BIO INJ-G820,182.0,91.0
KO,NIKE OPTICAL,AMER,,,,,52.0,8.0,123.0,101.0,81.0,110.0,62.0,63.0,600.0,NIKE 7176,51,BLUSH/C,FULL RIM,RECTANGLE,True,MALE,OPTICAL,BIO INJ-G820,BIO INJ-G820,182.0,91.0
KO,NIKE OPTICAL,EMEA,,,,,,13.0,32.0,18.0,12.0,15.0,12.0,4.0,106.0,NIKE 7176,51,BLUSH/C,FULL RIM,RECTANGLE,True,MALE,OPTICAL,BIO INJ-G820,BIO INJ-G820,182.0,91.0
KO,NIKE OPTICAL,AMER,168.0,210.0,225.0,138.0,220.0,262.0,236.0,164.0,200.0,189.0,213.0,219.0,2444.0,NIKE 7287,54,MATTE B,FULL RIM,SQUARE,True,UNISEX,OPTICAL,ACETATE,ACETATE,259.0,129.5
KO,NIKE OPTICAL,EMEA,56.0,57.0,31.0,5.0,31.0,62.0,39.0,38.0,19.0,33.0,33.0,33.0,437.0,NIKE 7287,54,MATTE B,FULL RIM,SQUARE,True,UNISEX,OPTICAL,ACETATE,ACETATE,259.0,129.5
KO,NIKE OPTICAL,AMER,109.0,125.0,133.0,179.0,527.0,130.0,111.0,115.0,134.0,102.0,114.0,107.0,1886.0,NIKE 7287,54,MATTE B,FULL RIM,SQUARE,True,UNISEX,OPTICAL,ACETATE,ACETATE,259.0,129.5
KO,NIKE OPTICAL,EMEA,66.0,58.0,42.0,16.0,31.0,52.0,47.0,51.0,49.0,39.0,29.0,24.0,504.0,NIKE 7287,54,MATTE B,FULL RIM,SQUARE,True,UNISEX,OPTICAL,ACETATE,ACETATE,259.0,129.5
KO,NIKE OPTICAL,AMER,245.0,254.0,229.0,127.0,288.0,360.0,340.0,301.0,237.0,223.0,279.0,292.0,3175.0,NIKE 7287,54,MATTE D,FULL RIM,SQUARE,True,UNISEX,OPTICAL,ACETATE,ACETATE,259.0,129.5
KO,NIKE OPTICAL,EMEA,61.0,63.0,47.0,20.0,54.0,53.0,61.0,42.0,26.0,28.0,34.0,28.0,517.0,NIKE 7287,54,MATTE D,FULL RIM,SQUARE,True,UNISEX,OPTICAL,ACETATE,ACETATE,259.0,129.5
KO,NIKE OPTICAL,AMER,113.0,76.0,125.0,107.0,89.0,118.0,127.0,114.0,180.0,94.0,109.0,106.0,1358.0,NIKE 7287,54,MATTE M,FULL RIM,SQUARE,True,UNISEX,OPTICAL,ACETATE,ACETATE,259.0,129.5
KO,NIKE OPTICAL,EMEA,60.0,72.0,40.0,18.0,32.0,43.0,47.0,42.0,36.0,43.0,27.0,23.0,483.0,NIKE 7287,54,MATTE M,FULL RIM,SQUARE,True,UNISEX,OPTICAL,ACETATE,ACETATE,259.0,129.5
KO,NIKE OPTICAL,AMER,,,,51.0,202.0,289.0,201.0,152.0,151.0,118.0,117.0,98.0,1379.0,NIKE 7402,56,MATTE B,FULL RIM,RECTANGLE,True,MALE,OPTICAL,ACETATE,ACETATE,259.0,129.5
KO,NIKE OPTICAL,EMEA,,,,4.0,49.0,47.0,40.0,56.0,53.0,40.0,36.0,24.0,349.0,NIKE 7402,56,MATTE B,FULL RIM,RECTANGLE,True,MALE,OPTICAL,ACETATE,ACETATE,259.0,129.5
KO,NIKE OPTICAL,AMER,,,,11.0,49.0,44.0,31.0,14.0,27.0,11.0,30.0,11.0,228.0,NIKE 7402,56,MATTE D,FULL RIM,RECTANGLE,True,MALE,OPTICAL,ACETATE,ACETATE,259.0,129.5
KO,NIKE OPTICAL,EMEA,,,,3.0,36.0,46.0,40.0,19.0,18.0,18.0,23.0,10.0,213.0,NIKE 7402,56,MATTE D,FULL RIM,RECTANGLE,True,MALE,OPTICAL,ACETATE,ACETATE,259.0,129.5
KO,NIKE OPTICAL,AMER,,,,15.0,68.0,28.0,19.0,23.0,24.0,26.0,31.0,11.0,245.0,NIKE 7402,56,MATTE M,FULL RIM,RECTANGLE,True,MALE,OPTICAL,ACETATE,ACETATE,259.0,129.5
KO,NIKE OPTICAL,EMEA,,,,4.0,81.0,131.0,122.0,83.0,43.0,56.0,39.0,21.0,580.0,NIKE 7402,56,MATTE M,FULL RIM,RECTANGLE,True,MALE,OPTICAL,ACETATE,ACETATE,259.0,129.5
KO,NIKE OPTICAL,AMER,,,,19.0,111.0,104.0,99.0,55.0,76.0,75.0,79.0,41.0,659.0,NIKE 7402,56,MATTE O,FULL RIM,RECTANGLE,True,MALE,OPTICAL,ACETATE,ACETATE,259.0,129.5
KO,NIKE OPTICAL,EMEA,,,,3.0,105.0,128.0,133.0,97.0,86.0,87.0,69.0,41.0,749.0,NIKE 7402,56,MATTE O,FULL RIM,RECTANGLE,True,MALE,OPTICAL,ACETATE,ACETATE,259.0,129.5
KO,NIKE OPTICAL,AMER,139.0,165.0,155.0,160.0,161.0,206.0,167.0,108.0,181.0,157.0,144.0,155.0,1898.0,NIKE 8054,55,SATIN B,FULL RIM,RECTANGLE,True,MALE,OPTICAL,TITANIUM,TITANIUM,295.0,147.5
KO,NIKE OPTICAL,EMEA,52.0,46.0,40.0,32.0,30.0,42.0,52.0,28.0,38.0,38.0,53.0,20.0,471.0,NIKE 8054,55,SATIN B,FULL RIM,RECTANGLE,True,MALE,OPTICAL,TITANIUM,TITANIUM,295.0,147.5
KO,NIKE OPTICAL,AMER,293.0,271.0,272.0,273.0,356.0,362.0,383.0,320.0,272.0,243.0,282.0,267.0,3594.0,NIKE 8054,55,SATIN G,FULL RIM,RECTANGLE,True,MALE,OPTICAL,TITANIUM,TITANIUM,295.0,147.5
KO,NIKE OPTICAL,EMEA,31.0,23.0,27.0,29.0,43.0,38.0,37.0,31.0,21.0,28.0,31.0,20.0,359.0,NIKE 8054,55,SATIN G,FULL RIM,RECTANGLE,True,MALE,OPTICAL,TITANIUM,TITANIUM,295.0,147.5
KO,NIKE OPTICAL,AMER,76.0,77.0,75.0,60.0,57.0,79.0,74.0,86.0,56.0,50.0,56.0,52.0,798.0,NIKE 8054,55,SATIN G,FULL RIM,RECTANGLE,True,MALE,OPTICAL,TITANIUM,TITANIUM,295.0,147.5
KO,NIKE OPTICAL,EMEA,84.0,114.0,63.0,28.0,49.0,73.0,63.0,58.0,53.0,53.0,51.0,31.0,720.0,NIKE 8054,55,SATIN G,FULL RIM,RECTANGLE,True,MALE,OPTICAL,TITANIUM,TITANIUM,295.0,147.5
KO,NIKE OPTICAL,AMER,407.0,511.0,403.0,296.0,184.0,376.0,384.0,379.0,407.0,630.0,332.0,637.0,4946.0,NIKE 8154,53,SATIN B,FULL RIM,RECTANGLE,True,MALE,OPTICAL,TITANIUM,TITANIUM,295.0,147.5
KO,NIKE OPTICAL,EMEA,127.0,116.0,134.0,69.0,128.0,133.0,136.0,105.0,86.0,97.0,103.0,65.0,1299.0,NIKE 8154,53,SATIN B,FULL RIM,RECTANGLE,True,MALE,OPTICAL,TITANIUM,TITANIUM,295.0,147.5
KO,NIKE OPTICAL,AMER,289.0,325.0,276.0,249.0,136.0,176.0,172.0,166.0,182.0,151.0,149.0,99.0,2370.0,NIKE 8154,53,SATIN G,FULL RIM,RECTANGLE,True,MALE,OPTICAL,TITANIUM,TITANIUM,295.0,147.5
KO,NIKE OPTICAL,EMEA,213.0,210.0,130.0,68.0,125.0,161.0,119.0,102.0,67.0,94.0,82.0,62.0,1433.0,NIKE 8154,53,SATIN G,FULL RIM,RECTANGLE,True,MALE,OPTICAL,TITANIUM,TITANIUM,295.0,147.5
KO,NIKE OPTICAL,AMER,132.0,122.0,136.0,131.0,154.0,166.0,128.0,127.0,108.0,103.0,114.0,100.0,1521.0,NIKE 8154,53,SATIN B,FULL RIM,RECTANGLE,True,MALE,OPTICAL,TITANIUM,TITANIUM,295.0,147.5
KO,NIKE OPTICAL,EMEA,8.0,6.0,2.0,2.0,3.0,4.0,3.0,5.0,6.0,7.0,7.0,8.0,61.0,NIKE 8154,53,SATIN B,FULL RIM,RECTANGLE,True,MALE,OPTICAL,TITANIUM,TITANIUM,295.0,147.5
KO,NIKE OPTICAL,AMER,246.0,306.0,253.0,238.0,309.0,328.0,269.0,198.0,204.0,160.0,219.0,200.0,2930.0,NIKE 8154,53,SATIN N,FULL RIM,RECTANGLE,True,MALE,OPTICAL,TITANIUM,TITANIUM,295.0,147.5
KO,NIKE OPTICAL,EMEA,126.0,158.0,140.0,44.0,89.0,111.0,119.0,85.0,77.0,84.0,76.0,50.0,1159.0,NIKE 8154,53,SATIN N,FULL RIM,RECTANGLE,True,MALE,OPTICAL,TITANIUM,TITANIUM,295.0,147.5
KO,NIKE OPTICAL,AMER,,,,71.0,329.0,263.0,311.0,209.0,171.0,177.0,174.0,194.0,1899.0,NIKE 8156,52,SATIN B,FULL RIM,SQUARE,True,UNISEX,OPTICAL,TITANIUM,TITANIUM,295.0,147.5
KO,NIKE OPTICAL,EMEA,,,,3.0,48.0,71.0,108.0,188.0,73.0,51.0,35.0,36.0,613.0,NIKE 8156,52,SATIN B,FULL RIM,SQUARE,True,UNISEX,OPTICAL,TITANIUM,TITANIUM,295.0,147.5
KO,NIKE OPTICAL,AMER,,,,28.0,199.0,279.0,161.0,76.0,137.0,98.0,111.0,61.0,1150.0,NIKE 8156,52,SATIN B,FULL RIM,SQUARE,True,UNISEX,OPTICAL,TITANIUM,TITANIUM,295.0,147.5
KO,NIKE OPTICAL,EMEA,,,,3.0,121.0,139.0,131.0,94.0,107.0,87.0,81.0,45.0,808.0,NIKE 8156,52,SATIN B,FULL RIM,SQUARE,True,UNISEX,OPTICAL,TITANIUM,TITANIUM,295.0,147.5
KO,NIKE OPTICAL,AMER,,,1.0,21.0,163.0,207.0,240.0,136.0,121.0,135.0,96.0,122.0,1242.0,NIKE 8156,52,SATIN G,FULL RIM,SQUARE,True,UNISEX,OPTICAL,TITANIUM,TITANIUM,295.0,147.5
KO,NIKE OPTICAL,EMEA,,,,3.0,176.0,208.0,204.0,140.0,144.0,110.0,116.0,62.0,1163.0,NIKE 8156,52,SATIN G,FULL RIM,SQUARE,True,UNISEX,OPTICAL,TITANIUM,TITANIUM,295.0,147.5
KO,NIKE OPTICAL,AMER,,,,55.0,451.0,629.0,297.0,125.0,276.0,225.0,166.0,172.0,2396.0,NIKE 8156,52,SATIN G,FULL RIM,SQUARE,True,UNISEX,OPTICAL,TITANIUM,TITANIUM,295.0,147.5
KO,NIKE OPTICAL,EMEA,,,,,112.0,187.0,163.0,111.0,104.0,121.0,102.0,70.0,970.0,NIKE 8156,52,SATIN G,FULL RIM,SQUARE,True,UNISEX,OPTICAL,TITANIUM,TITANIUM,295.0,147.5
KO,NIKE OPTICAL,AMER,6.0,10.0,2.0,2.0,8.0,6.0,7.0,11.0,8.0,10.0,3.0,4.0,77.0,NIKE RX CLIP III VIC,,,,CLIP,True,UNISEX,SUN,METAL,,45.0,22.5
KO,NIKE OPTICAL,EMEA,12.0,10.0,7.0,1.0,10.0,14.0,7.0,2.0,9.0,7.0,3.0,4.0,86.0,NIKE RX CLIP III VIC,,,,CLIP,True,UNISEX,SUN,METAL,,45.0,22.5
KO,NIKE OPTICAL,AMER,7.0,13.0,5.0,4.0,2.0,1.0,2.0,3.0,7.0,4.0,25.0,3.0,76.0,NIKE RX CLIP IV SHOW,,,,CLIP,True,UNISEX,SUN,METAL,,45.0,22.5
KO,NIKE OPTICAL,EMEA,17.0,9.0,14.0,2.0,8.0,13.0,8.0,3.0,11.0,2.0,3.0,3.0,93.0,NIKE RX CLIP IV SHOW,,,,CLIP,True,UNISEX,SUN,METAL,,45.0,22.5
KP,CALVIN KLEIN OPTICAL,AMER,1.0,1.0,,,,,,,,,1.0,,3.0,CK5419A,54,GREY,FULL RIM,RECTANGLE,True,MALE,OPTICAL,METAL,METAL,180.0,90.0
KP,CALVIN KLEIN OPTICAL,AMER,,,1.0,,,,,,,,1.0,,2.0,CK5419A,54,MATT BLAC,FULL RIM,RECTANGLE,True,MALE,OPTICAL,METAL,METAL,180.0,90.0
KP,CALVIN KLEIN OPTICAL,AMER,1.0,,,,1.0,,,,,,,,2.0,CK19119,49,BLACK,FULL RIM,SQUARE,True,FEMALE,OPTICAL,ACETATE,ACETATE,223.0,111.5
KP,CALVIN KLEIN OPTICAL,EMEA,132.0,105.0,64.0,42.0,101.0,96.0,106.0,77.0,80.0,47.0,124.0,28.0,1002.0,CK19119,49,BLACK,FULL RIM,SQUARE,True,FEMALE,OPTICAL,ACETATE,ACETATE,223.0,111.5
KP,CALVIN KLEIN OPTICAL,EMEA,,,,,,,,8.0,27.0,47.0,39.0,23.0,144.0,CK19119,49,GREY HAVA,FULL RIM,SQUARE,True,FEMALE,OPTICAL,ACETATE,ACETATE,223.0,111.5
KP,CALVIN KLEIN OPTICAL,EMEA,112.0,94.0,130.0,48.0,166.0,115.0,116.0,107.0,119.0,67.0,95.0,54.0,1223.0,CK19119,49,SILVER,FULL RIM,SQUARE,True,FEMALE,OPTICAL,ACETATE,ACETATE,223.0,111.5
KP,CALVIN KLEIN OPTICAL,EMEA,,,,,,,1.0,3.0,27.0,28.0,10.0,6.0,75.0,CK19119,49,BLONDE HA,FULL RIM,SQUARE,True,FEMALE,OPTICAL,ACETATE,ACETATE,223.0,111.5
KP,CALVIN KLEIN OPTICAL,EMEA,,,,,,1.0,2.0,8.0,49.0,102.0,75.0,36.0,273.0,CK19119,49,DARK HAVA,FULL RIM,SQUARE,True,FEMALE,OPTICAL,ACETATE,ACETATE,223.0,111.5
KP,CALVIN KLEIN OPTICAL,EMEA,184.0,161.0,100.0,68.0,146.0,139.0,155.0,102.0,98.0,96.0,60.0,82.0,1391.0,CK19119,49,GOLD,FULL RIM,SQUARE,True,FEMALE,OPTICAL,ACETATE,ACETATE,223.0,111.5
KP,CALVIN KLEIN OPTICAL,EMEA,159.0,101.0,85.0,41.0,100.0,106.0,91.0,75.0,70.0,49.0,56.0,53.0,986.0,CK19119,49,ROSE GOLD,FULL RIM,SQUARE,True,FEMALE,OPTICAL,ACETATE,ACETATE,223.0,111.5
KP,CALVIN KLEIN OPTICAL,EMEA,262.0,203.0,156.0,88.0,160.0,233.0,186.0,161.0,127.0,150.0,116.0,111.0,1953.0,CK19119,49,AMBER GOL,FULL RIM,SQUARE,True,FEMALE,OPTICAL,ACETATE,ACETATE,223.0,111.5
KP,CALVIN KLEIN OPTICAL,EMEA,,,,,,,12.0,7.0,33.0,33.0,21.0,18.0,124.0,CK19119,51,BLACK,FULL RIM,SQUARE,True,FEMALE,OPTICAL,ACETATE,ACETATE,223.0,111.5
KP,CALVIN KLEIN OPTICAL,EMEA,,,,,,,1.0,2.0,53.0,50.0,30.0,20.0,156.0,CK19119,51,GREY HAVA,FULL RIM,SQUARE,True,FEMALE,OPTICAL,ACETATE,ACETATE,223.0,111.5
KP,CALVIN KLEIN OPTICAL,EMEA,,,,,,,1.0,6.0,25.0,27.0,23.0,13.0,95.0,CK19119,51,SILVER,FULL RIM,SQUARE,True,FEMALE,OPTICAL,ACETATE,ACETATE,223.0,111.5
KP,CALVIN KLEIN OPTICAL,EMEA,,,,,,,2.0,1.0,34.0,32.0,23.0,12.0,104.0,CK19119,51,BLONDE HA,FULL RIM,SQUARE,True,FEMALE,OPTICAL,ACETATE,ACETATE,223.0,111.5
KP,CALVIN KLEIN OPTICAL,EMEA,,,,,,,3.0,4.0,64.0,52.0,42.0,23.0,188.0,CK19119,51,DARK HAVA,FULL RIM,SQUARE,True,FEMALE,OPTICAL,ACETATE,ACETATE,223.0,111.5
KP,CALVIN KLEIN OPTICAL,EMEA,,,,,,2.0,11.0,10.0,38.0,27.0,19.0,19.0,126.0,CK19119,51,GOLD,FULL RIM,SQUARE,True,FEMALE,OPTICAL,ACETATE,ACETATE,223.0,111.5
KP,CALVIN KLEIN OPTICAL,EMEA,,,,,,2.0,,8.0,21.0,21.0,12.0,13.0,77.0,CK19119,51,ROSE GOLD,FULL RIM,SQUARE,True,FEMALE,OPTICAL,ACETATE,ACETATE,223.0,111.5
KP,CALVIN KLEIN OPTICAL,EMEA,,,,,,,1.0,7.0,20.0,17.0,16.0,12.0,73.0,CK19119,51,AMBER GOL,FULL RIM,SQUARE,True,FEMALE,OPTICAL,ACETATE,ACETATE,223.0,111.5
KP,CALVIN KLEIN OPTICAL,AMER,160.0,187.0,150.0,78.0,52.0,78.0,97.0,134.0,148.0,132.0,99.0,151.0,1466.0,CK19569,55,SMOKE,FULL RIM,ROUND,True,UNISEX,OPTICAL,ACETATE,ACETATE,295.0,147.5
KP,CALVIN KLEIN OPTICAL,EMEA,48.0,47.0,53.0,22.0,41.0,44.0,46.0,30.0,38.0,40.0,31.0,18.0,458.0,CK19569,55,SMOKE,FULL RIM,ROUND,True,UNISEX,OPTICAL,ACETATE,ACETATE,295.0,147.5
KP,CALVIN KLEIN OPTICAL,AMER,36.0,39.0,22.0,27.0,45.0,64.0,75.0,72.0,84.0,46.0,53.0,37.0,600.0,CK19569,55,BLUE,FULL RIM,ROUND,True,UNISEX,OPTICAL,ACETATE,ACETATE,295.0,147.5
KP,CALVIN KLEIN OPTICAL,AMER,15.0,29.0,13.0,13.0,18.0,33.0,37.0,42.0,40.0,22.0,21.0,11.0,294.0,CK19569,55,MATTE BUR,FULL RIM,ROUND,True,UNISEX,OPTICAL,ACETATE,ACETATE,295.0,147.5
KP,CALVIN KLEIN OPTICAL,AMER,31.0,36.0,36.0,48.0,14.0,11.0,11.0,22.0,33.0,20.0,40.0,40.0,342.0,CK19573,54,CRYSTAL B,FULL RIM,RECTANGLE,True,MALE,OPTICAL,ACETATE,ACETATE,180.0,90.0
KP,CALVIN KLEIN OPTICAL,EMEA,44.0,38.0,43.0,14.0,47.0,62.0,43.0,40.0,31.0,32.0,37.0,19.0,450.0,CK19573,54,CRYSTAL B,FULL RIM,RECTANGLE,True,MALE,OPTICAL,ACETATE,ACETATE,180.0,90.0
KP,CALVIN KLEIN OPTICAL,AMER,140.0,99.0,92.0,121.0,106.0,129.0,125.0,127.0,161.0,111.0,129.0,102.0,1442.0,CK19573,54,BLUE GREY,FULL RIM,RECTANGLE,True,MALE,OPTICAL,ACETATE,ACETATE,180.0,90.0
KP,CALVIN KLEIN OPTICAL,AMER,147.0,120.0,92.0,117.0,129.0,172.0,160.0,179.0,285.0,145.0,141.0,162.0,1849.0,CK19573,54,SHINY CRY,FULL RIM,RECTANGLE,True,MALE,OPTICAL,ACETATE,ACETATE,180.0,90.0
KP,CALVIN KLEIN OPTICAL,AMER,46.0,37.0,40.0,26.0,25.0,44.0,25.0,25.0,14.0,26.0,24.0,24.0,356.0,CK20527,49,BLACK,FULL RIM,SQUARE,True,FEMALE,OPTICAL,ACETATE,ACETATE,158.0,79.0
KP,CALVIN KLEIN OPTICAL,EMEA,78.0,73.0,32.0,25.0,51.0,42.0,32.0,35.0,26.0,26.0,26.0,25.0,471.0,CK20527,49,BLACK,FULL RIM,SQUARE,True,FEMALE,OPTICAL,ACETATE,ACETATE,158.0,79.0
KP,CALVIN KLEIN OPTICAL,AMER,115.0,153.0,119.0,136.0,130.0,130.0,85.0,141.0,92.0,111.0,118.0,92.0,1422.0,CK20527,49,CRYSTAL B,FULL RIM,SQUARE,True,FEMALE,OPTICAL,ACETATE,ACETATE,158.0,79.0
KP,CALVIN KLEIN OPTICAL,EMEA,135.0,116.0,104.0,26.0,165.0,159.0,122.0,125.0,109.0,89.0,72.0,67.0,1289.0,CK20527,49,CRYSTAL B,FULL RIM,SQUARE,True,FEMALE,OPTICAL,ACETATE,ACETATE,158.0,79.0
KP,CALVIN KLEIN OPTICAL,AMER,18.0,32.0,25.0,30.0,23.0,24.0,13.0,19.0,13.0,22.0,21.0,28.0,268.0,CK20527,49,CRYSTAL B,FULL RIM,SQUARE,True,FEMALE,OPTICAL,ACETATE,ACETATE,158.0,79.0
KP,CALVIN KLEIN OPTICAL,EMEA,28.0,21.0,19.0,6.0,32.0,19.0,13.0,14.0,19.0,7.0,13.0,10.0,201.0,CK20527,49,CRYSTAL B,FULL RIM,SQUARE,True,FEMALE,OPTICAL,ACETATE,ACETATE,158.0,79.0
KP,CALVIN KLEIN OPTICAL,AMER,139.0,138.0,153.0,170.0,196.0,127.0,92.0,86.0,60.0,99.0,132.0,148.0,1540.0,CK20527,49,CRYSTAL C,FULL RIM,SQUARE,True,FEMALE,OPTICAL,ACETATE,ACETATE,158.0,79.0
KP,CALVIN KLEIN OPTICAL,EMEA,218.0,167.0,121.0,75.0,161.0,160.0,114.0,150.0,122.0,118.0,131.0,91.0,1628.0,CK20527,49,CRYSTAL C,FULL RIM,SQUARE,True,FEMALE,OPTICAL,ACETATE,ACETATE,158.0,79.0
KP,CALVIN KLEIN OPTICAL,AMER,,,,,,,,,,,,1.0,1.0,CK20531,54,MATTE BLA,FULL RIM,RECTANGLE,True,MALE,OPTICAL,ACETATE,ACETATE,126.0,63.0
KP,CALVIN KLEIN OPTICAL,AMER,,,,,,,,,1.0,8.0,75.0,65.0,149.0,CK20551A,53,BLACK,FULL RIM,SQUARE,True,UNISEX,OPTICAL,ACETATE,ACETATE,240.0,120.0
KP,CALVIN KLEIN OPTICAL,AMER,,,,,,,,2.0,37.0,38.0,9.0,13.0,99.0,CK20551A,53,CHARCOAL,FULL RIM,SQUARE,True,UNISEX,OPTICAL,ACETATE,ACETATE,240.0,120.0
KP,CALVIN KLEIN OPTICAL,AMER,,,,,,,,,,8.0,82.0,56.0,146.0,CK20551A,53,DARK TOR,FULL RIM,SQUARE,True,UNISEX,OPTICAL,ACETATE,ACETATE,240.0,120.0
KP,CALVIN KLEIN OPTICAL,AMER,,,,,,,,,,,16.0,14.0,30.0,CK20551A,53,HONEY TO,FULL RIM,SQUARE,True,UNISEX,OPTICAL,ACETATE,ACETATE,240.0,120.0
KP,CALVIN KLEIN OPTICAL,AMER,,,,,,,,,,,26.0,59.0,85.0,CK20551A,53,MILKY GR,FULL RIM,SQUARE,True,UNISEX,OPTICAL,ACETATE,ACETATE,240.0,120.0
KP,CALVIN KLEIN OPTICAL,AMER,,,,,,,,,32.0,64.0,111.0,32.0,239.0,CK20552A,55,DARK TOR,FULL RIM,ROUND,True,FEMALE,OPTICAL,ACETATE,ACETATE,240.0,120.0
KP,CALVIN KLEIN OPTICAL,AMER,,,,,,,,,7.0,18.0,23.0,24.0,72.0,CK20552A,55,HONEY TO,FULL RIM,ROUND,True,FEMALE,OPTICAL,ACETATE,ACETATE,240.0,120.0
KP,CALVIN KLEIN OPTICAL,AMER,,,,,,,,,29.0,28.0,36.0,23.0,116.0,CK20552A,55,MILKY BL,FULL RIM,ROUND,True,FEMALE,OPTICAL,ACETATE,ACETATE,240.0,120.0
KP,CALVIN KLEIN OPTICAL,AMER,,,,,,,6.0,,16.0,28.0,65.0,59.0,174.0,CK21511A,56,GREY,FULL RIM,RECTANGLE,True,MALE,OPTICAL,METAL,METAL,210.0,105.0
KP,CALVIN KLEIN OPTICAL,AMER,61.0,63.0,58.0,84.0,67.0,47.0,28.0,46.0,52.0,50.0,45.0,49.0,650.0,CK21524,55,BLACK,FULL RIM,SQUARE,True,FEMALE,OPTICAL,METAL,METAL,200.0,100.0
KP,CALVIN KLEIN OPTICAL,EMEA,32.0,42.0,23.0,15.0,24.0,36.0,17.0,18.0,27.0,43.0,20.0,11.0,308.0,CK21524,55,BLACK,FULL RIM,SQUARE,True,FEMALE,OPTICAL,METAL,METAL,200.0,100.0
KP,CALVIN KLEIN OPTICAL,AMER,267.0,268.0,209.0,77.0,124.0,142.0,127.0,128.0,277.0,250.0,308.0,260.0,2437.0,CK21524,55,SAND,FULL RIM,SQUARE,True,FEMALE,OPTICAL,METAL,METAL,200.0,100.0
KP,CALVIN KLEIN OPTICAL,EMEA,78.0,65.0,45.0,32.0,39.0,54.0,50.0,58.0,43.0,52.0,44.0,22.0,582.0,CK21524,55,SAND,FULL RIM,SQUARE,True,FEMALE,OPTICAL,METAL,METAL,200.0,100.0
KP,CALVIN KLEIN OPTICAL,AMER,19.0,14.0,36.0,29.0,32.0,36.0,38.0,45.0,34.0,24.0,21.0,31.0,359.0,CK21524,55,BROWN HAV,FULL RIM,SQUARE,True,FEMALE,OPTICAL,METAL,METAL,200.0,100.0
KP,CALVIN KLEIN OPTICAL,EMEA,9.0,8.0,3.0,3.0,7.0,5.0,6.0,8.0,7.0,3.0,6.0,5.0,70.0,CK21524,55,BROWN HAV,FULL RIM,SQUARE,True,FEMALE,OPTICAL,METAL,METAL,200.0,100.0
KP,CALVIN KLEIN OPTICAL,AMER,165.0,160.0,213.0,72.0,75.0,219.0,226.0,184.0,195.0,157.0,165.0,163.0,1994.0,CK21524,55,BLUE,FULL RIM,SQUARE,True,FEMALE,OPTICAL,METAL,METAL,200.0,100.0
KP,CALVIN KLEIN OPTICAL,EMEA,108.0,38.0,29.0,11.0,53.0,55.0,65.0,45.0,55.0,63.0,32.0,24.0,578.0,CK21524,55,BLUE,FULL RIM,SQUARE,True,FEMALE,OPTICAL,METAL,METAL,200.0,100.0
KP,CALVIN KLEIN OPTICAL,AMER,38.0,39.0,47.0,66.0,70.0,44.0,17.0,28.0,53.0,27.0,39.0,30.0,498.0,CK21524,55,BURGUNDY,FULL RIM,SQUARE,True,FEMALE,OPTICAL,METAL,METAL,200.0,100.0
KP,CALVIN KLEIN OPTICAL,EMEA,98.0,52.0,30.0,21.0,51.0,45.0,39.0,33.0,26.0,42.0,25.0,19.0,481.0,CK21524,55,BURGUNDY,FULL RIM,SQUARE,True,FEMALE,OPTICAL,METAL,METAL,200.0,100.0
KP,CALVIN KLEIN OPTICAL,AMER,,,,,,,1.0,,,,1.0,22.0,24.0,CK22130LB,53,LIGHT G,FULL RIM,RECTANGLE,True,MALE,OPTICAL,TITANIUM,TITANIUM,325.0,162.5
KP,CALVIN KLEIN OPTICAL,AMER,,,,,,,2.0,,5.0,18.0,18.0,22.0,65.0,CK22130LB,53,ANTIQUE,FULL RIM,RECTANGLE,True,MALE,OPTICAL,TITANIUM,TITANIUM,325.0,162.5
KP,CALVIN KLEIN OPTICAL,AMER,36.0,65.0,45.0,44.0,69.0,80.0,101.0,59.0,27.0,51.0,54.0,50.0,681.0,CK22508,55,BLACK,FULL RIM,RECTANGLE,True,MALE,OPTICAL,ACETATE,ACETATE,199.95,99.98
KP,CALVIN KLEIN OPTICAL,EMEA,42.0,35.0,33.0,19.0,34.0,48.0,42.0,35.0,19.0,25.0,18.0,11.0,361.0,CK22508,55,BLACK,FULL RIM,RECTANGLE,True,MALE,OPTICAL,ACETATE,ACETATE,199.95,99.98
KP,CALVIN KLEIN OPTICAL,AMER,119.0,114.0,132.0,146.0,94.0,225.0,204.0,125.0,178.0,158.0,154.0,138.0,1787.0,CK22508,55,MATTE BLA,FULL RIM,RECTANGLE,True,MALE,OPTICAL,ACETATE,ACETATE,199.95,99.98
KP,CALVIN KLEIN OPTICAL,EMEA,134.0,120.0,99.0,92.0,108.0,96.0,143.0,127.0,95.0,111.0,72.0,97.0,1294.0,CK22508,55,MATTE BLA,FULL RIM,RECTANGLE,True,MALE,OPTICAL,ACETATE,ACETATE,199.95,99.98
KP,CALVIN KLEIN OPTICAL,AMER,264.0,241.0,235.0,108.0,125.0,169.0,171.0,255.0,289.0,241.0,194.0,269.0,2561.0,CK22508,55,CRYSTAL S,FULL RIM,RECTANGLE,True,MALE,OPTICAL,ACETATE,ACETATE,199.95,99.98
KP,CALVIN KLEIN OPTICAL,EMEA,127.0,84.0,45.0,19.0,34.0,62.0,75.0,101.0,62.0,66.0,72.0,51.0,798.0,CK22508,55,CRYSTAL S,FULL RIM,RECTANGLE,True,MALE,OPTICAL,ACETATE,ACETATE,199.95,99.98
KP,CALVIN KLEIN OPTICAL,AMER,74.0,90.0,77.0,112.0,90.0,118.0,88.0,90.0,89.0,79.0,78.0,97.0,1082.0,CK22508,55,PETROL,FULL RIM,RECTANGLE,True,MALE,OPTICAL,ACETATE,ACETATE,199.95,99.98
KP,CALVIN KLEIN OPTICAL,EMEA,99.0,102.0,79.0,44.0,88.0,91.0,105.0,126.0,104.0,90.0,78.0,50.0,1056.0,CK22508,55,PETROL,FULL RIM,RECTANGLE,True,MALE,OPTICAL,ACETATE,ACETATE,199.95,99.98
KP,CALVIN KLEIN OPTICAL,AMER,51.0,47.0,35.0,35.0,30.0,26.0,15.0,31.0,37.0,40.0,22.0,24.0,393.0,CK22508,57,BLACK,FULL RIM,RECTANGLE,True,MALE,OPTICAL,ACETATE,ACETATE,199.95,99.98
KP,CALVIN KLEIN OPTICAL,EMEA,28.0,28.0,2.0,2.0,4.0,7.0,5.0,17.0,14.0,15.0,12.0,8.0,142.0,CK22508,57,BLACK,FULL RIM,RECTANGLE,True,MALE,OPTICAL,ACETATE,ACETATE,199.95,99.98
KP,CALVIN KLEIN OPTICAL,AMER,27.0,86.0,70.0,60.0,105.0,51.0,26.0,56.0,86.0,42.0,72.0,64.0,745.0,CK22508,57,MATTE BLA,FULL RIM,RECTANGLE,True,MALE,OPTICAL,ACETATE,ACETATE,199.95,99.98
KP,CALVIN KLEIN OPTICAL,EMEA,43.0,31.0,26.0,10.0,77.0,88.0,34.0,43.0,42.0,30.0,37.0,12.0,473.0,CK22508,57,MATTE BLA,FULL RIM,RECTANGLE,True,MALE,OPTICAL,ACETATE,ACETATE,199.95,99.98
KP,CALVIN KLEIN OPTICAL,AMER,31.0,101.0,132.0,162.0,204.0,39.0,47.0,97.0,146.0,109.0,150.0,45.0,1263.0,CK22508,57,CRYSTAL S,FULL RIM,RECTANGLE,True,MALE,OPTICAL,ACETATE,ACETATE,199.95,99.98
KP,CALVIN KLEIN OPTICAL,EMEA,33.0,18.0,30.0,17.0,50.0,39.0,29.0,20.0,16.0,33.0,14.0,8.0,307.0,CK22508,57,CRYSTAL S,FULL RIM,RECTANGLE,True,MALE,OPTICAL,ACETATE,ACETATE,199.95,99.98
KP,CALVIN KLEIN OPTICAL,AMER,38.0,31.0,34.0,29.0,16.0,9.0,21.0,28.0,32.0,20.0,25.0,36.0,319.0,CK22508,57,PETROL,FULL RIM,RECTANGLE,True,MALE,OPTICAL,ACETATE,ACETATE,199.95,99.98
KP,CALVIN KLEIN OPTICAL,EMEA,68.0,56.0,41.0,15.0,47.0,54.0,62.0,27.0,17.0,24.0,32.0,15.0,458.0,CK22508,57,PETROL,FULL RIM,RECTANGLE,True,MALE,OPTICAL,ACETATE,ACETATE,199.95,99.98
KP,CALVIN KLEIN OPTICAL,AMER,,,,,,,,,24.0,34.0,67.0,84.0,209.0,CK22561LB,54,BLACK,FULL RIM,SQUARE,True,UNISEX,OPTICAL,ACETATE,ACETATE,240.0,120.0
KP,CALVIN KLEIN OPTICAL,AMER,,,,,,,,,12.0,37.0,32.0,20.0,101.0,CK22561LB,54,KHAKI T,FULL RIM,SQUARE,True,UNISEX,OPTICAL,ACETATE,ACETATE,240.0,120.0
KP,CALVIN KLEIN OPTICAL,AMER,,,,,,,,,20.0,42.0,62.0,39.0,163.0,CK22561LB,54,NAVY HO,FULL RIM,SQUARE,True,UNISEX,OPTICAL,ACETATE,ACETATE,240.0,120.0
KP,CALVIN KLEIN OPTICAL,AMER,47.0,63.0,52.0,48.0,42.0,64.0,79.0,65.0,43.0,46.0,35.0,46.0,630.0,CK23516,52,GREY,FULL RIM,ROUND,True,FEMALE,OPTICAL,ACETATE,ACETATE,176.0,88.0
KP,CALVIN KLEIN OPTICAL,EMEA,24.0,20.0,15.0,8.0,25.0,18.0,24.0,22.0,16.0,11.0,19.0,7.0,209.0,CK23516,52,GREY,FULL RIM,ROUND,True,FEMALE,OPTICAL,ACETATE,ACETATE,176.0,88.0
KP,CALVIN KLEIN OPTICAL,AMER,59.0,123.0,78.0,71.0,63.0,78.0,41.0,83.0,71.0,28.0,56.0,59.0,810.0,CK23516,52,BROWN,FULL RIM,ROUND,True,FEMALE,OPTICAL,ACETATE,ACETATE,176.0,88.0
KP,CALVIN KLEIN OPTICAL,EMEA,44.0,42.0,26.0,8.0,28.0,36.0,33.0,31.0,30.0,28.0,14.0,17.0,337.0,CK23516,52,BROWN,FULL RIM,ROUND,True,FEMALE,OPTICAL,ACETATE,ACETATE,176.0,88.0
KP,CALVIN KLEIN OPTICAL,AMER,78.0,104.0,118.0,76.0,44.0,30.0,34.0,85.0,100.0,106.0,77.0,98.0,950.0,CK23516,52,BROWN HAV,FULL RIM,ROUND,True,FEMALE,OPTICAL,ACETATE,ACETATE,176.0,88.0
KP,CALVIN KLEIN OPTICAL,EMEA,29.0,22.0,24.0,8.0,9.0,15.0,18.0,14.0,12.0,14.0,9.0,8.0,182.0,CK23516,52,BROWN HAV,FULL RIM,ROUND,True,FEMALE,OPTICAL,ACETATE,ACETATE,176.0,88.0
KP,CALVIN KLEIN OPTICAL,AMER,67.0,106.0,104.0,82.0,63.0,35.0,38.0,90.0,76.0,97.0,78.0,74.0,910.0,CK23516,52,BLUE,FULL RIM,ROUND,True,FEMALE,OPTICAL,ACETATE,ACETATE,176.0,88.0
KP,CALVIN KLEIN OPTICAL,EMEA,30.0,25.0,19.0,6.0,11.0,24.0,23.0,16.0,16.0,11.0,14.0,14.0,209.0,CK23516,52,BLUE,FULL RIM,ROUND,True,FEMALE,OPTICAL,ACETATE,ACETATE,176.0,88.0
KP,CALVIN KLEIN OPTICAL,AMER,78.0,78.0,56.0,85.0,61.0,118.0,36.0,40.0,101.0,56.0,80.0,69.0,858.0,CK23516,52,ROSE,FULL RIM,ROUND,True,FEMALE,OPTICAL,ACETATE,ACETATE,176.0,88.0
KP,CALVIN KLEIN OPTICAL,EMEA,63.0,49.0,50.0,12.0,42.0,71.0,55.0,45.0,36.0,47.0,35.0,16.0,521.0,CK23516,52,ROSE,FULL RIM,ROUND,True,FEMALE,OPTICAL,ACETATE,ACETATE,176.0,88.0
KP,CALVIN KLEIN OPTICAL,AMER,39.0,50.0,40.0,34.0,48.0,42.0,50.0,76.0,32.0,27.0,37.0,33.0,508.0,CK23516,54,GREY,FULL RIM,ROUND,True,FEMALE,OPTICAL,ACETATE,ACETATE,176.0,88.0
KP,CALVIN KLEIN OPTICAL,EMEA,15.0,10.0,10.0,7.0,10.0,10.0,14.0,7.0,9.0,13.0,5.0,5.0,115.0,CK23516,54,GREY,FULL RIM,ROUND,True,FEMALE,OPTICAL,ACETATE,ACETATE,176.0,88.0
KP,CALVIN KLEIN OPTICAL,AMER,44.0,58.0,31.0,40.0,49.0,52.0,71.0,33.0,23.0,25.0,42.0,35.0,503.0,CK23516,54,BROWN,FULL RIM,ROUND,True,FEMALE,OPTICAL,ACETATE,ACETATE,176.0,88.0
KP,CALVIN KLEIN OPTICAL,EMEA,31.0,31.0,20.0,11.0,19.0,35.0,20.0,18.0,28.0,15.0,9.0,14.0,251.0,CK23516,54,BROWN,FULL RIM,ROUND,True,FEMALE,OPTICAL,ACETATE,ACETATE,176.0,88.0
KP,CALVIN KLEIN OPTICAL,AMER,58.0,72.0,57.0,64.0,89.0,95.0,82.0,71.0,48.0,39.0,51.0,51.0,777.0,CK23516,54,BROWN HAV,FULL RIM,ROUND,True,FEMALE,OPTICAL,ACETATE,ACETATE,176.0,88.0
KP,CALVIN KLEIN OPTICAL,EMEA,24.0,20.0,13.0,11.0,16.0,11.0,10.0,15.0,5.0,5.0,9.0,3.0,142.0,CK23516,54,BROWN HAV,FULL RIM,ROUND,True,FEMALE,OPTICAL,ACETATE,ACETATE,176.0,88.0
KP,CALVIN KLEIN OPTICAL,AMER,50.0,48.0,49.0,43.0,44.0,70.0,56.0,56.0,64.0,33.0,53.0,40.0,606.0,CK23516,54,BLUE,FULL RIM,ROUND,True,FEMALE,OPTICAL,ACETATE,ACETATE,176.0,88.0
KP,CALVIN KLEIN OPTICAL,EMEA,8.0,11.0,2.0,3.0,6.0,4.0,10.0,14.0,8.0,9.0,5.0,1.0,81.0,CK23516,54,BLUE,FULL RIM,ROUND,True,FEMALE,OPTICAL,ACETATE,ACETATE,176.0,88.0
KP,CALVIN KLEIN OPTICAL,AMER,59.0,76.0,62.0,63.0,54.0,72.0,82.0,116.0,38.0,45.0,59.0,57.0,783.0,CK23516,54,ROSE,FULL RIM,ROUND,True,FEMALE,OPTICAL,ACETATE,ACETATE,176.0,88.0
KP,CALVIN KLEIN OPTICAL,EMEA,32.0,26.0,16.0,17.0,27.0,41.0,17.0,29.0,25.0,20.0,19.0,11.0,280.0,CK23516,54,ROSE,FULL RIM,ROUND,True,FEMALE,OPTICAL,ACETATE,ACETATE,176.0,88.0
KP,CALVIN KLEIN OPTICAL,AMER,173.0,179.0,185.0,181.0,178.0,234.0,138.0,246.0,255.0,119.0,151.0,170.0,2209.0,CK23523,54,BLACK,FULL RIM,RECTANGLE,True,MALE,OPTICAL,ACETATE,ACETATE,205.0,102.5
KP,CALVIN KLEIN OPTICAL,EMEA,117.0,91.0,69.0,39.0,67.0,78.0,46.0,82.0,58.0,48.0,41.0,24.0,760.0,CK23523,54,BLACK,FULL RIM,RECTANGLE,True,MALE,OPTICAL,ACETATE,ACETATE,205.0,102.5
KP,CALVIN KLEIN OPTICAL,AMER,55.0,46.0,31.0,55.0,31.0,44.0,69.0,71.0,49.0,41.0,29.0,39.0,560.0,CK23523,54,BLUE,FULL RIM,RECTANGLE,True,MALE,OPTICAL,ACETATE,ACETATE,205.0,102.5
KP,CALVIN KLEIN OPTICAL,EMEA,41.0,21.0,17.0,8.0,10.0,21.0,14.0,15.0,14.0,17.0,8.0,9.0,195.0,CK23523,54,BLUE,FULL RIM,RECTANGLE,True,MALE,OPTICAL,ACETATE,ACETATE,205.0,102.5
KP,CALVIN KLEIN OPTICAL,AMER,133.0,174.0,156.0,160.0,176.0,176.0,192.0,191.0,209.0,123.0,148.0,197.0,2035.0,CK23523,54,VIOLET HA,FULL RIM,RECTANGLE,True,MALE,OPTICAL,ACETATE,ACETATE,205.0,102.5
KP,CALVIN KLEIN OPTICAL,EMEA,75.0,61.0,44.0,27.0,67.0,51.0,53.0,48.0,47.0,32.0,20.0,22.0,547.0,CK23523,54,VIOLET HA,FULL RIM,RECTANGLE,True,MALE,OPTICAL,ACETATE,ACETATE,205.0,102.5
KP,CALVIN KLEIN OPTICAL,AMER,133.0,112.0,117.0,113.0,107.0,130.0,73.0,71.0,135.0,62.0,86.0,62.0,1201.0,CK23523,54,ROSE,FULL RIM,RECTANGLE,True,MALE,OPTICAL,ACETATE,ACETATE,205.0,102.5
KP,CALVIN KLEIN OPTICAL,EMEA,99.0,85.0,66.0,37.0,67.0,76.0,41.0,49.0,43.0,50.0,35.0,25.0,673.0,CK23523,54,ROSE,FULL RIM,RECTANGLE,True,MALE,OPTICAL,ACETATE,ACETATE,205.0,102.5
KP,CALVIN KLEIN OPTICAL,AMER,51.0,37.0,43.0,43.0,61.0,64.0,70.0,61.0,59.0,49.0,40.0,44.0,622.0,CK23525,51,BLACK,FULL RIM,RECTANGLE,True,MALE,OPTICAL,ACETATE,ACETATE,205.0,102.5
KP,CALVIN KLEIN OPTICAL,AMER,22.0,32.0,25.0,24.0,20.0,23.0,31.0,32.0,55.0,25.0,27.0,12.0,328.0,CK23525,51,NAVY,FULL RIM,RECTANGLE,True,MALE,OPTICAL,ACETATE,ACETATE,205.0,102.5
KP,CALVIN KLEIN OPTICAL,AMER,210.0,181.0,183.0,186.0,172.0,206.0,270.0,215.0,92.0,62.0,170.0,153.0,2100.0,CK23525,51,BLUE,FULL RIM,RECTANGLE,True,MALE,OPTICAL,ACETATE,ACETATE,205.0,102.5
KP,CALVIN KLEIN OPTICAL,AMER,39.0,54.0,35.0,45.0,49.0,52.0,48.0,65.0,74.0,48.0,58.0,52.0,619.0,CK23525,51,MATTE BUR,FULL RIM,RECTANGLE,True,MALE,OPTICAL,ACETATE,ACETATE,205.0,102.5
KP,CALVIN KLEIN OPTICAL,AMER,151.0,168.0,137.0,141.0,135.0,157.0,179.0,142.0,166.0,51.0,44.0,72.0,1543.0,CK23526,54,GREY/BLAC,FULL RIM,SQUARE,True,FEMALE,OPTICAL,ACETATE,ACETATE,205.0,102.5
KP,CALVIN KLEIN OPTICAL,AMER,62.0,43.0,41.0,51.0,39.0,37.0,67.0,41.0,97.0,67.0,63.0,47.0,655.0,CK23526,54,HAVANA/BL,FULL RIM,SQUARE,True,FEMALE,OPTICAL,ACETATE,ACETATE,205.0,102.5
KP,CALVIN KLEIN OPTICAL,AMER,92.0,74.0,63.0,88.0,83.0,77.0,69.0,88.0,67.0,78.0,55.0,42.0,876.0,CK23526,54,BLUE LILA,FULL RIM,SQUARE,True,FEMALE,OPTICAL,ACETATE,ACETATE,205.0,102.5
KP,CALVIN KLEIN OPTICAL,AMER,81.0,73.0,57.0,62.0,60.0,75.0,91.0,70.0,55.0,19.0,18.0,26.0,687.0,CK23527,50,BLACK/HAV,FULL RIM,SQUARE,True,FEMALE,OPTICAL,ACETATE,ACETATE,205.0,102.5
KP,CALVIN KLEIN OPTICAL,AMER,105.0,91.0,87.0,82.0,68.0,80.0,75.0,98.0,92.0,43.0,36.0,56.0,913.0,CK23527,50,GREY/BLAC,FULL RIM,SQUARE,True,FEMALE,OPTICAL,ACETATE,ACETATE,205.0,102.5
KP,CALVIN KLEIN OPTICAL,AMER,94.0,78.0,63.0,137.0,125.0,138.0,147.0,154.0,217.0,153.0,117.0,92.0,1515.0,CK23527,50,GREY CORA,FULL RIM,SQUARE,True,FEMALE,OPTICAL,ACETATE,ACETATE,205.0,102.5
KP,CALVIN KLEIN OPTICAL,AMER,84.0,95.0,99.0,111.0,111.0,88.0,51.0,30.0,30.0,34.0,38.0,62.0,833.0,CK23527,50,CRYSTAL C,FULL RIM,SQUARE,True,FEMALE,OPTICAL,ACETATE,ACETATE,205.0,102.5
KP,CALVIN KLEIN OPTICAL,AMER,101.0,109.0,100.0,103.0,119.0,123.0,145.0,99.0,140.0,100.0,86.0,70.0,1295.0,CK23528,53,MATTE BLA,FULL RIM,ROUND,True,UNISEX,OPTICAL,ACETATE,ACETATE,205.0,102.5
KP,CALVIN KLEIN OPTICAL,AMER,77.0,90.0,71.0,55.0,51.0,93.0,61.0,74.0,107.0,65.0,51.0,51.0,846.0,CK23528,53,BROWN,FULL RIM,ROUND,True,UNISEX,OPTICAL,ACETATE,ACETATE,205.0,102.5
KP,CALVIN KLEIN OPTICAL,AMER,81.0,35.0,33.0,38.0,41.0,25.0,39.0,43.0,18.0,23.0,22.0,21.0,419.0,CK23528,53,GREEN HAV,FULL RIM,ROUND,True,UNISEX,OPTICAL,ACETATE,ACETATE,205.0,102.5
KP,CALVIN KLEIN OPTICAL,AMER,78.0,55.0,45.0,69.0,54.0,80.0,64.0,67.0,73.0,40.0,49.0,29.0,703.0,CK23528,53,BLUE,FULL RIM,ROUND,True,UNISEX,OPTICAL,ACETATE,ACETATE,205.0,102.5
KP,CALVIN KLEIN OPTICAL,AMER,88.0,56.0,47.0,70.0,55.0,53.0,57.0,70.0,52.0,42.0,46.0,40.0,676.0,CK23528,53,BLUE HAVA,FULL RIM,ROUND,True,UNISEX,OPTICAL,ACETATE,ACETATE,205.0,102.5
KP,CALVIN KLEIN OPTICAL,AMER,,,,,,,4.0,,17.0,32.0,63.0,82.0,198.0,CK23530LB,53,BLACK,FULL RIM,RECTANGLE,True,MALE,OPTICAL,ACETATE,ACETATE,215.0,107.5
KP,CALVIN KLEIN OPTICAL,AMER,,,,,,,,,11.0,5.0,14.0,26.0,56.0,CK23530LB,53,BROWN H,FULL RIM,RECTANGLE,True,MALE,OPTICAL,ACETATE,ACETATE,215.0,107.5
KP,CALVIN KLEIN OPTICAL,AMER,37.0,162.0,153.0,134.0,84.0,48.0,84.0,68.0,57.0,60.0,45.0,49.0,981.0,CK23544,50,BLACK/NUD,FULL RIM,RECTANGLE,True,MALE,OPTICAL,ACETATE,ACETATE,185.0,92.5
KP,CALVIN KLEIN OPTICAL,EMEA,60.0,81.0,54.0,18.0,31.0,21.0,35.0,35.0,9.0,53.0,5.0,8.0,410.0,CK23544,50,BLACK/NUD,FULL RIM,RECTANGLE,True,MALE,OPTICAL,ACETATE,ACETATE,185.0,92.5
KP,CALVIN KLEIN OPTICAL,AMER,54.0,67.0,24.0,6.0,13.0,28.0,24.0,17.0,22.0,15.0,8.0,9.0,287.0,CK23544,50,TRANSPARE,FULL RIM,RECTANGLE,True,MALE,OPTICAL,ACETATE,ACETATE,185.0,92.5
KP,CALVIN KLEIN OPTICAL,EMEA,30.0,32.0,13.0,,10.0,9.0,8.0,6.0,4.0,6.0,1.0,10.0,129.0,CK23544,50,TRANSPARE,FULL RIM,RECTANGLE,True,MALE,OPTICAL,ACETATE,ACETATE,185.0,92.5
KP,CALVIN KLEIN OPTICAL,AMER,62.0,75.0,64.0,21.0,26.0,31.0,21.0,17.0,17.0,11.0,11.0,15.0,371.0,CK23544,53,TRANSPARE,FULL RIM,RECTANGLE,True,MALE,OPTICAL,ACETATE,ACETATE,185.0,92.5
KP,CALVIN KLEIN OPTICAL,EMEA,21.0,11.0,13.0,8.0,7.0,4.0,2.0,5.0,,3.0,1.0,,75.0,CK23544,53,TRANSPARE,FULL RIM,RECTANGLE,True,MALE,OPTICAL,ACETATE,ACETATE,185.0,92.5
KP,CALVIN KLEIN OPTICAL,AMER,24.0,29.0,32.0,47.0,24.0,31.0,25.0,16.0,20.0,44.0,17.0,12.0,321.0,CK23548,53,BLACK,FULL RIM,SQUARE,True,UNISEX,OPTICAL,ACETATE,ACETATE,185.0,92.5
KP,CALVIN KLEIN OPTICAL,EMEA,46.0,59.0,58.0,16.0,41.0,58.0,67.0,28.0,26.0,30.0,15.0,21.0,465.0,CK23548,53,BLACK,FULL RIM,SQUARE,True,UNISEX,OPTICAL,ACETATE,ACETATE,185.0,92.5
KP,CALVIN KLEIN OPTICAL,AMER,107.0,68.0,23.0,11.0,21.0,70.0,75.0,48.0,48.0,18.0,18.0,23.0,530.0,CK23548,53,SAGE,FULL RIM,SQUARE,True,UNISEX,OPTICAL,ACETATE,ACETATE,185.0,92.5
KP,CALVIN KLEIN OPTICAL,EMEA,73.0,55.0,50.0,21.0,66.0,90.0,90.0,31.0,27.0,26.0,48.0,21.0,598.0,CK23548,53,SAGE,FULL RIM,SQUARE,True,UNISEX,OPTICAL,ACETATE,ACETATE,185.0,92.5
KP,CALVIN KLEIN OPTICAL,AMER,66.0,52.0,69.0,47.0,47.0,23.0,26.0,15.0,70.0,18.0,14.0,22.0,469.0,CK23548,53,BLUE,FULL RIM,SQUARE,True,UNISEX,OPTICAL,ACETATE,ACETATE,185.0,92.5
KP,CALVIN KLEIN OPTICAL,EMEA,53.0,51.0,47.0,7.0,36.0,55.0,26.0,16.0,27.0,23.0,16.0,10.0,367.0,CK23548,53,BLUE,FULL RIM,SQUARE,True,UNISEX,OPTICAL,ACETATE,ACETATE,185.0,92.5
KP,CALVIN KLEIN OPTICAL,AMER,87.0,108.0,77.0,32.0,63.0,91.0,35.0,58.0,127.0,28.0,57.0,54.0,817.0,CK23548,53,CRYSTAL,FULL RIM,SQUARE,True,UNISEX,OPTICAL,ACETATE,ACETATE,185.0,92.5
KP,CALVIN KLEIN OPTICAL,EMEA,65.0,72.0,44.0,14.0,30.0,44.0,54.0,45.0,26.0,31.0,38.0,30.0,493.0,CK23548,53,CRYSTAL,FULL RIM,SQUARE,True,UNISEX,OPTICAL,ACETATE,ACETATE,185.0,92.5
KP,CALVIN KLEIN OPTICAL,AMER,77.0,122.0,108.0,88.0,77.0,104.0,36.0,75.0,106.0,50.0,56.0,55.0,954.0,CK23548,55,BLACK,FULL RIM,SQUARE,True,UNISEX,OPTICAL,ACETATE,ACETATE,185.0,92.5
KP,CALVIN KLEIN OPTICAL,EMEA,48.0,33.0,41.0,12.0,19.0,16.0,28.0,26.0,18.0,14.0,11.0,8.0,274.0,CK23548,55,BLACK,FULL RIM,SQUARE,True,UNISEX,OPTICAL,ACETATE,ACETATE,185.0,92.5
KP,CALVIN KLEIN OPTICAL,AMER,61.0,138.0,44.0,28.0,28.0,51.0,68.0,61.0,26.0,22.0,44.0,37.0,608.0,CK23548,55,SAGE,FULL RIM,SQUARE,True,UNISEX,OPTICAL,ACETATE,ACETATE,185.0,92.5
KP,CALVIN KLEIN OPTICAL,EMEA,99.0,64.0,35.0,16.0,55.0,73.0,70.0,40.0,40.0,28.0,22.0,20.0,562.0,CK23548,55,SAGE,FULL RIM,SQUARE,True,UNISEX,OPTICAL,ACETATE,ACETATE,185.0,92.5
KP,CALVIN KLEIN OPTICAL,AMER,89.0,99.0,109.0,23.0,17.0,49.0,56.0,66.0,70.0,61.0,38.0,38.0,715.0,CK23548,55,BLUE,FULL RIM,SQUARE,True,UNISEX,OPTICAL,ACETATE,ACETATE,185.0,92.5
KP,CALVIN KLEIN OPTICAL,EMEA,35.0,53.0,42.0,19.0,28.0,25.0,53.0,22.0,16.0,16.0,13.0,10.0,332.0,CK23548,55,BLUE,FULL RIM,SQUARE,True,UNISEX,OPTICAL,ACETATE,ACETATE,185.0,92.5
KP,CALVIN KLEIN OPTICAL,AMER,178.0,179.0,88.0,57.0,93.0,192.0,237.0,142.0,76.0,49.0,119.0,148.0,1558.0,CK23548,55,CRYSTAL,FULL RIM,SQUARE,True,UNISEX,OPTICAL,ACETATE,ACETATE,185.0,92.5
KP,CALVIN KLEIN OPTICAL,EMEA,83.0,67.0,68.0,32.0,73.0,84.0,78.0,69.0,62.0,47.0,31.0,31.0,725.0,CK23548,55,CRYSTAL,FULL RIM,SQUARE,True,UNISEX,OPTICAL,ACETATE,ACETATE,185.0,92.5
KP,CALVIN KLEIN OPTICAL,AMER,,,,10.0,30.0,18.0,5.0,28.0,24.0,20.0,17.0,7.0,159.0,CK24101,49,SILVER,FULL RIM,RECTANGLE,True,MALE,OPTICAL,METAL,METAL,210.0,105.0
KP,CALVIN KLEIN OPTICAL,EMEA,,,,6.0,21.0,20.0,21.0,15.0,9.0,9.0,2.0,4.0,107.0,CK24101,49,SILVER,FULL RIM,RECTANGLE,True,MALE,OPTICAL,METAL,METAL,210.0,105.0
KP,CALVIN KLEIN OPTICAL,AMER,,,,2.0,20.0,14.0,12.0,7.0,7.0,10.0,8.0,13.0,93.0,CK24101,49,MATTE GOL,FULL RIM,RECTANGLE,True,MALE,OPTICAL,METAL,METAL,210.0,105.0
KP,CALVIN KLEIN OPTICAL,EMEA,,,,1.0,16.0,36.0,32.0,19.0,4.0,5.0,3.0,5.0,121.0,CK24101,49,MATTE GOL,FULL RIM,RECTANGLE,True,MALE,OPTICAL,METAL,METAL,210.0,105.0
KP,CALVIN KLEIN OPTICAL,AMER,,,1.0,11.0,46.0,7.0,10.0,8.0,16.0,25.0,26.0,8.0,158.0,CK24101,49,ROSE GOLD,FULL RIM,RECTANGLE,True,MALE,OPTICAL,METAL,METAL,210.0,105.0
KP,CALVIN KLEIN OPTICAL,EMEA,,,,4.0,28.0,8.0,15.0,8.0,6.0,6.0,1.0,1.0,77.0,CK24101,49,ROSE GOLD,FULL RIM,RECTANGLE,True,MALE,OPTICAL,METAL,METAL,210.0,105.0
KP,CALVIN KLEIN OPTICAL,AMER,,,,11.0,72.0,112.0,77.0,18.0,26.0,58.0,34.0,35.0,443.0,CK24101,51,SILVER,FULL RIM,RECTANGLE,True,MALE,OPTICAL,METAL,METAL,210.0,105.0
KP,CALVIN KLEIN OPTICAL,EMEA,,,,1.0,28.0,25.0,26.0,23.0,14.0,10.0,12.0,11.0,150.0,CK24101,51,SILVER,FULL RIM,RECTANGLE,True,MALE,OPTICAL,METAL,METAL,210.0,105.0
KP,CALVIN KLEIN OPTICAL,AMER,,,,15.0,68.0,113.0,84.0,50.0,23.0,32.0,46.0,31.0,462.0,CK24101,51,ROSE GOLD,FULL RIM,RECTANGLE,True,MALE,OPTICAL,METAL,METAL,210.0,105.0
KP,CALVIN KLEIN OPTICAL,EMEA,,,,1.0,17.0,14.0,16.0,7.0,6.0,2.0,4.0,4.0,71.0,CK24101,51,ROSE GOLD,FULL RIM,RECTANGLE,True,MALE,OPTICAL,METAL,METAL,210.0,105.0
KP,CALVIN KLEIN OPTICAL,AMER,,1.0,,10.0,61.0,97.0,51.0,95.0,35.0,41.0,19.0,16.0,426.0,CK24103,53,GREEN,FULL RIM,SQUARE,True,UNISEX,OPTICAL,METAL,METAL,210.0,105.0
KP,CALVIN KLEIN OPTICAL,EMEA,,,,1.0,13.0,21.0,39.0,28.0,11.0,15.0,5.0,8.0,141.0,CK24103,53,GREEN,FULL RIM,SQUARE,True,UNISEX,OPTICAL,METAL,METAL,210.0,105.0
KP,CALVIN KLEIN OPTICAL,AMER,,,,6.0,77.0,107.0,141.0,56.0,71.0,50.0,50.0,34.0,592.0,CK24103,53,BLUE,FULL RIM,SQUARE,True,UNISEX,OPTICAL,METAL,METAL,210.0,105.0
KP,CALVIN KLEIN OPTICAL,EMEA,,,,,24.0,26.0,43.0,21.0,15.0,51.0,10.0,10.0,200.0,CK24103,53,BLUE,FULL RIM,SQUARE,True,UNISEX,OPTICAL,METAL,METAL,210.0,105.0
KP,CALVIN KLEIN OPTICAL,AMER,,,,,,20.0,57.0,53.0,67.0,26.0,13.0,1.0,237.0,CK24105,53,LIGHT GOL,FULL RIM,ROUND,True,FEMALE,OPTICAL,METAL,METAL,210.0,105.0
KP,CALVIN KLEIN OPTICAL,EMEA,,1.0,,,41.0,52.0,52.0,41.0,44.0,36.0,16.0,14.0,297.0,CK24105,53,LIGHT GOL,FULL RIM,ROUND,True,FEMALE,OPTICAL,METAL,METAL,210.0,105.0
KP,CALVIN KLEIN OPTICAL,AMER,,,,,1.0,88.0,252.0,220.0,187.0,92.0,91.0,65.0,996.0,CK24105,53,GOLD/BURG,FULL RIM,ROUND,True,FEMALE,OPTICAL,METAL,METAL,210.0,105.0
KP,CALVIN KLEIN OPTICAL,EMEA,,,,1.0,68.0,75.0,117.0,74.0,52.0,47.0,28.0,21.0,483.0,CK24105,53,GOLD/BURG,FULL RIM,ROUND,True,FEMALE,OPTICAL,METAL,METAL,210.0,105.0
KP,CALVIN KLEIN OPTICAL,AMER,,,,,,,,,8.0,24.0,79.0,56.0,167.0,CK24106LB,51,BLACK,FULL RIM,RECTANGLE,True,MALE,OPTICAL,METAL,METAL,220.0,110.0
KP,CALVIN KLEIN OPTICAL,AMER,,,,,,,,,5.0,16.0,56.0,63.0,140.0,CK24106LB,51,BLACK/G,FULL RIM,RECTANGLE,True,MALE,OPTICAL,METAL,METAL,220.0,110.0
KP,CALVIN KLEIN OPTICAL,AMER,,,,,,,,,6.0,19.0,60.0,39.0,124.0,CK24106LB,51,DARK GR,FULL RIM,RECTANGLE,True,MALE,OPTICAL,METAL,METAL,220.0,110.0
KP,CALVIN KLEIN OPTICAL,AMER,,,,12.0,33.0,34.0,42.0,34.0,34.0,27.0,24.0,23.0,263.0,CK24513,52,BLACK/AVI,FULL RIM,SQUARE,True,UNISEX,OPTICAL,BIO INJ-G820,BIO INJ-G820,209.0,104.5
KP,CALVIN KLEIN OPTICAL,EMEA,,,,6.0,49.0,79.0,87.0,84.0,64.0,70.0,39.0,23.0,501.0,CK24513,52,BLACK/AVI,FULL RIM,SQUARE,True,UNISEX,OPTICAL,BIO INJ-G820,BIO INJ-G820,209.0,104.5
KP,CALVIN KLEIN OPTICAL,AMER,,,,15.0,67.0,89.0,63.0,47.0,12.0,91.0,43.0,46.0,473.0,CK24513,52,GREY/AZUR,FULL RIM,SQUARE,True,UNISEX,OPTICAL,BIO INJ-G820,BIO INJ-G820,209.0,104.5
KP,CALVIN KLEIN OPTICAL,EMEA,,,,1.0,39.0,75.0,54.0,69.0,46.0,40.0,49.0,21.0,394.0,CK24513,52,GREY/AZUR,FULL RIM,SQUARE,True,UNISEX,OPTICAL,BIO INJ-G820,BIO INJ-G820,209.0,104.5
KP,CALVIN KLEIN OPTICAL,AMER,,,,7.0,44.0,58.0,48.0,49.0,59.0,39.0,27.0,35.0,366.0,CK24513,52,BROWN,FULL RIM,SQUARE,True,UNISEX,OPTICAL,BIO INJ-G820,BIO INJ-G820,209.0,104.5
KP,CALVIN KLEIN OPTICAL,EMEA,,,,3.0,38.0,33.0,43.0,30.0,25.0,19.0,13.0,14.0,218.0,CK24513,52,BROWN,FULL RIM,SQUARE,True,UNISEX,OPTICAL,BIO INJ-G820,BIO INJ-G820,209.0,104.5
KP,CALVIN KLEIN OPTICAL,AMER,,,1.0,13.0,49.0,77.0,96.0,63.0,60.0,54.0,57.0,55.0,525.0,CK24513,52,BROWN/ROS,FULL RIM,SQUARE,True,UNISEX,OPTICAL,BIO INJ-G820,BIO INJ-G820,209.0,104.5
KP,CALVIN KLEIN OPTICAL,EMEA,,,,2.0,49.0,63.0,49.0,46.0,41.0,26.0,29.0,21.0,326.0,CK24513,52,BROWN/ROS,FULL RIM,SQUARE,True,UNISEX,OPTICAL,BIO INJ-G820,BIO INJ-G820,209.0,104.5
KP,CALVIN KLEIN OPTICAL,AMER,,,1.0,11.0,65.0,85.0,72.0,38.0,25.0,96.0,39.0,36.0,468.0,CK24513,52,BURGUNDY,FULL RIM,SQUARE,True,UNISEX,OPTICAL,BIO INJ-G820,BIO INJ-G820,209.0,104.5
KP,CALVIN KLEIN OPTICAL,EMEA,,,,2.0,42.0,136.0,50.0,57.0,37.0,15.0,22.0,17.0,378.0,CK24513,52,BURGUNDY,FULL RIM,SQUARE,True,UNISEX,OPTICAL,BIO INJ-G820,BIO INJ-G820,209.0,104.5
KP,CALVIN KLEIN OPTICAL,AMER,,,,7.0,50.0,51.0,55.0,48.0,47.0,36.0,31.0,25.0,350.0,CK24513,54,BLACK/AVI,FULL RIM,SQUARE,True,UNISEX,OPTICAL,BIO INJ-G820,BIO INJ-G820,209.0,104.5
KP,CALVIN KLEIN OPTICAL,EMEA,,,,1.0,43.0,36.0,38.0,18.0,21.0,19.0,15.0,6.0,197.0,CK24513,54,BLACK/AVI,FULL RIM,SQUARE,True,UNISEX,OPTICAL,BIO INJ-G820,BIO INJ-G820,209.0,104.5
KP,CALVIN KLEIN OPTICAL,AMER,,,,4.0,79.0,50.0,57.0,41.0,26.0,20.0,27.0,31.0,335.0,CK24513,54,GREY/AZUR,FULL RIM,SQUARE,True,UNISEX,OPTICAL,BIO INJ-G820,BIO INJ-G820,209.0,104.5
KP,CALVIN KLEIN OPTICAL,EMEA,,,,,75.0,67.0,86.0,60.0,46.0,36.0,25.0,26.0,421.0,CK24513,54,GREY/AZUR,FULL RIM,SQUARE,True,UNISEX,OPTICAL,BIO INJ-G820,BIO INJ-G820,209.0,104.5
KP,CALVIN KLEIN OPTICAL,AMER,,,,,44.0,21.0,51.0,37.0,19.0,10.0,12.0,25.0,219.0,CK24513,54,BROWN,FULL RIM,SQUARE,True,UNISEX,OPTICAL,BIO INJ-G820,BIO INJ-G820,209.0,104.5
KP,CALVIN KLEIN OPTICAL,EMEA,,,,,19.0,20.0,17.0,17.0,18.0,11.0,4.0,4.0,110.0,CK24513,54,BROWN,FULL RIM,SQUARE,True,UNISEX,OPTICAL,BIO INJ-G820,BIO INJ-G820,209.0,104.5
KP,CALVIN KLEIN OPTICAL,AMER,,,,11.0,55.0,50.0,55.0,38.0,59.0,36.0,32.0,24.0,360.0,CK24513,54,BROWN/ROS,FULL RIM,SQUARE,True,UNISEX,OPTICAL,BIO INJ-G820,BIO INJ-G820,209.0,104.5
KP,CALVIN KLEIN OPTICAL,EMEA,,,,,32.0,44.0,37.0,33.0,32.0,21.0,10.0,14.0,223.0,CK24513,54,BROWN/ROS,FULL RIM,SQUARE,True,UNISEX,OPTICAL,BIO INJ-G820,BIO INJ-G820,209.0,104.5
KP,CALVIN KLEIN OPTICAL,AMER,,,,5.0,37.0,26.0,21.0,17.0,22.0,28.0,10.0,11.0,177.0,CK24513,54,BURGUNDY,FULL RIM,SQUARE,True,UNISEX,OPTICAL,BIO INJ-G820,BIO INJ-G820,209.0,104.5
KP,CALVIN KLEIN OPTICAL,EMEA,,,,1.0,14.0,9.0,13.0,12.0,16.0,8.0,7.0,4.0,84.0,CK24513,54,BURGUNDY,FULL RIM,SQUARE,True,UNISEX,OPTICAL,BIO INJ-G820,BIO INJ-G820,209.0,104.5
KP,CALVIN KLEIN OPTICAL,AMER,,,,,8.0,10.0,67.0,86.0,114.0,44.0,62.0,28.0,419.0,CK24514,52,BLACK,FULL RIM,RECTANGLE,True,MALE,OPTICAL,BIO INJ-G820,BIO INJ-G820,209.0,104.5
KP,CALVIN KLEIN OPTICAL,EMEA,,,,,51.0,58.0,73.0,73.0,57.0,27.0,21.0,8.0,368.0,CK24514,52,BLACK,FULL RIM,RECTANGLE,True,MALE,OPTICAL,BIO INJ-G820,BIO INJ-G820,209.0,104.5
KP,CALVIN KLEIN OPTICAL,AMER,,,,,21.0,68.0,193.0,88.0,60.0,66.0,47.0,53.0,596.0,CK24514,52,STRIPED G,FULL RIM,RECTANGLE,True,MALE,OPTICAL,BIO INJ-G820,BIO INJ-G820,209.0,104.5
KP,CALVIN KLEIN OPTICAL,EMEA,,,,,83.0,71.0,95.0,63.0,52.0,85.0,30.0,18.0,497.0,CK24514,52,STRIPED G,FULL RIM,RECTANGLE,True,MALE,OPTICAL,BIO INJ-G820,BIO INJ-G820,209.0,104.5
KP,CALVIN KLEIN OPTICAL,AMER,,,,,20.0,11.0,44.0,53.0,49.0,21.0,16.0,22.0,236.0,CK24514,52,STRIPED B,FULL RIM,RECTANGLE,True,MALE,OPTICAL,BIO INJ-G820,BIO INJ-G820,209.0,104.5
KP,CALVIN KLEIN OPTICAL,EMEA,,,,,8.0,12.0,11.0,9.0,5.0,10.0,5.0,2.0,62.0,CK24514,52,STRIPED B,FULL RIM,RECTANGLE,True,MALE,OPTICAL,BIO INJ-G820,BIO INJ-G820,209.0,104.5
KP,CALVIN KLEIN OPTICAL,AMER,,,,,20.0,40.0,120.0,110.0,61.0,35.0,61.0,50.0,497.0,CK24514,52,DARK HAVA,FULL RIM,RECTANGLE,True,MALE,OPTICAL,BIO INJ-G820,BIO INJ-G820,209.0,104.5
KP,CALVIN KLEIN OPTICAL,EMEA,,,,,47.0,70.0,69.0,62.0,50.0,90.0,20.0,7.0,415.0,CK24514,52,DARK HAVA,FULL RIM,RECTANGLE,True,MALE,OPTICAL,BIO INJ-G820,BIO INJ-G820,209.0,104.5
KP,CALVIN KLEIN OPTICAL,AMER,,,,,9.0,10.0,78.0,94.0,78.0,90.0,42.0,24.0,425.0,CK24521,52,BLACK,FULL RIM,SQUARE,True,FEMALE,OPTICAL,ACETATE,ACETATE,195.0,97.5
KP,CALVIN KLEIN OPTICAL,EMEA,,,,,45.0,112.0,98.0,48.0,69.0,78.0,23.0,13.0,486.0,CK24521,52,BLACK,FULL RIM,SQUARE,True,FEMALE,OPTICAL,ACETATE,ACETATE,195.0,97.5
KP,CALVIN KLEIN OPTICAL,AMER,,,,,20.0,58.0,202.0,81.0,96.0,51.0,59.0,53.0,620.0,CK24521,52,STRIPED G,FULL RIM,SQUARE,True,FEMALE,OPTICAL,ACETATE,ACETATE,195.0,97.5
KP,CALVIN KLEIN OPTICAL,EMEA,,,,,73.0,149.0,140.0,98.0,66.0,62.0,38.0,30.0,656.0,CK24521,52,STRIPED G,FULL RIM,SQUARE,True,FEMALE,OPTICAL,ACETATE,ACETATE,195.0,97.5
KP,CALVIN KLEIN OPTICAL,AMER,,,,,12.0,8.0,57.0,81.0,59.0,38.0,17.0,28.0,300.0,CK24521,52,STRIPED B,FULL RIM,SQUARE,True,FEMALE,OPTICAL,ACETATE,ACETATE,195.0,97.5
KP,CALVIN KLEIN OPTICAL,EMEA,,,,,14.0,24.0,27.0,22.0,17.0,14.0,8.0,5.0,131.0,CK24521,52,STRIPED B,FULL RIM,SQUARE,True,FEMALE,OPTICAL,ACETATE,ACETATE,195.0,97.5
KP,CALVIN KLEIN OPTICAL,AMER,,,,,21.0,11.0,53.0,109.0,62.0,33.0,20.0,27.0,336.0,CK24521,52,HAVANA,FULL RIM,SQUARE,True,FEMALE,OPTICAL,ACETATE,ACETATE,195.0,97.5
KP,CALVIN KLEIN OPTICAL,EMEA,,,,,30.0,49.0,50.0,33.0,30.0,59.0,9.0,10.0,270.0,CK24521,52,HAVANA,FULL RIM,SQUARE,True,FEMALE,OPTICAL,ACETATE,ACETATE,195.0,97.5
KP,CALVIN KLEIN OPTICAL,AMER,,,6.0,55.0,269.0,315.0,279.0,158.0,121.0,135.0,122.0,97.0,1557.0,CK24523,52,BLACK/GRE,FULL RIM,ROUND,True,UNISEX,OPTICAL,ACETATE,ACETATE,195.0,97.5
KP,CALVIN KLEIN OPTICAL,EMEA,,,,1.0,16.0,35.0,28.0,15.0,18.0,16.0,10.0,4.0,143.0,CK24523,52,BLACK/GRE,FULL RIM,ROUND,True,UNISEX,OPTICAL,ACETATE,ACETATE,195.0,97.5
KP,CALVIN KLEIN OPTICAL,AMER,,,,30.0,205.0,203.0,146.0,120.0,72.0,75.0,63.0,70.0,984.0,CK24523,52,PURPLE/AV,FULL RIM,ROUND,True,UNISEX,OPTICAL,ACETATE,ACETATE,195.0,97.5
KP,CALVIN KLEIN OPTICAL,EMEA,,,,1.0,40.0,49.0,43.0,42.0,48.0,25.0,18.0,19.0,285.0,CK24523,52,PURPLE/AV,FULL RIM,ROUND,True,UNISEX,OPTICAL,ACETATE,ACETATE,195.0,97.5
KP,CALVIN KLEIN OPTICAL,AMER,,,1.0,21.0,78.0,140.0,218.0,180.0,79.0,55.0,39.0,44.0,855.0,CK24524,54,BLACK,FULL RIM,RECTANGLE,True,MALE,OPTICAL,ACETATE,ACETATE,195.0,97.5
KP,CALVIN KLEIN OPTICAL,EMEA,,,,2.0,28.0,44.0,42.0,49.0,26.0,12.0,5.0,8.0,216.0,CK24524,54,BLACK,FULL RIM,RECTANGLE,True,MALE,OPTICAL,ACETATE,ACETATE,195.0,97.5
KP,CALVIN KLEIN OPTICAL,AMER,,,1.0,54.0,375.0,220.0,148.0,98.0,150.0,198.0,168.0,172.0,1584.0,CK24524,54,GREY/BEIG,FULL RIM,RECTANGLE,True,MALE,OPTICAL,ACETATE,ACETATE,195.0,97.5
KP,CALVIN KLEIN OPTICAL,EMEA,,,,1.0,23.0,43.0,40.0,31.0,9.0,21.0,20.0,14.0,202.0,CK24524,54,GREY/BEIG,FULL RIM,RECTANGLE,True,MALE,OPTICAL,ACETATE,ACETATE,195.0,97.5
KP,CALVIN KLEIN OPTICAL,AMER,,,7.0,44.0,207.0,256.0,123.0,88.0,110.0,165.0,146.0,137.0,1283.0,CK24524,54,AZURE/CRY,FULL RIM,RECTANGLE,True,MALE,OPTICAL,ACETATE,ACETATE,195.0,97.5
KP,CALVIN KLEIN OPTICAL,EMEA,,,,1.0,52.0,125.0,64.0,63.0,47.0,43.0,29.0,17.0,441.0,CK24524,54,AZURE/CRY,FULL RIM,RECTANGLE,True,MALE,OPTICAL,ACETATE,ACETATE,195.0,97.5
KP,CALVIN KLEIN OPTICAL,AMER,,,1.0,21.0,148.0,254.0,111.0,72.0,122.0,152.0,108.0,78.0,1067.0,CK24524,54,BLUE/BROW,FULL RIM,RECTANGLE,True,MALE,OPTICAL,ACETATE,ACETATE,195.0,97.5
KP,CALVIN KLEIN OPTICAL,EMEA,,,,2.0,59.0,82.0,85.0,75.0,58.0,53.0,40.0,18.0,472.0,CK24524,54,BLUE/BROW,FULL RIM,RECTANGLE,True,MALE,OPTICAL,ACETATE,ACETATE,195.0,97.5
KP,CALVIN KLEIN OPTICAL,AMER,,1.0,1.0,29.0,156.0,241.0,274.0,98.0,76.0,108.0,100.0,85.0,1169.0,CK24524,54,ROSE/NUDE,FULL RIM,RECTANGLE,True,MALE,OPTICAL,ACETATE,ACETATE,195.0,97.5
KP,CALVIN KLEIN OPTICAL,EMEA,,,1.0,5.0,36.0,53.0,52.0,57.0,39.0,27.0,25.0,15.0,310.0,CK24524,54,ROSE/NUDE,FULL RIM,RECTANGLE,True,MALE,OPTICAL,ACETATE,ACETATE,195.0,97.5
KP,CALVIN KLEIN OPTICAL,AMER,,,,,1.0,5.0,71.0,60.0,64.0,48.0,32.0,18.0,299.0,CK24526,52,GREY,FULL RIM,SQUARE,True,UNISEX,OPTICAL,ACETATE,ACETATE,195.0,97.5
KP,CALVIN KLEIN OPTICAL,EMEA,,,,,4.0,52.0,73.0,58.0,106.0,35.0,16.0,11.0,355.0,CK24526,52,GREY,FULL RIM,SQUARE,True,UNISEX,OPTICAL,ACETATE,ACETATE,195.0,97.5
KP,CALVIN KLEIN OPTICAL,AMER,,,,,14.0,18.0,80.0,95.0,77.0,54.0,48.0,29.0,415.0,CK24526,52,DARK HAVA,FULL RIM,SQUARE,True,UNISEX,OPTICAL,ACETATE,ACETATE,195.0,97.5
KP,CALVIN KLEIN OPTICAL,EMEA,,,,,1.0,51.0,94.0,75.0,51.0,51.0,19.0,10.0,352.0,CK24526,52,DARK HAVA,FULL RIM,SQUARE,True,UNISEX,OPTICAL,ACETATE,ACETATE,195.0,97.5
KP,CALVIN KLEIN OPTICAL,AMER,,,,,21.0,27.0,121.0,87.0,48.0,27.0,39.0,34.0,404.0,CK24526,52,LIGHT BRO,FULL RIM,SQUARE,True,UNISEX,OPTICAL,ACETATE,ACETATE,195.0,97.5
KP,CALVIN KLEIN OPTICAL,EMEA,,,,,,37.0,59.0,48.0,62.0,28.0,17.0,9.0,260.0,CK24526,52,LIGHT BRO,FULL RIM,SQUARE,True,UNISEX,OPTICAL,ACETATE,ACETATE,195.0,97.5
KP,CALVIN KLEIN OPTICAL,AMER,,,,,8.0,27.0,134.0,100.0,79.0,40.0,39.0,34.0,461.0,CK24526,52,BURGUNDY,FULL RIM,SQUARE,True,UNISEX,OPTICAL,ACETATE,ACETATE,195.0,97.5
KP,CALVIN KLEIN OPTICAL,EMEA,,,,,,35.0,65.0,45.0,31.0,31.0,24.0,11.0,242.0,CK24526,52,BURGUNDY,FULL RIM,SQUARE,True,UNISEX,OPTICAL,ACETATE,ACETATE,195.0,97.5
KS,NIKE SUN,AMER,,,1.0,,,,,,,,,,1.0,NIKE TRAINER E EV101,,,FULL RIM,WRAP,True,UNISEX,SUN,BIO INJ-G820,BIO INJ-G820,99.0,49.5
KS,NIKE SUN,EMEA,,,,,,,2.0,3.0,1.0,,2.0,2.0,10.0,NIKE TRAINER E EV101,,,FULL RIM,WRAP,True,UNISEX,SUN,BIO INJ-G820,BIO INJ-G820,99.0,49.5
KS,NIKE SUN,AMER,127.0,146.0,131.0,98.0,88.0,103.0,181.0,196.0,123.0,97.0,183.0,231.0,1704.0,NIKE PREMIER EV1071,,,FULL RIM,SQUARE,True,UNISEX,SUN,BIO INJ-G820,BIO INJ-G820,150.0,75.0
KS,NIKE SUN,EMEA,4.0,18.0,8.0,3.0,7.0,14.0,11.0,11.0,6.0,8.0,2.0,3.0,95.0,NIKE PREMIER EV1071,,,FULL RIM,SQUARE,True,UNISEX,SUN,BIO INJ-G820,BIO INJ-G820,150.0,75.0
KS,NIKE SUN,AMER,64.0,88.0,47.0,17.0,55.0,64.0,77.0,103.0,108.0,98.0,48.0,79.0,848.0,NIKE PREMIER EV1071,,,FULL RIM,SQUARE,True,UNISEX,SUN,BIO INJ-G820,BIO INJ-G820,150.0,75.0
KS,NIKE SUN,EMEA,6.0,11.0,10.0,4.0,7.0,25.0,23.0,21.0,23.0,8.0,16.0,3.0,157.0,NIKE PREMIER EV1071,,,FULL RIM,SQUARE,True,UNISEX,SUN,BIO INJ-G820,BIO INJ-G820,150.0,75.0
KS,NIKE SUN,EMEA,,,1.0,,2.0,,,,,,,,3.0,NIKE HYPERFORCE ELIT,,,SEMI-RIMLESS,WRAP,True,UNISEX,SUN,BIO INJ-G820,BIO INJ-G820,215.0,107.5
KS,NIKE SUN,AMER,,,,,1.0,,,,,,1.0,,2.0,NIKE WINDSHIELD ELIT,,,RIMLESS,WRAP,True,UNISEX,SUN,BIO INJ-G820,BIO INJ-G820,185.0,92.5
KS,NIKE SUN,AMER,21.0,19.0,24.0,31.0,22.0,27.0,34.0,30.0,35.0,32.0,32.0,44.0,351.0,NIKE MAVERICK RGE M,,,FULL RIM,SQUARE,True,UNISEX,SUN,BIO INJ-G820,BIO INJ-G820,175.0,87.5
KS,NIKE SUN,EMEA,7.0,3.0,3.0,1.0,5.0,14.0,21.0,13.0,21.0,14.0,10.0,2.0,114.0,NIKE MAVERICK RGE M,,,FULL RIM,SQUARE,True,UNISEX,SUN,BIO INJ-G820,BIO INJ-G820,175.0,87.5
KS,NIKE SUN,AMER,27.0,24.0,14.0,38.0,12.0,34.0,42.0,27.0,17.0,31.0,18.0,44.0,328.0,NIKE CITY ICON DJ089,,,FULL RIM,CAT EYE,True,FEMALE,SUN,ACETATE,ACETATE,159.0,79.5
KS,NIKE SUN,EMEA,7.0,12.0,11.0,5.0,9.0,20.0,24.0,22.0,12.0,6.0,12.0,4.0,144.0,NIKE CITY ICON DJ089,,,FULL RIM,CAT EYE,True,FEMALE,SUN,ACETATE,ACETATE,159.0,79.5
KS,NIKE SUN,AMER,13.0,13.0,11.0,6.0,16.0,10.0,20.0,18.0,17.0,17.0,22.0,36.0,199.0,NIKE CITY ICON DJ089,,,FULL RIM,CAT EYE,True,FEMALE,SUN,ACETATE,ACETATE,159.0,79.5
KS,NIKE SUN,EMEA,6.0,4.0,4.0,2.0,10.0,12.0,17.0,6.0,9.0,3.0,8.0,6.0,87.0,NIKE CITY ICON DJ089,,,FULL RIM,CAT EYE,True,FEMALE,SUN,ACETATE,ACETATE,159.0,79.5
KS,NIKE SUN,AMER,40.0,43.0,46.0,47.0,65.0,53.0,91.0,54.0,104.0,77.0,49.0,47.0,716.0,NIKE CITY ICON M DJ0,,,FULL RIM,CAT EYE,True,FEMALE,SUN,ACETATE,ACETATE,169.0,84.5
KS,NIKE SUN,AMER,13.0,17.0,18.0,14.0,11.0,7.0,15.0,25.0,23.0,19.0,18.0,12.0,192.0,NIKE CITY ICON M DJ0,,,FULL RIM,CAT EYE,True,FEMALE,SUN,ACETATE,ACETATE,169.0,84.5
KS,NIKE SUN,EMEA,3.0,4.0,2.0,3.0,6.0,11.0,9.0,11.0,4.0,1.0,11.0,7.0,72.0,NIKE CITY ICON M DJ0,,,FULL RIM,CAT EYE,True,FEMALE,SUN,ACETATE,ACETATE,169.0,84.5
KS,NIKE SUN,AMER,30.0,22.0,46.0,37.0,36.0,38.0,41.0,49.0,45.0,63.0,30.0,24.0,461.0,NIKE RABID 22 E DV21,,,FULL RIM,RECTANGLE,True,UNISEX,SUN,BIO INJ-G820,BIO INJ-G820,105.0,52.5
KS,NIKE SUN,EMEA,36.0,53.0,26.0,9.0,38.0,60.0,47.0,47.0,45.0,41.0,57.0,50.0,509.0,NIKE RABID 22 E DV21,,,FULL RIM,RECTANGLE,True,UNISEX,SUN,BIO INJ-G820,BIO INJ-G820,105.0,52.5
KS,NIKE SUN,AMER,96.0,38.0,78.0,53.0,50.0,57.0,65.0,76.0,50.0,70.0,121.0,55.0,809.0,NIKE RABID 22 M DV21,,,FULL RIM,RECTANGLE,True,UNISEX,SUN,BIO INJ-G820,BIO INJ-G820,115.0,57.5
KS,NIKE SUN,EMEA,9.0,14.0,14.0,7.0,20.0,22.0,11.0,14.0,13.0,22.0,10.0,2.0,158.0,NIKE RABID 22 M DV21,,,FULL RIM,RECTANGLE,True,UNISEX,SUN,BIO INJ-G820,BIO INJ-G820,115.0,57.5
KS,NIKE SUN,AMER,88.0,62.0,36.0,46.0,27.0,57.0,26.0,24.0,91.0,47.0,30.0,42.0,576.0,NIKE RABID 22 M DV21,,,FULL RIM,RECTANGLE,True,UNISEX,SUN,BIO INJ-G820,BIO INJ-G820,115.0,57.5
KS,NIKE SUN,EMEA,41.0,48.0,27.0,17.0,33.0,69.0,66.0,53.0,84.0,86.0,57.0,67.0,648.0,NIKE RABID 22 M DV21,,,FULL RIM,RECTANGLE,True,UNISEX,SUN,BIO INJ-G820,BIO INJ-G820,115.0,57.5
KS,NIKE SUN,AMER,74.0,54.0,58.0,55.0,49.0,78.0,81.0,98.0,120.0,72.0,71.0,64.0,874.0,NIKE ADRENALINE 22 M,,,FULL RIM,RECTANGLE,True,MALE,SUN,BIO INJ-G820,BIO INJ-G820,115.0,57.5
KS,NIKE SUN,EMEA,27.0,32.0,25.0,8.0,35.0,50.0,41.0,23.0,11.0,19.0,31.0,44.0,346.0,NIKE ADRENALINE 22 M,,,FULL RIM,RECTANGLE,True,MALE,SUN,BIO INJ-G820,BIO INJ-G820,115.0,57.5
KS,NIKE SUN,AMER,65.0,93.0,115.0,147.0,118.0,103.0,138.0,122.0,222.0,167.0,127.0,119.0,1536.0,NIKE RABID 22 DV2371,,,FULL RIM,RECTANGLE,True,UNISEX,SUN,BIO INJ-G820,BIO INJ-G820,105.0,52.5
KS,NIKE SUN,EMEA,28.0,56.0,29.0,18.0,52.0,77.0,63.0,60.0,41.0,66.0,30.0,35.0,555.0,NIKE RABID 22 DV2371,,,FULL RIM,RECTANGLE,True,UNISEX,SUN,BIO INJ-G820,BIO INJ-G820,105.0,52.5
KS,NIKE SUN,AMER,75.0,42.0,39.0,30.0,29.0,19.0,39.0,50.0,38.0,29.0,41.0,66.0,497.0,NIKE RABID 22 DV2371,,,FULL RIM,RECTANGLE,True,UNISEX,SUN,BIO INJ-G820,BIO INJ-G820,105.0,52.5
KS,NIKE SUN,EMEA,4.0,23.0,11.0,4.0,12.0,27.0,20.0,22.0,17.0,16.0,22.0,11.0,189.0,NIKE RABID 22 DV2371,,,FULL RIM,RECTANGLE,True,UNISEX,SUN,BIO INJ-G820,BIO INJ-G820,105.0,52.5
KS,NIKE SUN,AMER,169.0,187.0,164.0,194.0,175.0,247.0,194.0,242.0,293.0,211.0,270.0,356.0,2702.0,NIKE ADRENALINE 22 D,,,FULL RIM,RECTANGLE,True,MALE,SUN,BIO INJ-G820,BIO INJ-G820,105.0,52.5
KS,NIKE SUN,EMEA,39.0,86.0,55.0,20.0,56.0,86.0,111.0,94.0,94.0,103.0,128.0,87.0,959.0,NIKE ADRENALINE 22 D,,,FULL RIM,RECTANGLE,True,MALE,SUN,BIO INJ-G820,BIO INJ-G820,105.0,52.5
KS,NIKE SUN,AMER,59.0,44.0,86.0,62.0,52.0,29.0,65.0,59.0,77.0,123.0,56.0,33.0,745.0,NIKE ADRENALINE 22 D,,,FULL RIM,RECTANGLE,True,MALE,SUN,BIO INJ-G820,BIO INJ-G820,105.0,52.5
KS,NIKE SUN,EMEA,26.0,72.0,58.0,18.0,54.0,79.0,82.0,57.0,61.0,78.0,47.0,32.0,664.0,NIKE ADRENALINE 22 D,,,FULL RIM,RECTANGLE,True,MALE,SUN,BIO INJ-G820,BIO INJ-G820,105.0,52.5
KS,NIKE SUN,AMER,75.0,67.0,39.0,19.0,27.0,44.0,43.0,38.0,62.0,87.0,82.0,94.0,677.0,NIKE ADRENALINE 22 D,,,FULL RIM,RECTANGLE,True,MALE,SUN,BIO INJ-G820,BIO INJ-G820,105.0,52.5
KS,NIKE SUN,EMEA,13.0,48.0,36.0,5.0,67.0,49.0,36.0,30.0,28.0,33.0,46.0,25.0,416.0,NIKE ADRENALINE 22 D,,,FULL RIM,RECTANGLE,True,MALE,SUN,BIO INJ-G820,BIO INJ-G820,105.0,52.5
KS,NIKE SUN,AMER,50.0,47.0,59.0,54.0,45.0,35.0,41.0,18.0,23.0,19.0,12.0,21.0,424.0,NIKE ADRENALINE 22 D,,,FULL RIM,RECTANGLE,True,MALE,SUN,BIO INJ-G820,BIO INJ-G820,105.0,52.5
KS,NIKE SUN,EMEA,27.0,57.0,41.0,5.0,59.0,41.0,49.0,38.0,54.0,18.0,37.0,33.0,459.0,NIKE ADRENALINE 22 D,,,FULL RIM,RECTANGLE,True,MALE,SUN,BIO INJ-G820,BIO INJ-G820,105.0,52.5
KS,NIKE SUN,AMER,,,,,,2.0,1.0,,1.0,,,3.0,7.0,NIKE ADRENALINE 22 L,,,FULL RIM,RECTANGLE,True,MALE,SUN,BIO INJ-G820,BIO INJ-G820,105.0,52.5
KS,NIKE SUN,AMER,,,,,,,,,,,,2.0,2.0,NIKE ADRENALINE 22 L,,,FULL RIM,RECTANGLE,True,MALE,SUN,BIO INJ-G820,BIO INJ-G820,105.0,52.5
KS,NIKE SUN,AMER,,,,,,1.0,,,1.0,,,1.0,3.0,NIKE ADRENALINE 22 L,,,FULL RIM,RECTANGLE,True,MALE,SUN,BIO INJ-G820,BIO INJ-G820,105.0,52.5
KS,NIKE SUN,AMER,113.0,126.0,109.0,137.0,143.0,153.0,168.0,160.0,127.0,119.0,185.0,152.0,1692.0,NIKE MODERN METAL DZ,,,FULL RIM,ROUND,True,UNISEX,SUN,METAL,METAL,189.0,94.5
KS,NIKE SUN,EMEA,13.0,16.0,9.0,7.0,19.0,31.0,21.0,8.0,13.0,8.0,3.0,12.0,160.0,NIKE MODERN METAL DZ,,,FULL RIM,ROUND,True,UNISEX,SUN,METAL,METAL,189.0,94.5
KS,NIKE SUN,AMER,82.0,123.0,78.0,125.0,99.0,65.0,95.0,83.0,88.0,120.0,102.0,85.0,1145.0,NIKE MODERN METAL DZ,,,FULL RIM,ROUND,True,UNISEX,SUN,METAL,METAL,189.0,94.5
KS,NIKE SUN,EMEA,12.0,8.0,4.0,6.0,22.0,19.0,18.0,9.0,11.0,5.0,10.0,6.0,130.0,NIKE MODERN METAL DZ,,,FULL RIM,ROUND,True,UNISEX,SUN,METAL,METAL,189.0,94.5
KS,NIKE SUN,AMER,49.0,60.0,53.0,30.0,41.0,42.0,51.0,50.0,62.0,46.0,18.0,26.0,528.0,NIKE MODERN METAL P,,,FULL RIM,ROUND,True,UNISEX,SUN,METAL,METAL,229.0,114.5
KS,NIKE SUN,EMEA,8.0,9.0,5.0,5.0,8.0,15.0,11.0,12.0,18.0,12.0,5.0,7.0,115.0,NIKE MODERN METAL P,,,FULL RIM,ROUND,True,UNISEX,SUN,METAL,METAL,229.0,114.5
KS,NIKE SUN,AMER,8.0,10.0,4.0,2.0,3.0,5.0,16.0,10.0,9.0,14.0,3.0,5.0,89.0,NIKE SHOW X RUSH DZ7,,,SEMI-RIMLESS,WRAP,True,UNISEX,SUN,BIO INJ-G820,BIO INJ-G820,155.0,77.5
KS,NIKE SUN,EMEA,18.0,26.0,35.0,27.0,18.0,22.0,15.0,14.0,18.0,32.0,29.0,26.0,280.0,NIKE SHOW X RUSH DZ7,,,SEMI-RIMLESS,WRAP,True,UNISEX,SUN,BIO INJ-G820,BIO INJ-G820,155.0,77.5
KS,NIKE SUN,AMER,2.0,6.0,2.0,,2.0,6.0,3.0,3.0,4.0,,,2.0,30.0,NIKE SHOW X RUSH DZ7,,,SEMI-RIMLESS,WRAP,True,UNISEX,SUN,BIO INJ-G820,BIO INJ-G820,155.0,77.5
KS,NIKE SUN,EMEA,13.0,34.0,38.0,5.0,29.0,20.0,11.0,8.0,24.0,21.0,21.0,45.0,269.0,NIKE SHOW X RUSH DZ7,,,SEMI-RIMLESS,WRAP,True,UNISEX,SUN,BIO INJ-G820,BIO INJ-G820,155.0,77.5
KS,NIKE SUN,AMER,9.0,10.0,13.0,4.0,2.0,7.0,16.0,79.0,6.0,9.0,7.0,6.0,168.0,NIKE SHOW X RUSH E D,,,SEMI-RIMLESS,WRAP,True,UNISEX,SUN,BIO INJ-G820,BIO INJ-G820,155.0,77.5
KS,NIKE SUN,EMEA,19.0,31.0,35.0,4.0,24.0,25.0,22.0,23.0,25.0,42.0,30.0,33.0,313.0,NIKE SHOW X RUSH E D,,,SEMI-RIMLESS,WRAP,True,UNISEX,SUN,BIO INJ-G820,BIO INJ-G820,155.0,77.5
KS,NIKE SUN,AMER,2.0,2.0,4.0,3.0,1.0,4.0,5.0,3.0,5.0,1.0,2.0,2.0,34.0,NIKE SHOW X RUSH E D,,,SEMI-RIMLESS,WRAP,True,UNISEX,SUN,BIO INJ-G820,BIO INJ-G820,155.0,77.5
KS,NIKE SUN,EMEA,20.0,19.0,11.0,26.0,17.0,9.0,14.0,4.0,14.0,23.0,33.0,32.0,222.0,NIKE SHOW X RUSH E D,,,SEMI-RIMLESS,WRAP,True,UNISEX,SUN,BIO INJ-G820,BIO INJ-G820,155.0,77.5
KS,NIKE SUN,AMER,23.0,4.0,8.0,5.0,3.0,5.0,2.0,6.0,7.0,6.0,5.0,2.0,76.0,NIKE SHOW X RUSH M D,,,SEMI-RIMLESS,WRAP,True,UNISEX,SUN,BIO INJ-G820,BIO INJ-G820,175.0,87.5
KS,NIKE SUN,EMEA,21.0,31.0,28.0,30.0,43.0,24.0,17.0,14.0,21.0,31.0,40.0,31.0,331.0,NIKE SHOW X RUSH M D,,,SEMI-RIMLESS,WRAP,True,UNISEX,SUN,BIO INJ-G820,BIO INJ-G820,175.0,87.5
KS,NIKE SUN,AMER,14.0,15.0,13.0,9.0,7.0,9.0,10.0,7.0,6.0,7.0,4.0,5.0,106.0,NIKE SMASH DZ7382,47,,FULL RIM,SQUARE,True,FEMALE,SUN,ACETATE,ACETATE,159.0,79.5
KS,NIKE SUN,EMEA,22.0,18.0,16.0,8.0,32.0,27.0,48.0,30.0,19.0,26.0,20.0,6.0,272.0,NIKE SMASH DZ7382,47,,FULL RIM,SQUARE,True,FEMALE,SUN,ACETATE,ACETATE,159.0,79.5
KS,NIKE SUN,AMER,7.0,5.0,11.0,4.0,5.0,5.0,9.0,9.0,8.0,11.0,5.0,7.0,86.0,NIKE SMASH DZ7382,47,,FULL RIM,SQUARE,True,FEMALE,SUN,ACETATE,ACETATE,159.0,79.5
KS,NIKE SUN,EMEA,36.0,38.0,43.0,25.0,72.0,96.0,69.0,74.0,48.0,52.0,32.0,19.0,604.0,NIKE SMASH DZ7382,47,,FULL RIM,SQUARE,True,FEMALE,SUN,ACETATE,ACETATE,159.0,79.5
KS,NIKE SUN,AMER,3.0,8.0,7.0,5.0,5.0,2.0,9.0,5.0,5.0,7.0,6.0,5.0,67.0,NIKE SMASH DZ7382,47,,FULL RIM,SQUARE,True,FEMALE,SUN,ACETATE,ACETATE,159.0,79.5
KS,NIKE SUN,EMEA,27.0,18.0,24.0,6.0,32.0,47.0,28.0,35.0,25.0,38.0,29.0,5.0,314.0,NIKE SMASH DZ7382,47,,FULL RIM,SQUARE,True,FEMALE,SUN,ACETATE,ACETATE,159.0,79.5
KS,NIKE SUN,AMER,6.0,12.0,9.0,5.0,2.0,5.0,7.0,1.0,6.0,8.0,6.0,12.0,79.0,NIKE SMASH M DZ7383,,,FULL RIM,SQUARE,True,FEMALE,SUN,ACETATE,ACETATE,169.0,84.5
KS,NIKE SUN,EMEA,39.0,44.0,41.0,20.0,67.0,88.0,70.0,89.0,57.0,42.0,49.0,16.0,622.0,NIKE SMASH M DZ7383,,,FULL RIM,SQUARE,True,FEMALE,SUN,ACETATE,ACETATE,169.0,84.5
KS,NIKE SUN,AMER,1.0,3.0,12.0,13.0,12.0,5.0,21.0,9.0,6.0,13.0,10.0,20.0,125.0,NIKE SMASH M DZ7383,,,FULL RIM,SQUARE,True,FEMALE,SUN,ACETATE,ACETATE,169.0,84.5
KS,NIKE SUN,EMEA,33.0,34.0,33.0,23.0,53.0,65.0,60.0,85.0,58.0,62.0,48.0,12.0,566.0,NIKE SMASH M DZ7383,,,FULL RIM,SQUARE,True,FEMALE,SUN,ACETATE,ACETATE,169.0,84.5
KS,NIKE SUN,AMER,,,,,4.0,13.0,47.0,44.0,24.0,32.0,21.0,15.0,200.0,NIKE FLYFREE SOAR EV,,,FULL RIM,SQUARE,True,UNISEX,SUN,BIO INJ-G820,BIO INJ-G820,249.0,124.5
KS,NIKE SUN,EMEA,,,,,3.0,42.0,52.0,58.0,34.0,21.0,25.0,12.0,247.0,NIKE FLYFREE SOAR EV,,,FULL RIM,SQUARE,True,UNISEX,SUN,BIO INJ-G820,BIO INJ-G820,249.0,124.5
KS,NIKE SUN,AMER,,,,,,3.0,19.0,18.0,10.0,7.0,10.0,9.0,76.0,NIKE FLYFREE SOAR EV,,,FULL RIM,SQUARE,True,UNISEX,SUN,BIO INJ-G820,BIO INJ-G820,249.0,124.5
KS,NIKE SUN,EMEA,,,,,3.0,39.0,59.0,36.0,34.0,60.0,20.0,9.0,260.0,NIKE FLYFREE SOAR EV,,,FULL RIM,SQUARE,True,UNISEX,SUN,BIO INJ-G820,BIO INJ-G820,249.0,124.5
KS,NIKE SUN,AMER,,,,2.0,4.0,6.0,18.0,17.0,15.0,11.0,9.0,10.0,92.0,NIKE FLYFREE SOAR EV,,,FULL RIM,SQUARE,True,UNISEX,SUN,BIO INJ-G820,BIO INJ-G820,249.0,124.5
KS,NIKE SUN,EMEA,,,,,1.0,29.0,44.0,29.0,22.0,73.0,12.0,8.0,218.0,NIKE FLYFREE SOAR EV,,,FULL RIM,SQUARE,True,UNISEX,SUN,BIO INJ-G820,BIO INJ-G820,249.0,124.5
KS,NIKE SUN,AMER,,,,,1.0,1.0,12.0,6.0,5.0,3.0,1.0,4.0,33.0,NIKE FLYFREE SOAR EV,,,FULL RIM,SQUARE,True,UNISEX,SUN,BIO INJ-G820,BIO INJ-G820,249.0,124.5
KS,NIKE SUN,EMEA,,,,,2.0,13.0,14.0,11.0,5.0,9.0,2.0,2.0,58.0,NIKE FLYFREE SOAR EV,,,FULL RIM,SQUARE,True,UNISEX,SUN,BIO INJ-G820,BIO INJ-G820,249.0,124.5
KS,NIKE SUN,AMER,,,,,2.0,,27.0,23.0,16.0,17.0,17.0,12.0,114.0,NIKE FLYFREE SOAR E,,,FULL RIM,SQUARE,True,UNISEX,SUN,BIO INJ-G820,BIO INJ-G820,249.0,124.5
KS,NIKE SUN,EMEA,,,,,3.0,31.0,34.0,35.0,24.0,18.0,16.0,7.0,168.0,NIKE FLYFREE SOAR E,,,FULL RIM,SQUARE,True,UNISEX,SUN,BIO INJ-G820,BIO INJ-G820,249.0,124.5
KS,NIKE SUN,AMER,,,,3.0,30.0,21.0,17.0,18.0,32.0,25.0,30.0,17.0,193.0,NIKE WINDTRACK RUN E,,,FULL RIM,WRAP,True,UNISEX,SUN,BIO INJ-G820,BIO INJ-G820,185.0,92.5
KS,NIKE SUN,EMEA,,,,,13.0,39.0,20.0,31.0,54.0,18.0,13.0,30.0,218.0,NIKE WINDTRACK RUN E,,,FULL RIM,WRAP,True,UNISEX,SUN,BIO INJ-G820,BIO INJ-G820,185.0,92.5
KS,NIKE SUN,AMER,,,,,17.0,16.0,12.0,11.0,6.0,19.0,8.0,9.0,98.0,NIKE WINDTRACK RUN E,,,FULL RIM,WRAP,True,UNISEX,SUN,BIO INJ-G820,BIO INJ-G820,185.0,92.5
KS,NIKE SUN,EMEA,,,,,7.0,20.0,21.0,17.0,7.0,8.0,20.0,4.0,104.0,NIKE WINDTRACK RUN E,,,FULL RIM,WRAP,True,UNISEX,SUN,BIO INJ-G820,BIO INJ-G820,185.0,92.5
KS,NIKE SUN,AMER,,,,,20.0,9.0,17.0,26.0,10.0,12.0,10.0,9.0,113.0,NIKE WINDTRACK RUN E,,,FULL RIM,WRAP,True,UNISEX,SUN,BIO INJ-G820,BIO INJ-G820,185.0,92.5
KS,NIKE SUN,EMEA,,,,,5.0,9.0,3.0,11.0,40.0,,20.0,22.0,110.0,NIKE WINDTRACK RUN E,,,FULL RIM,WRAP,True,UNISEX,SUN,BIO INJ-G820,BIO INJ-G820,185.0,92.5
KS,NIKE SUN,AMER,,,,,21.0,9.0,25.0,30.0,21.0,9.0,10.0,5.0,130.0,NIKE WINDTRACK RUN E,,,FULL RIM,WRAP,True,UNISEX,SUN,BIO INJ-G820,BIO INJ-G820,185.0,92.5
KS,NIKE SUN,EMEA,,,,,15.0,20.0,28.0,20.0,32.0,12.0,18.0,11.0,156.0,NIKE WINDTRACK RUN E,,,FULL RIM,WRAP,True,UNISEX,SUN,BIO INJ-G820,BIO INJ-G820,185.0,92.5
KS,NIKE SUN,AMER,,,,21.0,130.0,85.0,97.0,80.0,58.0,66.0,53.0,40.0,630.0,NIKE ACE DRIVER EV24,,,FULL RIM,AVIATOR,True,MALE,SUN,METAL,METAL,199.0,99.5
KS,NIKE SUN,EMEA,,,,1.0,3.0,7.0,25.0,18.0,43.0,4.0,9.0,19.0,129.0,NIKE ACE DRIVER EV24,,,FULL RIM,AVIATOR,True,MALE,SUN,METAL,METAL,199.0,99.5
KS,NIKE SUN,AMER,,,,11.0,58.0,63.0,38.0,27.0,49.0,31.0,22.0,19.0,318.0,NIKE ACE DRIVER EV24,,,FULL RIM,AVIATOR,True,MALE,SUN,METAL,METAL,199.0,99.5
KS,NIKE SUN,EMEA,,,,1.0,1.0,6.0,2.0,4.0,5.0,2.0,1.0,,22.0,NIKE ACE DRIVER EV24,,,FULL RIM,AVIATOR,True,MALE,SUN,METAL,METAL,199.0,99.5
KS,NIKE SUN,AMER,,,,7.0,41.0,32.0,20.0,13.0,19.0,16.0,23.0,17.0,188.0,NIKE ACE DRIVER P EV,,,FULL RIM,AVIATOR,True,MALE,SUN,METAL,METAL,239.0,119.5
KS,NIKE SUN,EMEA,,,,,4.0,13.0,11.0,10.0,28.0,6.0,10.0,10.0,92.0,NIKE ACE DRIVER P EV,,,FULL RIM,AVIATOR,True,MALE,SUN,METAL,METAL,239.0,119.5
KS,NIKE SUN,AMER,,,,4.0,30.0,37.0,30.0,22.0,25.0,21.0,11.0,19.0,199.0,NIKE LIVEFREE CLASSI,,,FULL RIM,SQUARE,True,UNISEX,SUN,BIO INJ-G820,BIO INJ-G820,149.0,74.5
KS,NIKE SUN,EMEA,,,,2.0,30.0,57.0,77.0,57.0,111.0,59.0,51.0,27.0,471.0,NIKE LIVEFREE CLASSI,,,FULL RIM,SQUARE,True,UNISEX,SUN,BIO INJ-G820,BIO INJ-G820,149.0,74.5
KS,NIKE SUN,AMER,,,,5.0,87.0,76.0,67.0,93.0,62.0,62.0,41.0,65.0,558.0,NIKE LIVEFREE CLASSI,,,FULL RIM,SQUARE,True,UNISEX,SUN,BIO INJ-G820,BIO INJ-G820,149.0,74.5
KS,NIKE SUN,EMEA,,,,4.0,46.0,85.0,81.0,83.0,116.0,74.0,59.0,14.0,562.0,NIKE LIVEFREE CLASSI,,,FULL RIM,SQUARE,True,UNISEX,SUN,BIO INJ-G820,BIO INJ-G820,149.0,74.5
KS,NIKE SUN,AMER,,,3.0,17.0,139.0,133.0,131.0,141.0,127.0,105.0,78.0,81.0,955.0,NIKE LIVEFREE CLASSI,,,FULL RIM,SQUARE,True,UNISEX,SUN,BIO INJ-G820,BIO INJ-G820,149.0,74.5
KS,NIKE SUN,EMEA,,,,,19.0,60.0,51.0,69.0,73.0,47.0,30.0,19.0,368.0,NIKE LIVEFREE CLASSI,,,FULL RIM,SQUARE,True,UNISEX,SUN,BIO INJ-G820,BIO INJ-G820,149.0,74.5
KS,NIKE SUN,AMER,,,,1.0,30.0,28.0,31.0,37.0,31.0,20.0,9.0,16.0,203.0,NIKE LIVEFREE CLASSI,,,FULL RIM,SQUARE,True,UNISEX,SUN,BIO INJ-G820,BIO INJ-G820,149.0,74.5
KS,NIKE SUN,EMEA,,,,1.0,22.0,48.0,54.0,48.0,87.0,35.0,31.0,22.0,348.0,NIKE LIVEFREE CLASSI,,,FULL RIM,SQUARE,True,UNISEX,SUN,BIO INJ-G820,BIO INJ-G820,149.0,74.5
KS,NIKE SUN,AMER,,,,1.0,32.0,18.0,19.0,25.0,15.0,24.0,7.0,20.0,161.0,NIKE LIVEFREE ICONIC,,,FULL RIM,ROUND,True,UNISEX,SUN,BIO INJ-G820,BIO INJ-G820,149.0,74.5
KS,NIKE SUN,EMEA,,,,1.0,11.0,22.0,31.0,25.0,31.0,21.0,9.0,8.0,159.0,NIKE LIVEFREE ICONIC,,,FULL RIM,ROUND,True,UNISEX,SUN,BIO INJ-G820,BIO INJ-G820,149.0,74.5
KS,NIKE SUN,AMER,,,,,31.0,26.0,35.0,20.0,29.0,27.0,16.0,26.0,210.0,NIKE LIVEFREE ICONIC,,,FULL RIM,ROUND,True,UNISEX,SUN,BIO INJ-G820,BIO INJ-G820,149.0,74.5
KS,NIKE SUN,EMEA,,,,1.0,27.0,6.0,7.0,13.0,60.0,16.0,17.0,21.0,168.0,NIKE LIVEFREE ICONIC,,,FULL RIM,ROUND,True,UNISEX,SUN,BIO INJ-G820,BIO INJ-G820,149.0,74.5
KS,NIKE SUN,AMER,,,,25.0,122.0,149.0,126.0,44.0,109.0,71.0,102.0,96.0,844.0,NIKE LIVEFREE ICONIC,,,FULL RIM,ROUND,True,UNISEX,SUN,BIO INJ-G820,BIO INJ-G820,149.0,74.5
KS,NIKE SUN,EMEA,,,,,37.0,114.0,103.0,86.0,55.0,50.0,53.0,38.0,536.0,NIKE LIVEFREE ICONIC,,,FULL RIM,ROUND,True,UNISEX,SUN,BIO INJ-G820,BIO INJ-G820,149.0,74.5
KS,NIKE SUN,AMER,,,,8.0,59.0,79.0,58.0,93.0,57.0,32.0,31.0,43.0,460.0,NIKE LIVEFREE ICONIC,,,FULL RIM,ROUND,True,UNISEX,SUN,BIO INJ-G820,BIO INJ-G820,149.0,74.5
KS,NIKE SUN,EMEA,,,,2.0,21.0,42.0,48.0,36.0,27.0,63.0,31.0,12.0,282.0,NIKE LIVEFREE ICONIC,,,FULL RIM,ROUND,True,UNISEX,SUN,BIO INJ-G820,BIO INJ-G820,149.0,74.5
KS,NIKE SUN,AMER,,,,,2.0,16.0,108.0,52.0,54.0,67.0,88.0,50.0,437.0,NIKE CRESCENT I EV24,,,FULL RIM,ROUND,True,FEMALE,SUN,ACETATE,ACETATE,159.0,79.5
KS,NIKE SUN,EMEA,,,,,,29.0,46.0,40.0,38.0,10.0,11.0,7.0,181.0,NIKE CRESCENT I EV24,,,FULL RIM,ROUND,True,FEMALE,SUN,ACETATE,ACETATE,159.0,79.5
KS,NIKE SUN,AMER,,,,,1.0,2.0,80.0,96.0,32.0,48.0,37.0,50.0,346.0,NIKE CRESCENT I EV24,,,FULL RIM,ROUND,True,FEMALE,SUN,ACETATE,ACETATE,159.0,79.5
KS,NIKE SUN,EMEA,,,,,,13.0,39.0,25.0,18.0,7.0,6.0,7.0,115.0,NIKE CRESCENT I EV24,,,FULL RIM,ROUND,True,FEMALE,SUN,ACETATE,ACETATE,159.0,79.5
KS,NIKE SUN,AMER,,,,,,2.0,90.0,138.0,41.0,24.0,13.0,25.0,333.0,NIKE CRESCENT I EV24,,,FULL RIM,ROUND,True,FEMALE,SUN,ACETATE,ACETATE,159.0,79.5
KS,NIKE SUN,EMEA,,,,,,3.0,9.0,11.0,18.0,1.0,,3.0,45.0,NIKE CRESCENT I EV24,,,FULL RIM,ROUND,True,FEMALE,SUN,ACETATE,ACETATE,159.0,79.5
KS,NIKE SUN,AMER,,,,,,1.0,14.0,21.0,27.0,19.0,9.0,4.0,95.0,NIKE CRESCENT I EV24,,,FULL RIM,ROUND,True,FEMALE,SUN,ACETATE,ACETATE,159.0,79.5
KS,NIKE SUN,EMEA,,,,,,1.0,7.0,7.0,1.0,,,1.0,17.0,NIKE CRESCENT I EV24,,,FULL RIM,ROUND,True,FEMALE,SUN,ACETATE,ACETATE,159.0,79.5
KS,NIKE SUN,AMER,,,,,,1.0,78.0,47.0,30.0,37.0,18.0,41.0,252.0,NIKE CRESCENT II EV2,,,FULL RIM,SQUARE,True,FEMALE,SUN,ACETATE,ACETATE,159.0,79.5
KS,NIKE SUN,EMEA,,,,,,6.0,32.0,18.0,9.0,6.0,5.0,4.0,80.0,NIKE CRESCENT II EV2,,,FULL RIM,SQUARE,True,FEMALE,SUN,ACETATE,ACETATE,159.0,79.5
KS,NIKE SUN,AMER,,,,,1.0,7.0,82.0,54.0,51.0,53.0,53.0,69.0,370.0,NIKE CRESCENT II EV2,,,FULL RIM,SQUARE,True,FEMALE,SUN,ACETATE,ACETATE,159.0,79.5
KS,NIKE SUN,EMEA,,,,,,1.0,3.0,5.0,4.0,,,,13.0,NIKE CRESCENT II EV2,,,FULL RIM,SQUARE,True,FEMALE,SUN,ACETATE,ACETATE,159.0,79.5
KS,NIKE SUN,AMER,,,,,,,61.0,34.0,26.0,35.0,20.0,21.0,197.0,NIKE CRESCENT II EV2,,,FULL RIM,SQUARE,True,FEMALE,SUN,ACETATE,ACETATE,159.0,79.5
KS,NIKE SUN,EMEA,,,,,,5.0,12.0,7.0,2.0,1.0,,2.0,29.0,NIKE CRESCENT II EV2,,,FULL RIM,SQUARE,True,FEMALE,SUN,ACETATE,ACETATE,159.0,79.5
KS,NIKE SUN,AMER,,,,,,3.0,44.0,45.0,36.0,36.0,39.0,20.0,223.0,NIKE CRESCENT II EV2,,,FULL RIM,SQUARE,True,FEMALE,SUN,ACETATE,ACETATE,159.0,79.5
KS,NIKE SUN,EMEA,,,,,,2.0,1.0,2.0,2.0,,,7.0,14.0,NIKE CRESCENT II EV2,,,FULL RIM,SQUARE,True,FEMALE,SUN,ACETATE,ACETATE,159.0,79.5
KS,NIKE SUN,AMER,,,,,,3.0,17.0,37.0,20.0,16.0,9.0,10.0,112.0,NIKE CRESCENT III EV,,,FULL RIM,CAT EYE,True,FEMALE,SUN,ACETATE,ACETATE,159.0,79.5
KS,NIKE SUN,EMEA,,,,,,26.0,44.0,40.0,61.0,14.0,5.0,5.0,195.0,NIKE CRESCENT III EV,,,FULL RIM,CAT EYE,True,FEMALE,SUN,ACETATE,ACETATE,159.0,79.5
KS,NIKE SUN,AMER,,,,,,5.0,23.0,31.0,35.0,41.0,6.0,10.0,151.0,NIKE CRESCENT III EV,,,FULL RIM,CAT EYE,True,FEMALE,SUN,ACETATE,ACETATE,159.0,79.5
KS,NIKE SUN,EMEA,,,,,,7.0,8.0,11.0,39.0,3.0,2.0,1.0,71.0,NIKE CRESCENT III EV,,,FULL RIM,CAT EYE,True,FEMALE,SUN,ACETATE,ACETATE,159.0,79.5
KS,NIKE SUN,AMER,,,,,,3.0,64.0,37.0,20.0,15.0,25.0,21.0,185.0,NIKE CRESCENT III EV,,,FULL RIM,CAT EYE,True,FEMALE,SUN,ACETATE,ACETATE,159.0,79.5
KS,NIKE SUN,EMEA,,,,,,6.0,18.0,10.0,40.0,7.0,6.0,7.0,94.0,NIKE CRESCENT III EV,,,FULL RIM,CAT EYE,True,FEMALE,SUN,ACETATE,ACETATE,159.0,79.5
KS,NIKE SUN,AMER,,,,,,3.0,12.0,13.0,16.0,10.0,7.0,5.0,66.0,NIKE CRESCENT III EV,,,FULL RIM,CAT EYE,True,FEMALE,SUN,ACETATE,ACETATE,159.0,79.5
KS,NIKE SUN,EMEA,,,,,,12.0,20.0,9.0,11.0,2.0,1.0,1.0,56.0,NIKE CRESCENT III EV,,,FULL RIM,CAT EYE,True,FEMALE,SUN,ACETATE,ACETATE,159.0,79.5
KS,NIKE SUN,AMER,43.0,53.0,41.0,54.0,44.0,23.0,25.0,18.0,84.0,74.0,56.0,54.0,569.0,NIKE LYNK FD1806,57,,FULL RIM,RECTANGLE,True,MALE,SUN,BIO INJ-G820,BIO INJ-G820,135.0,67.5
KS,NIKE SUN,EMEA,22.0,69.0,76.0,17.0,48.0,81.0,38.0,24.0,109.0,51.0,51.0,41.0,627.0,NIKE LYNK FD1806,57,,FULL RIM,RECTANGLE,True,MALE,SUN,BIO INJ-G820,BIO INJ-G820,135.0,67.5
KS,NIKE SUN,AMER,66.0,56.0,48.0,44.0,53.0,68.0,66.0,75.0,45.0,21.0,26.0,48.0,616.0,NIKE LYNK FD1806,57,,FULL RIM,RECTANGLE,True,MALE,SUN,BIO INJ-G820,BIO INJ-G820,135.0,67.5
KS,NIKE SUN,EMEA,17.0,19.0,21.0,7.0,28.0,60.0,33.0,28.0,20.0,17.0,18.0,8.0,276.0,NIKE LYNK FD1806,57,,FULL RIM,RECTANGLE,True,MALE,SUN,BIO INJ-G820,BIO INJ-G820,135.0,67.5
KS,NIKE SUN,AMER,25.0,28.0,28.0,24.0,19.0,21.0,31.0,25.0,33.0,14.0,30.0,17.0,295.0,NIKE LYNK FD1806,57,,FULL RIM,RECTANGLE,True,MALE,SUN,BIO INJ-G820,BIO INJ-G820,135.0,67.5
KS,NIKE SUN,EMEA,23.0,68.0,72.0,15.0,55.0,57.0,61.0,52.0,48.0,45.0,36.0,38.0,570.0,NIKE LYNK FD1806,57,,FULL RIM,RECTANGLE,True,MALE,SUN,BIO INJ-G820,BIO INJ-G820,135.0,67.5
KS,NIKE SUN,AMER,44.0,57.0,51.0,59.0,44.0,61.0,52.0,49.0,52.0,38.0,25.0,44.0,576.0,NIKE LYNK M FD1817,5,,FULL RIM,RECTANGLE,True,MALE,SUN,BIO INJ-G820,BIO INJ-G820,155.0,77.5
KS,NIKE SUN,EMEA,26.0,33.0,43.0,11.0,72.0,70.0,40.0,32.0,30.0,24.0,30.0,19.0,430.0,NIKE LYNK M FD1817,5,,FULL RIM,RECTANGLE,True,MALE,SUN,BIO INJ-G820,BIO INJ-G820,155.0,77.5
KS,NIKE SUN,AMER,17.0,6.0,23.0,10.0,15.0,6.0,7.0,8.0,17.0,15.0,12.0,14.0,150.0,NIKE FIRE P FD1818,5,,FULL RIM,SQUARE,True,UNISEX,SUN,BIO INJ-G820,BIO INJ-G820,185.0,92.5
KS,NIKE SUN,EMEA,14.0,15.0,7.0,5.0,16.0,38.0,25.0,41.0,23.0,13.0,18.0,13.0,228.0,NIKE FIRE P FD1818,5,,FULL RIM,SQUARE,True,UNISEX,SUN,BIO INJ-G820,BIO INJ-G820,185.0,92.5
KS,NIKE SUN,AMER,39.0,44.0,21.0,23.0,29.0,18.0,9.0,20.0,49.0,43.0,44.0,40.0,379.0,NIKE FIRE P FD1818,5,,FULL RIM,SQUARE,True,UNISEX,SUN,BIO INJ-G820,BIO INJ-G820,185.0,92.5
KS,NIKE SUN,EMEA,38.0,37.0,22.0,19.0,44.0,68.0,69.0,80.0,43.0,55.0,35.0,24.0,534.0,NIKE FIRE P FD1818,5,,FULL RIM,SQUARE,True,UNISEX,SUN,BIO INJ-G820,BIO INJ-G820,185.0,92.5
KS,NIKE SUN,AMER,43.0,30.0,35.0,22.0,17.0,9.0,9.0,15.0,22.0,40.0,24.0,32.0,298.0,NIKE FIRE P FD1818,5,,FULL RIM,SQUARE,True,UNISEX,SUN,BIO INJ-G820,BIO INJ-G820,185.0,92.5
KS,NIKE SUN,EMEA,31.0,84.0,71.0,32.0,92.0,102.0,49.0,30.0,100.0,55.0,59.0,45.0,750.0,NIKE FIRE P FD1818,5,,FULL RIM,SQUARE,True,UNISEX,SUN,BIO INJ-G820,BIO INJ-G820,185.0,92.5
KS,NIKE SUN,AMER,14.0,26.0,22.0,21.0,17.0,42.0,32.0,15.0,22.0,22.0,15.0,30.0,278.0,NIKE FIRE P FD1818,5,,FULL RIM,SQUARE,True,UNISEX,SUN,BIO INJ-G820,BIO INJ-G820,185.0,92.5
KS,NIKE SUN,EMEA,20.0,49.0,59.0,15.0,63.0,83.0,50.0,29.0,40.0,34.0,26.0,28.0,496.0,NIKE FIRE P FD1818,5,,FULL RIM,SQUARE,True,UNISEX,SUN,BIO INJ-G820,BIO INJ-G820,185.0,92.5
KS,NIKE SUN,AMER,25.0,38.0,39.0,52.0,25.0,22.0,14.0,20.0,16.0,32.0,50.0,59.0,392.0,NIKE FIRE L P FD1819,,,FULL RIM,SQUARE,True,UNISEX,SUN,BIO INJ-G820,BIO INJ-G820,185.0,92.5
KS,NIKE SUN,EMEA,29.0,62.0,59.0,7.0,54.0,52.0,66.0,66.0,41.0,60.0,34.0,62.0,592.0,NIKE FIRE L P FD1819,,,FULL RIM,SQUARE,True,UNISEX,SUN,BIO INJ-G820,BIO INJ-G820,185.0,92.5
KS,NIKE SUN,AMER,31.0,40.0,49.0,55.0,50.0,58.0,87.0,90.0,55.0,52.0,27.0,60.0,654.0,NIKE FIRE L P FD1819,,,FULL RIM,SQUARE,True,UNISEX,SUN,BIO INJ-G820,BIO INJ-G820,185.0,92.5
KS,NIKE SUN,EMEA,71.0,68.0,72.0,30.0,134.0,137.0,125.0,163.0,114.0,106.0,72.0,48.0,1140.0,NIKE FIRE L P FD1819,,,FULL RIM,SQUARE,True,UNISEX,SUN,BIO INJ-G820,BIO INJ-G820,185.0,92.5
KS,NIKE SUN,AMER,27.0,37.0,28.0,33.0,12.0,27.0,50.0,64.0,41.0,44.0,23.0,8.0,394.0,NIKE FIRE L P FD1819,,,FULL RIM,SQUARE,True,UNISEX,SUN,BIO INJ-G820,BIO INJ-G820,185.0,92.5
KS,NIKE SUN,EMEA,58.0,57.0,33.0,18.0,53.0,58.0,65.0,93.0,75.0,42.0,32.0,34.0,618.0,NIKE FIRE L P FD1819,,,FULL RIM,SQUARE,True,UNISEX,SUN,BIO INJ-G820,BIO INJ-G820,185.0,92.5
KS,NIKE SUN,AMER,31.0,34.0,39.0,29.0,20.0,11.0,8.0,21.0,14.0,40.0,34.0,38.0,319.0,NIKE FIRE L P FD1819,,,FULL RIM,SQUARE,True,UNISEX,SUN,BIO INJ-G820,BIO INJ-G820,185.0,92.5
KS,NIKE SUN,EMEA,49.0,70.0,45.0,29.0,75.0,109.0,84.0,97.0,53.0,68.0,46.0,48.0,773.0,NIKE FIRE L P FD1819,,,FULL RIM,SQUARE,True,UNISEX,SUN,BIO INJ-G820,BIO INJ-G820,185.0,92.5
KS,NIKE SUN,AMER,68.0,60.0,58.0,32.0,49.0,24.0,19.0,63.0,39.0,45.0,52.0,47.0,556.0,NIKE RAVE P FD1849,5,,FULL RIM,SQUARE,True,FEMALE,SUN,BIO INJ-G820,BIO INJ-G820,185.0,92.5
KS,NIKE SUN,EMEA,40.0,77.0,76.0,17.0,50.0,58.0,56.0,52.0,46.0,35.0,44.0,42.0,593.0,NIKE RAVE P FD1849,5,,FULL RIM,SQUARE,True,FEMALE,SUN,BIO INJ-G820,BIO INJ-G820,185.0,92.5
KS,NIKE SUN,AMER,26.0,22.0,28.0,93.0,55.0,61.0,48.0,50.0,49.0,55.0,41.0,56.0,584.0,NIKE RAVE P FD1849,5,,FULL RIM,SQUARE,True,FEMALE,SUN,BIO INJ-G820,BIO INJ-G820,185.0,92.5
KS,NIKE SUN,EMEA,74.0,129.0,111.0,69.0,162.0,178.0,172.0,215.0,188.0,225.0,114.0,104.0,1741.0,NIKE RAVE P FD1849,5,,FULL RIM,SQUARE,True,FEMALE,SUN,BIO INJ-G820,BIO INJ-G820,185.0,92.5
KS,NIKE SUN,AMER,63.0,69.0,57.0,15.0,15.0,62.0,59.0,157.0,67.0,55.0,65.0,66.0,750.0,NIKE RAVE P FD1849,5,,FULL RIM,SQUARE,True,FEMALE,SUN,BIO INJ-G820,BIO INJ-G820,185.0,92.5
KS,NIKE SUN,EMEA,60.0,84.0,45.0,27.0,61.0,81.0,67.0,89.0,57.0,50.0,60.0,74.0,755.0,NIKE RAVE P FD1849,5,,FULL RIM,SQUARE,True,FEMALE,SUN,BIO INJ-G820,BIO INJ-G820,185.0,92.5
KS,NIKE SUN,AMER,8.0,5.0,8.0,4.0,6.0,10.0,9.0,23.0,6.0,15.0,13.0,11.0,118.0,NIKE SWERVE P FD1850,,,FULL RIM,SQUARE,True,FEMALE,SUN,BIO INJ-G820,BIO INJ-G820,185.0,92.5
KS,NIKE SUN,EMEA,22.0,22.0,26.0,10.0,21.0,21.0,28.0,34.0,21.0,11.0,28.0,7.0,251.0,NIKE SWERVE P FD1850,,,FULL RIM,SQUARE,True,FEMALE,SUN,BIO INJ-G820,BIO INJ-G820,185.0,92.5
KS,NIKE SUN,AMER,7.0,20.0,17.0,12.0,7.0,9.0,15.0,22.0,17.0,17.0,27.0,10.0,180.0,NIKE SWERVE P FD1850,,,FULL RIM,SQUARE,True,FEMALE,SUN,BIO INJ-G820,BIO INJ-G820,185.0,92.5
KS,NIKE SUN,EMEA,51.0,71.0,47.0,28.0,73.0,110.0,78.0,101.0,43.0,20.0,24.0,21.0,667.0,NIKE SWERVE P FD1850,,,FULL RIM,SQUARE,True,FEMALE,SUN,BIO INJ-G820,BIO INJ-G820,185.0,92.5
KS,NIKE SUN,AMER,27.0,20.0,8.0,6.0,20.0,27.0,12.0,18.0,24.0,19.0,7.0,11.0,199.0,NIKE SWERVE P FD1850,,,FULL RIM,SQUARE,True,FEMALE,SUN,BIO INJ-G820,BIO INJ-G820,185.0,92.5
KS,NIKE SUN,EMEA,47.0,65.0,54.0,33.0,103.0,86.0,71.0,78.0,63.0,65.0,52.0,28.0,745.0,NIKE SWERVE P FD1850,,,FULL RIM,SQUARE,True,FEMALE,SUN,BIO INJ-G820,BIO INJ-G820,185.0,92.5
KS,NIKE SUN,AMER,,,,,,,,,,2.0,28.0,20.0,50.0,NIKE MORPH LB FD1886,,,FULL RIM,RECTANGLE,True,MALE,SUN,BIO INJ-G820,BIO INJ-G820,135.0,67.5
KS,NIKE SUN,AMER,,,,,,,,,,3.0,21.0,21.0,45.0,NIKE MORPH LB FD1886,,,FULL RIM,RECTANGLE,True,MALE,SUN,BIO INJ-G820,BIO INJ-G820,135.0,67.5
KS,NIKE SUN,AMER,,,,,,,,,,1.0,23.0,35.0,59.0,NIKE MORPH LB M FD51,,,FULL RIM,RECTANGLE,True,MALE,SUN,BIO INJ-G820,BIO INJ-G820,155.0,77.5
KS,NIKE SUN,AMER,,,,,,,,,,,7.0,6.0,13.0,NIKE MORPH LB M FD51,,,FULL RIM,RECTANGLE,True,MALE,SUN,BIO INJ-G820,BIO INJ-G820,155.0,77.5
KS,NIKE SUN,AMER,93.0,95.0,89.0,73.0,55.0,82.0,142.0,48.0,100.0,126.0,115.0,139.0,1157.0,NIKE BRAZEN BOOST FJ,,,FULL RIM,RECTANGLE,True,MALE,SUN,BIO INJ-G820,BIO INJ-G820,145.0,72.5
KS,NIKE SUN,EMEA,18.0,18.0,21.0,6.0,18.0,38.0,20.0,15.0,20.0,22.0,17.0,11.0,224.0,NIKE BRAZEN BOOST FJ,,,FULL RIM,RECTANGLE,True,MALE,SUN,BIO INJ-G820,BIO INJ-G820,145.0,72.5
KS,NIKE SUN,AMER,57.0,23.0,20.0,25.0,49.0,40.0,41.0,121.0,42.0,36.0,57.0,80.0,591.0,NIKE BRAZEN BOOST FJ,,,FULL RIM,RECTANGLE,True,MALE,SUN,BIO INJ-G820,BIO INJ-G820,145.0,72.5
KS,NIKE SUN,EMEA,10.0,15.0,21.0,12.0,34.0,40.0,45.0,36.0,23.0,7.0,12.0,12.0,267.0,NIKE BRAZEN BOOST FJ,,,FULL RIM,RECTANGLE,True,MALE,SUN,BIO INJ-G820,BIO INJ-G820,145.0,72.5
KS,NIKE SUN,AMER,40.0,42.0,44.0,43.0,44.0,62.0,102.0,96.0,52.0,76.0,56.0,38.0,695.0,NIKE BRAZEN BOOST FJ,,,FULL RIM,RECTANGLE,True,MALE,SUN,BIO INJ-G820,BIO INJ-G820,145.0,72.5
KS,NIKE SUN,EMEA,4.0,7.0,4.0,3.0,14.0,11.0,16.0,16.0,17.0,5.0,12.0,7.0,116.0,NIKE BRAZEN BOOST FJ,,,FULL RIM,RECTANGLE,True,MALE,SUN,BIO INJ-G820,BIO INJ-G820,145.0,72.5
KS,NIKE SUN,AMER,33.0,32.0,40.0,39.0,33.0,45.0,66.0,72.0,63.0,66.0,83.0,74.0,646.0,NIKE BRAZEN BOOST M,,,FULL RIM,RECTANGLE,True,MALE,SUN,BIO INJ-G820,BIO INJ-G820,165.0,82.5
KS,NIKE SUN,EMEA,10.0,5.0,3.0,3.0,9.0,8.0,16.0,14.0,13.0,7.0,7.0,8.0,103.0,NIKE BRAZEN BOOST M,,,FULL RIM,RECTANGLE,True,MALE,SUN,BIO INJ-G820,BIO INJ-G820,165.0,82.5
KS,NIKE SUN,AMER,38.0,62.0,43.0,54.0,48.0,75.0,99.0,50.0,79.0,90.0,43.0,87.0,768.0,NIKE BRAZEN BOOST M,,,FULL RIM,RECTANGLE,True,MALE,SUN,BIO INJ-G820,BIO INJ-G820,165.0,82.5
KS,NIKE SUN,EMEA,5.0,19.0,40.0,2.0,22.0,19.0,17.0,24.0,13.0,15.0,10.0,13.0,199.0,NIKE BRAZEN BOOST M,,,FULL RIM,RECTANGLE,True,MALE,SUN,BIO INJ-G820,BIO INJ-G820,165.0,82.5
KS,NIKE SUN,AMER,38.0,39.0,35.0,48.0,35.0,21.0,40.0,48.0,64.0,64.0,43.0,57.0,532.0,NIKE BRAZEN SHADOW F,,,FULL RIM,RECTANGLE,True,MALE,SUN,BIO INJ-G820,BIO INJ-G820,145.0,72.5
KS,NIKE SUN,EMEA,,4.0,1.0,1.0,2.0,,1.0,2.0,1.0,,,2.0,14.0,NIKE BRAZEN SHADOW F,,,FULL RIM,RECTANGLE,True,MALE,SUN,BIO INJ-G820,BIO INJ-G820,145.0,72.5
KS,NIKE SUN,AMER,56.0,46.0,29.0,16.0,59.0,56.0,55.0,81.0,100.0,45.0,67.0,52.0,662.0,NIKE BRAZEN SHADOW F,,,FULL RIM,RECTANGLE,True,MALE,SUN,BIO INJ-G820,BIO INJ-G820,145.0,72.5
KS,NIKE SUN,EMEA,,2.0,1.0,,2.0,,2.0,,,,1.0,4.0,12.0,NIKE BRAZEN SHADOW F,,,FULL RIM,RECTANGLE,True,MALE,SUN,BIO INJ-G820,BIO INJ-G820,145.0,72.5
KS,NIKE SUN,AMER,69.0,66.0,90.0,81.0,48.0,59.0,102.0,56.0,52.0,50.0,87.0,52.0,812.0,NIKE BRAZEN SHADOW F,,,FULL RIM,RECTANGLE,True,MALE,SUN,BIO INJ-G820,BIO INJ-G820,145.0,72.5
KS,NIKE SUN,EMEA,2.0,7.0,3.0,2.0,2.0,2.0,2.0,,2.0,1.0,2.0,1.0,26.0,NIKE BRAZEN SHADOW F,,,FULL RIM,RECTANGLE,True,MALE,SUN,BIO INJ-G820,BIO INJ-G820,145.0,72.5
KS,NIKE SUN,AMER,31.0,51.0,33.0,14.0,13.0,44.0,28.0,41.0,23.0,12.0,14.0,31.0,335.0,NIKE BRAZEN SHADOW M,,,FULL RIM,RECTANGLE,True,MALE,SUN,BIO INJ-G820,BIO INJ-G820,165.0,82.5
KS,NIKE SUN,EMEA,,3.0,,1.0,,1.0,3.0,2.0,,,,2.0,12.0,NIKE BRAZEN SHADOW M,,,FULL RIM,RECTANGLE,True,MALE,SUN,BIO INJ-G820,BIO INJ-G820,165.0,82.5
KS,NIKE SUN,AMER,45.0,45.0,48.0,62.0,63.0,62.0,74.0,57.0,64.0,65.0,69.0,60.0,714.0,NIKE VALIANT FJ1996,,,FULL RIM,SQUARE,True,UNISEX,SUN,BIO INJ-G820,BIO INJ-G820,125.0,62.5
KS,NIKE SUN,EMEA,19.0,29.0,25.0,12.0,49.0,39.0,50.0,75.0,21.0,25.0,34.0,27.0,405.0,NIKE VALIANT FJ1996,,,FULL RIM,SQUARE,True,UNISEX,SUN,BIO INJ-G820,BIO INJ-G820,125.0,62.5
KS,NIKE SUN,AMER,39.0,31.0,49.0,42.0,57.0,39.0,51.0,68.0,74.0,62.0,57.0,64.0,633.0,NIKE VALIANT FJ1996,,,FULL RIM,SQUARE,True,UNISEX,SUN,BIO INJ-G820,BIO INJ-G820,125.0,62.5
KS,NIKE SUN,EMEA,16.0,35.0,24.0,10.0,23.0,46.0,35.0,55.0,55.0,21.0,22.0,25.0,367.0,NIKE VALIANT FJ1996,,,FULL RIM,SQUARE,True,UNISEX,SUN,BIO INJ-G820,BIO INJ-G820,125.0,62.5
KS,NIKE SUN,AMER,14.0,17.0,12.0,23.0,28.0,20.0,32.0,28.0,28.0,60.0,40.0,48.0,350.0,NIKE VALIANT FJ1996,,,FULL RIM,SQUARE,True,UNISEX,SUN,BIO INJ-G820,BIO INJ-G820,125.0,62.5
KS,NIKE SUN,EMEA,12.0,34.0,21.0,16.0,46.0,47.0,54.0,46.0,26.0,35.0,24.0,14.0,375.0,NIKE VALIANT FJ1996,,,FULL RIM,SQUARE,True,UNISEX,SUN,BIO INJ-G820,BIO INJ-G820,125.0,62.5
KS,NIKE SUN,AMER,27.0,33.0,22.0,24.0,24.0,31.0,31.0,32.0,51.0,35.0,32.0,44.0,386.0,NIKE VALIANT M FJ199,,,FULL RIM,SQUARE,True,UNISEX,SUN,BIO INJ-G820,BIO INJ-G820,145.0,72.5
KS,NIKE SUN,EMEA,21.0,17.0,19.0,10.0,36.0,63.0,53.0,47.0,37.0,26.0,23.0,17.0,369.0,NIKE VALIANT M FJ199,,,FULL RIM,SQUARE,True,UNISEX,SUN,BIO INJ-G820,BIO INJ-G820,145.0,72.5
KS,NIKE SUN,AMER,14.0,18.0,19.0,25.0,12.0,25.0,34.0,17.0,24.0,12.0,8.0,9.0,217.0,NIKE ENDURE FJ2185,5,,FULL RIM,RECTANGLE,True,MALE,SUN,BIO INJ-G820,BIO INJ-G820,135.0,67.5
KS,NIKE SUN,EMEA,14.0,29.0,14.0,6.0,51.0,53.0,44.0,58.0,18.0,45.0,27.0,29.0,388.0,NIKE ENDURE FJ2185,5,,FULL RIM,RECTANGLE,True,MALE,SUN,BIO INJ-G820,BIO INJ-G820,135.0,67.5
KS,NIKE SUN,AMER,20.0,20.0,13.0,16.0,28.0,25.0,23.0,35.0,43.0,39.0,41.0,35.0,338.0,NIKE ENDURE FJ2185,5,,FULL RIM,RECTANGLE,True,MALE,SUN,BIO INJ-G820,BIO INJ-G820,135.0,67.5
KS,NIKE SUN,EMEA,17.0,11.0,9.0,7.0,25.0,31.0,29.0,42.0,45.0,34.0,19.0,21.0,290.0,NIKE ENDURE FJ2185,5,,FULL RIM,RECTANGLE,True,MALE,SUN,BIO INJ-G820,BIO INJ-G820,135.0,67.5
KS,NIKE SUN,AMER,21.0,25.0,13.0,12.0,21.0,30.0,18.0,18.0,19.0,18.0,10.0,21.0,226.0,NIKE ENDURE M FJ2198,,,FULL RIM,RECTANGLE,True,MALE,SUN,BIO INJ-G820,BIO INJ-G820,155.0,77.5
KS,NIKE SUN,EMEA,16.0,18.0,13.0,18.0,19.0,58.0,37.0,36.0,23.0,27.0,22.0,4.0,291.0,NIKE ENDURE M FJ2198,,,FULL RIM,RECTANGLE,True,MALE,SUN,BIO INJ-G820,BIO INJ-G820,155.0,77.5
KS,NIKE SUN,AMER,13.0,17.0,20.0,16.0,8.0,14.0,6.0,11.0,29.0,17.0,17.0,16.0,184.0,NIKE ENDURE M FJ2198,,,FULL RIM,RECTANGLE,True,MALE,SUN,BIO INJ-G820,BIO INJ-G820,155.0,77.5
KS,NIKE SUN,EMEA,14.0,19.0,23.0,12.0,53.0,75.0,68.0,50.0,27.0,24.0,24.0,12.0,401.0,NIKE ENDURE M FJ2198,,,FULL RIM,RECTANGLE,True,MALE,SUN,BIO INJ-G820,BIO INJ-G820,155.0,77.5
KS,NIKE SUN,AMER,10.0,12.0,11.0,8.0,10.0,8.0,12.0,15.0,12.0,13.0,9.0,7.0,127.0,NIKE ENDURE P FJ2215,,,FULL RIM,RECTANGLE,True,MALE,SUN,BIO INJ-G820,BIO INJ-G820,185.0,92.5
KS,NIKE SUN,EMEA,13.0,16.0,14.0,7.0,46.0,41.0,31.0,19.0,4.0,19.0,18.0,10.0,238.0,NIKE ENDURE P FJ2215,,,FULL RIM,RECTANGLE,True,MALE,SUN,BIO INJ-G820,BIO INJ-G820,185.0,92.5
KS,NIKE SUN,AMER,26.0,54.0,39.0,37.0,78.0,43.0,68.0,79.0,112.0,70.0,68.0,52.0,726.0,NIKE BRAZEN FURY  FJ,,,FULL RIM,RECTANGLE,True,MALE,SUN,BIO INJ-G820,BIO INJ-G820,145.0,72.5
KS,NIKE SUN,EMEA,6.0,11.0,5.0,6.0,11.0,14.0,14.0,18.0,13.0,4.0,8.0,3.0,113.0,NIKE BRAZEN FURY  FJ,,,FULL RIM,RECTANGLE,True,MALE,SUN,BIO INJ-G820,BIO INJ-G820,145.0,72.5
KS,NIKE SUN,AMER,24.0,37.0,34.0,5.0,39.0,35.0,23.0,37.0,52.0,22.0,35.0,66.0,409.0,NIKE BRAZEN FURY  FJ,,,FULL RIM,RECTANGLE,True,MALE,SUN,BIO INJ-G820,BIO INJ-G820,145.0,72.5
KS,NIKE SUN,EMEA,7.0,15.0,3.0,3.0,12.0,8.0,7.0,12.0,9.0,3.0,4.0,3.0,86.0,NIKE BRAZEN FURY  FJ,,,FULL RIM,RECTANGLE,True,MALE,SUN,BIO INJ-G820,BIO INJ-G820,145.0,72.5
KS,NIKE SUN,AMER,35.0,52.0,87.0,74.0,56.0,59.0,102.0,19.0,55.0,94.0,92.0,84.0,809.0,NIKE BRAZEN FURY  FJ,,,FULL RIM,RECTANGLE,True,MALE,SUN,BIO INJ-G820,BIO INJ-G820,145.0,72.5
KS,NIKE SUN,EMEA,7.0,22.0,12.0,6.0,29.0,34.0,33.0,26.0,18.0,13.0,17.0,8.0,225.0,NIKE BRAZEN FURY  FJ,,,FULL RIM,RECTANGLE,True,MALE,SUN,BIO INJ-G820,BIO INJ-G820,145.0,72.5
KS,NIKE SUN,AMER,12.0,3.0,54.0,5.0,96.0,45.0,86.0,50.0,34.0,80.0,26.0,63.0,554.0,NIKE BRAZEN FURY M F,,,FULL RIM,RECTANGLE,True,MALE,SUN,BIO INJ-G820,BIO INJ-G820,165.0,82.5
KS,NIKE SUN,EMEA,9.0,12.0,3.0,5.0,6.0,11.0,7.0,14.0,3.0,11.0,10.0,4.0,95.0,NIKE BRAZEN FURY M F,,,FULL RIM,RECTANGLE,True,MALE,SUN,BIO INJ-G820,BIO INJ-G820,165.0,82.5
KS,NIKE SUN,AMER,47.0,22.0,20.0,24.0,56.0,43.0,46.0,46.0,76.0,55.0,55.0,16.0,506.0,NIKE BRAZEN FURY E F,,,FULL RIM,RECTANGLE,True,MALE,SUN,BIO INJ-G820,BIO INJ-G820,145.0,72.5
KS,NIKE SUN,EMEA,13.0,24.0,12.0,5.0,22.0,44.0,27.0,28.0,21.0,19.0,20.0,7.0,242.0,NIKE BRAZEN FURY E F,,,FULL RIM,RECTANGLE,True,MALE,SUN,BIO INJ-G820,BIO INJ-G820,145.0,72.5
KS,NIKE SUN,AMER,,,,,,,,,,1.0,35.0,22.0,58.0,NIKE RADEON 3 LB FV2,,,FULL RIM,RECTANGLE,True,MALE,SUN,BIO INJ-G820,BIO INJ-G820,149.0,74.5
KS,NIKE SUN,AMER,,,,,,,,,,6.0,19.0,23.0,48.0,NIKE RADEON 3 LB P F,,,FULL RIM,RECTANGLE,True,MALE,SUN,BIO INJ-G820,BIO INJ-G820,189.0,94.5
KS,NIKE SUN,AMER,176.0,151.0,115.0,37.0,33.0,95.0,71.0,76.0,102.0,85.0,75.0,59.0,1075.0,NIKE METAL FUSION FV,,,FULL RIM,SQUARE,True,UNISEX,SUN,METAL,METAL,199.0,99.5
KS,NIKE SUN,EMEA,5.0,8.0,4.0,3.0,30.0,12.0,14.0,9.0,10.0,3.0,3.0,2.0,103.0,NIKE METAL FUSION FV,,,FULL RIM,SQUARE,True,UNISEX,SUN,METAL,METAL,199.0,99.5
KS,NIKE SUN,AMER,44.0,53.0,41.0,56.0,21.0,27.0,20.0,24.0,20.0,35.0,15.0,27.0,383.0,NIKE METAL FUSION FV,,,FULL RIM,SQUARE,True,UNISEX,SUN,METAL,METAL,199.0,99.5
KS,NIKE SUN,EMEA,2.0,1.0,1.0,,1.0,1.0,6.0,1.0,4.0,,,4.0,21.0,NIKE METAL FUSION FV,,,FULL RIM,SQUARE,True,UNISEX,SUN,METAL,METAL,199.0,99.5
KS,NIKE SUN,AMER,81.0,72.0,61.0,20.0,27.0,39.0,16.0,23.0,19.0,25.0,13.0,24.0,420.0,NIKE METAL FUSION M,,,FULL RIM,SQUARE,True,UNISEX,SUN,METAL,METAL,219.0,109.5
KS,NIKE SUN,EMEA,2.0,1.0,4.0,2.0,12.0,2.0,7.0,,2.0,5.0,6.0,3.0,46.0,NIKE METAL FUSION M,,,FULL RIM,SQUARE,True,UNISEX,SUN,METAL,METAL,219.0,109.5
KS,NIKE SUN,AMER,23.0,37.0,22.0,8.0,6.0,21.0,21.0,32.0,26.0,15.0,12.0,12.0,235.0,NIKE FLYFREE M FV239,,,FULL RIM,SQUARE,True,UNISEX,SUN,BIO INJ-G820,BIO INJ-G820,269.0,134.5
KS,NIKE SUN,EMEA,127.0,298.0,174.0,94.0,147.0,156.0,137.0,120.0,102.0,130.0,60.0,30.0,1575.0,NIKE FLYFREE M FV239,,,FULL RIM,SQUARE,True,UNISEX,SUN,BIO INJ-G820,BIO INJ-G820,269.0,134.5
KS,NIKE SUN,AMER,37.0,105.0,88.0,81.0,36.0,48.0,41.0,58.0,45.0,44.0,32.0,23.0,638.0,NIKE FLYFREE M FV239,,,FULL RIM,SQUARE,True,UNISEX,SUN,BIO INJ-G820,BIO INJ-G820,269.0,134.5
KS,NIKE SUN,EMEA,131.0,311.0,228.0,98.0,183.0,183.0,177.0,123.0,114.0,180.0,77.0,42.0,1847.0,NIKE FLYFREE M FV239,,,FULL RIM,SQUARE,True,UNISEX,SUN,BIO INJ-G820,BIO INJ-G820,269.0,134.5
KS,NIKE SUN,AMER,59.0,56.0,50.0,23.0,13.0,30.0,28.0,21.0,20.0,19.0,37.0,11.0,367.0,NIKE FLYFREE M FV239,,,FULL RIM,SQUARE,True,UNISEX,SUN,BIO INJ-G820,BIO INJ-G820,269.0,134.5
KS,NIKE SUN,EMEA,108.0,275.0,211.0,119.0,145.0,164.0,135.0,95.0,86.0,111.0,53.0,26.0,1528.0,NIKE FLYFREE M FV239,,,FULL RIM,SQUARE,True,UNISEX,SUN,BIO INJ-G820,BIO INJ-G820,269.0,134.5
KS,NIKE SUN,AMER,75.0,107.0,99.0,36.0,42.0,86.0,65.0,87.0,74.0,76.0,72.0,77.0,896.0,NIKE RADEON 1 FV2402,,,FULL RIM,RECTANGLE,True,MALE,SUN,BIO INJ-G820,BIO INJ-G820,125.0,62.5
KS,NIKE SUN,EMEA,21.0,30.0,57.0,24.0,54.0,53.0,65.0,69.0,48.0,50.0,24.0,9.0,504.0,NIKE RADEON 1 FV2402,,,FULL RIM,RECTANGLE,True,MALE,SUN,BIO INJ-G820,BIO INJ-G820,125.0,62.5
KS,NIKE SUN,AMER,115.0,171.0,77.0,72.0,52.0,94.0,117.0,103.0,66.0,72.0,100.0,94.0,1133.0,NIKE RADEON 1 FV2402,,,FULL RIM,RECTANGLE,True,MALE,SUN,BIO INJ-G820,BIO INJ-G820,125.0,62.5
KS,NIKE SUN,EMEA,49.0,78.0,107.0,34.0,189.0,160.0,116.0,97.0,119.0,86.0,80.0,71.0,1186.0,NIKE RADEON 1 FV2402,,,FULL RIM,RECTANGLE,True,MALE,SUN,BIO INJ-G820,BIO INJ-G820,125.0,62.5
KS,NIKE SUN,AMER,36.0,50.0,39.0,41.0,44.0,27.0,25.0,33.0,44.0,45.0,27.0,43.0,454.0,NIKE RADEON 1 M FV24,,,FULL RIM,RECTANGLE,True,MALE,SUN,BIO INJ-G820,BIO INJ-G820,145.0,72.5
KS,NIKE SUN,EMEA,3.0,10.0,51.0,13.0,28.0,31.0,11.0,19.0,42.0,18.0,25.0,35.0,286.0,NIKE RADEON 1 M FV24,,,FULL RIM,RECTANGLE,True,MALE,SUN,BIO INJ-G820,BIO INJ-G820,145.0,72.5
KS,NIKE SUN,AMER,47.0,68.0,56.0,24.0,22.0,48.0,35.0,21.0,46.0,23.0,37.0,16.0,443.0,NIKE RADEON 1 M FV24,,,FULL RIM,RECTANGLE,True,MALE,SUN,BIO INJ-G820,BIO INJ-G820,145.0,72.5
KS,NIKE SUN,EMEA,35.0,65.0,65.0,28.0,133.0,91.0,47.0,41.0,36.0,48.0,47.0,23.0,659.0,NIKE RADEON 1 M FV24,,,FULL RIM,RECTANGLE,True,MALE,SUN,BIO INJ-G820,BIO INJ-G820,145.0,72.5
KS,NIKE SUN,AMER,42.0,60.0,92.0,48.0,21.0,62.0,35.0,67.0,69.0,44.0,25.0,74.0,639.0,NIKE RADEON 1 P FV24,,,FULL RIM,RECTANGLE,True,MALE,SUN,BIO INJ-G820,BIO INJ-G820,175.0,87.5
KS,NIKE SUN,EMEA,45.0,89.0,71.0,17.0,101.0,102.0,52.0,64.0,47.0,36.0,31.0,21.0,676.0,NIKE RADEON 1 P FV24,,,FULL RIM,RECTANGLE,True,MALE,SUN,BIO INJ-G820,BIO INJ-G820,175.0,87.5
KS,NIKE SUN,AMER,67.0,95.0,66.0,65.0,37.0,41.0,62.0,68.0,113.0,76.0,45.0,44.0,779.0,NIKE EMBAR P FV2409,,,FULL RIM,SQUARE,True,UNISEX,SUN,BIO INJ-G820,BIO INJ-G820,185.0,92.5
KS,NIKE SUN,EMEA,44.0,40.0,57.0,17.0,86.0,63.0,58.0,72.0,43.0,35.0,41.0,24.0,580.0,NIKE EMBAR P FV2409,,,FULL RIM,SQUARE,True,UNISEX,SUN,BIO INJ-G820,BIO INJ-G820,185.0,92.5
KS,NIKE SUN,AMER,73.0,63.0,55.0,30.0,36.0,33.0,29.0,46.0,56.0,40.0,33.0,42.0,536.0,NIKE EMBAR P FV2409,,,FULL RIM,SQUARE,True,UNISEX,SUN,BIO INJ-G820,BIO INJ-G820,185.0,92.5
KS,NIKE SUN,EMEA,56.0,47.0,49.0,63.0,84.0,92.0,54.0,61.0,45.0,31.0,41.0,26.0,649.0,NIKE EMBAR P FV2409,,,FULL RIM,SQUARE,True,UNISEX,SUN,BIO INJ-G820,BIO INJ-G820,185.0,92.5
KS,NIKE SUN,AMER,114.0,114.0,107.0,53.0,17.0,65.0,86.0,43.0,95.0,66.0,60.0,54.0,874.0,NIKE EMBAR P FV2409,,,FULL RIM,SQUARE,True,UNISEX,SUN,BIO INJ-G820,BIO INJ-G820,185.0,92.5
KS,NIKE SUN,EMEA,29.0,32.0,37.0,14.0,105.0,101.0,69.0,71.0,58.0,39.0,36.0,31.0,622.0,NIKE EMBAR P FV2409,,,FULL RIM,SQUARE,True,UNISEX,SUN,BIO INJ-G820,BIO INJ-G820,185.0,92.5
KS,NIKE SUN,AMER,,,,,,,,,,,,1.0,1.0,NIKE MAVERICK E N IB,,,FULL RIM,SQUARE,True,UNISEX,SUN,BIO INJ-G820,BIO INJ-G820,165.0,82.5
KS,NIKE SUN,EMEA,,,,,,,,,,,,1.0,1.0,NIKE MAVERICK E N IB,,,FULL RIM,SQUARE,True,UNISEX,SUN,BIO INJ-G820,BIO INJ-G820,165.0,82.5
KS,NIKE SUN,AMER,,,,,,,,,,,1.0,1.0,2.0,NIKE MAVERICK N IB69,,,FULL RIM,SQUARE,True,UNISEX,SUN,BIO INJ-G820,BIO INJ-G820,165.0,82.5
KS,NIKE SUN,AMER,,,,,,,,,,,,1.0,1.0,NIKE MAVERICK N IB69,,,FULL RIM,SQUARE,True,UNISEX,SUN,BIO INJ-G820,BIO INJ-G820,165.0,82.5
LA,LACOSTE OPTICAL,AMER,29.0,31.0,24.0,40.0,35.0,44.0,33.0,51.0,49.0,28.0,35.0,40.0,439.0,L2692,54,BLACK,FULL RIM,RECTANGLE,True,MALE,OPTICAL,ACETATE,ACETATE,220.0,110.0
LA,LACOSTE OPTICAL,EMEA,57.0,48.0,47.0,37.0,39.0,47.0,38.0,25.0,47.0,43.0,95.0,28.0,551.0,L2692,54,BLACK,FULL RIM,RECTANGLE,True,MALE,OPTICAL,ACETATE,ACETATE,220.0,110.0
LA,LACOSTE OPTICAL,AMER,49.0,61.0,57.0,83.0,49.0,53.0,53.0,61.0,52.0,47.0,57.0,57.0,679.0,L2692,54,BLACK/BLUE,FULL RIM,RECTANGLE,True,MALE,OPTICAL,ACETATE,ACETATE,220.0,110.0
LA,LACOSTE OPTICAL,EMEA,117.0,137.0,115.0,61.0,98.0,81.0,73.0,86.0,86.0,90.0,114.0,33.0,1091.0,L2692,54,BLACK/BLUE,FULL RIM,RECTANGLE,True,MALE,OPTICAL,ACETATE,ACETATE,220.0,110.0
LA,LACOSTE OPTICAL,AMER,93.0,122.0,94.0,127.0,87.0,112.0,96.0,116.0,136.0,87.0,101.0,90.0,1261.0,L2692,54,TRANSPARENT,FULL RIM,RECTANGLE,True,MALE,OPTICAL,ACETATE,ACETATE,220.0,110.0
LA,LACOSTE OPTICAL,EMEA,303.0,356.0,305.0,209.0,264.0,304.0,324.0,340.0,297.0,295.0,363.0,148.0,3508.0,L2692,54,TRANSPARENT,FULL RIM,RECTANGLE,True,MALE,OPTICAL,ACETATE,ACETATE,220.0,110.0
LA,LACOSTE OPTICAL,AMER,43.0,61.0,39.0,53.0,38.0,54.0,67.0,61.0,64.0,48.0,48.0,52.0,628.0,L2692,54,HAVANA,FULL RIM,RECTANGLE,True,MALE,OPTICAL,ACETATE,ACETATE,220.0,110.0
LA,LACOSTE OPTICAL,EMEA,23.0,44.0,34.0,14.0,41.0,30.0,24.0,24.0,14.0,26.0,21.0,15.0,310.0,L2692,54,HAVANA,FULL RIM,RECTANGLE,True,MALE,OPTICAL,ACETATE,ACETATE,220.0,110.0
LA,LACOSTE OPTICAL,AMER,7.0,10.0,9.0,16.0,5.0,6.0,8.0,15.0,23.0,7.0,13.0,16.0,135.0,L2692,54,BLUE/YELLOW,FULL RIM,RECTANGLE,True,MALE,OPTICAL,ACETATE,ACETATE,220.0,110.0
LA,LACOSTE OPTICAL,EMEA,65.0,71.0,58.0,22.0,50.0,45.0,57.0,43.0,41.0,55.0,54.0,26.0,587.0,L2692,54,BLUE/YELLOW,FULL RIM,RECTANGLE,True,MALE,OPTICAL,ACETATE,ACETATE,220.0,110.0
LA,LACOSTE OPTICAL,AMER,23.0,21.0,26.0,35.0,18.0,31.0,16.0,27.0,28.0,24.0,21.0,25.0,295.0,L2692,54,TRANSPARENT,FULL RIM,RECTANGLE,True,MALE,OPTICAL,ACETATE,ACETATE,220.0,110.0
LA,LACOSTE OPTICAL,EMEA,217.0,227.0,192.0,127.0,167.0,191.0,171.0,199.0,172.0,192.0,207.0,94.0,2156.0,L2692,54,TRANSPARENT,FULL RIM,RECTANGLE,True,MALE,OPTICAL,ACETATE,ACETATE,220.0,110.0
LA,LACOSTE OPTICAL,AMER,11.0,27.0,23.0,15.0,12.0,15.0,17.0,9.0,12.0,17.0,13.0,15.0,186.0,L2707,51,BLACK,FULL RIM,SQUARE,True,UNISEX,OPTICAL,ACETATE,ACETATE,199.95,99.98
LA,LACOSTE OPTICAL,EMEA,15.0,54.0,138.0,32.0,59.0,69.0,54.0,41.0,59.0,33.0,41.0,26.0,621.0,L2707,51,BLACK,FULL RIM,SQUARE,True,UNISEX,OPTICAL,ACETATE,ACETATE,199.95,99.98
LA,LACOSTE OPTICAL,AMER,4.0,12.0,10.0,10.0,8.0,7.0,1.0,2.0,2.0,3.0,4.0,6.0,69.0,L2707,51,MATTE BLACK,FULL RIM,SQUARE,True,UNISEX,OPTICAL,ACETATE,ACETATE,199.95,99.98
LA,LACOSTE OPTICAL,EMEA,12.0,32.0,23.0,9.0,27.0,18.0,14.0,8.0,7.0,12.0,12.0,5.0,179.0,L2707,51,MATTE BLACK,FULL RIM,SQUARE,True,UNISEX,OPTICAL,ACETATE,ACETATE,199.95,99.98
LA,LACOSTE OPTICAL,AMER,77.0,88.0,37.0,16.0,23.0,48.0,37.0,42.0,40.0,27.0,27.0,30.0,492.0,L2707,51,MATTE BLACK,FULL RIM,SQUARE,True,UNISEX,OPTICAL,ACETATE,ACETATE,199.95,99.98
LA,LACOSTE OPTICAL,EMEA,179.0,107.0,45.0,19.0,40.0,85.0,27.0,23.0,18.0,33.0,28.0,19.0,623.0,L2707,51,MATTE BLACK,FULL RIM,SQUARE,True,UNISEX,OPTICAL,ACETATE,ACETATE,199.95,99.98
LA,LACOSTE OPTICAL,AMER,8.0,20.0,30.0,33.0,23.0,27.0,19.0,29.0,20.0,15.0,20.0,19.0,263.0,L2707,51,GREY,FULL RIM,SQUARE,True,UNISEX,OPTICAL,ACETATE,ACETATE,199.95,99.98
LA,LACOSTE OPTICAL,EMEA,13.0,40.0,46.0,25.0,53.0,77.0,37.0,30.0,29.0,28.0,36.0,20.0,434.0,L2707,51,GREY,FULL RIM,SQUARE,True,UNISEX,OPTICAL,ACETATE,ACETATE,199.95,99.98
LA,LACOSTE OPTICAL,AMER,25.0,20.0,22.0,17.0,8.0,15.0,8.0,9.0,7.0,3.0,8.0,8.0,150.0,L2707,51,KHAKI / HAV,FULL RIM,SQUARE,True,UNISEX,OPTICAL,ACETATE,ACETATE,199.95,99.98
LA,LACOSTE OPTICAL,EMEA,48.0,31.0,31.0,9.0,23.0,19.0,17.0,8.0,11.0,14.0,10.0,8.0,229.0,L2707,51,KHAKI / HAV,FULL RIM,SQUARE,True,UNISEX,OPTICAL,ACETATE,ACETATE,199.95,99.98
LA,LACOSTE OPTICAL,AMER,12.0,33.0,39.0,29.0,32.0,27.0,22.0,30.0,53.0,23.0,21.0,24.0,345.0,L2707,51,BLUE STEEL/,FULL RIM,SQUARE,True,UNISEX,OPTICAL,ACETATE,ACETATE,199.95,99.98
LA,LACOSTE OPTICAL,EMEA,27.0,69.0,55.0,27.0,100.0,64.0,46.0,48.0,38.0,29.0,39.0,28.0,570.0,L2707,51,BLUE STEEL/,FULL RIM,SQUARE,True,UNISEX,OPTICAL,ACETATE,ACETATE,199.95,99.98
LA,LACOSTE OPTICAL,AMER,8.0,16.0,20.0,13.0,11.0,25.0,7.0,8.0,42.0,5.0,12.0,10.0,177.0,L2707,51,BLUE/GREEN,FULL RIM,SQUARE,True,UNISEX,OPTICAL,ACETATE,ACETATE,199.95,99.98
LA,LACOSTE OPTICAL,EMEA,30.0,41.0,123.0,25.0,33.0,32.0,20.0,20.0,29.0,21.0,24.0,19.0,417.0,L2707,51,BLUE/GREEN,FULL RIM,SQUARE,True,UNISEX,OPTICAL,ACETATE,ACETATE,199.95,99.98
LA,LACOSTE OPTICAL,AMER,88.0,105.0,95.0,111.0,94.0,106.0,105.0,123.0,107.0,91.0,98.0,83.0,1206.0,L2707,53,BLACK,FULL RIM,SQUARE,True,UNISEX,OPTICAL,ACETATE,ACETATE,199.95,99.98
LA,LACOSTE OPTICAL,EMEA,202.0,195.0,183.0,114.0,117.0,126.0,128.0,133.0,154.0,91.0,152.0,85.0,1680.0,L2707,53,BLACK,FULL RIM,SQUARE,True,UNISEX,OPTICAL,ACETATE,ACETATE,199.95,99.98
LA,LACOSTE OPTICAL,AMER,16.0,17.0,16.0,14.0,19.0,15.0,13.0,13.0,21.0,11.0,17.0,15.0,187.0,L2707,53,MATTE BLACK,FULL RIM,SQUARE,True,UNISEX,OPTICAL,ACETATE,ACETATE,199.95,99.98
LA,LACOSTE OPTICAL,EMEA,166.0,197.0,210.0,116.0,166.0,200.0,169.0,150.0,147.0,151.0,119.0,73.0,1864.0,L2707,53,MATTE BLACK,FULL RIM,SQUARE,True,UNISEX,OPTICAL,ACETATE,ACETATE,199.95,99.98
LA,LACOSTE OPTICAL,AMER,64.0,61.0,28.0,14.0,26.0,57.0,62.0,50.0,58.0,41.0,30.0,39.0,530.0,L2707,53,MATTE BLACK,FULL RIM,SQUARE,True,UNISEX,OPTICAL,ACETATE,ACETATE,199.95,99.98
LA,LACOSTE OPTICAL,EMEA,381.0,243.0,309.0,106.0,169.0,240.0,304.0,244.0,233.0,231.0,262.0,113.0,2835.0,L2707,53,MATTE BLACK,FULL RIM,SQUARE,True,UNISEX,OPTICAL,ACETATE,ACETATE,199.95,99.98
LA,LACOSTE OPTICAL,AMER,140.0,140.0,150.0,132.0,145.0,150.0,154.0,137.0,161.0,127.0,125.0,132.0,1693.0,L2707,53,GREY,FULL RIM,SQUARE,True,UNISEX,OPTICAL,ACETATE,ACETATE,199.95,99.98
LA,LACOSTE OPTICAL,EMEA,230.0,269.0,167.0,126.0,174.0,178.0,187.0,133.0,157.0,148.0,218.0,107.0,2094.0,L2707,53,GREY,FULL RIM,SQUARE,True,UNISEX,OPTICAL,ACETATE,ACETATE,199.95,99.98
LA,LACOSTE OPTICAL,AMER,25.0,25.0,24.0,17.0,5.0,11.0,15.0,10.0,8.0,10.0,6.0,11.0,167.0,L2707,53,KHAKI / HAV,FULL RIM,SQUARE,True,UNISEX,OPTICAL,ACETATE,ACETATE,199.95,99.98
LA,LACOSTE OPTICAL,EMEA,59.0,31.0,49.0,13.0,32.0,26.0,21.0,15.0,8.0,13.0,12.0,3.0,282.0,L2707,53,KHAKI / HAV,FULL RIM,SQUARE,True,UNISEX,OPTICAL,ACETATE,ACETATE,199.95,99.98
LA,LACOSTE OPTICAL,AMER,90.0,129.0,80.0,96.0,85.0,86.0,94.0,95.0,111.0,79.0,94.0,98.0,1137.0,L2707,53,BLUE STEEL/,FULL RIM,SQUARE,True,UNISEX,OPTICAL,ACETATE,ACETATE,199.95,99.98
LA,LACOSTE OPTICAL,EMEA,676.0,707.0,600.0,764.0,493.0,635.0,600.0,468.0,464.0,534.0,597.0,343.0,6881.0,L2707,53,BLUE STEEL/,FULL RIM,SQUARE,True,UNISEX,OPTICAL,ACETATE,ACETATE,199.95,99.98
LA,LACOSTE OPTICAL,AMER,20.0,33.0,19.0,24.0,11.0,23.0,26.0,25.0,28.0,18.0,14.0,15.0,256.0,L2707,53,BLUE/GREEN,FULL RIM,SQUARE,True,UNISEX,OPTICAL,ACETATE,ACETATE,199.95,99.98
LA,LACOSTE OPTICAL,EMEA,183.0,210.0,174.0,95.0,143.0,179.0,150.0,143.0,112.0,115.0,124.0,80.0,1708.0,L2707,53,BLUE/GREEN,FULL RIM,SQUARE,True,UNISEX,OPTICAL,ACETATE,ACETATE,199.95,99.98
LA,LACOSTE OPTICAL,AMER,62.0,76.0,74.0,84.0,75.0,78.0,74.0,87.0,68.0,61.0,55.0,63.0,857.0,L2217,52,MATTE BLACK,FULL RIM,OVAL,True,FEMALE,OPTICAL,METAL,METAL,210.0,105.0
LA,LACOSTE OPTICAL,EMEA,67.0,78.0,36.0,41.0,51.0,48.0,39.0,41.0,39.0,44.0,51.0,32.0,567.0,L2217,52,MATTE BLACK,FULL RIM,OVAL,True,FEMALE,OPTICAL,METAL,METAL,210.0,105.0
LA,LACOSTE OPTICAL,AMER,49.0,74.0,52.0,54.0,55.0,56.0,62.0,68.0,59.0,52.0,42.0,62.0,685.0,L2217,52,GUNMETAL,FULL RIM,OVAL,True,FEMALE,OPTICAL,METAL,METAL,210.0,105.0
LA,LACOSTE OPTICAL,EMEA,34.0,31.0,23.0,14.0,34.0,42.0,21.0,21.0,21.0,13.0,32.0,19.0,305.0,L2217,52,GUNMETAL,FULL RIM,OVAL,True,FEMALE,OPTICAL,METAL,METAL,210.0,105.0
LA,LACOSTE OPTICAL,AMER,54.0,66.0,68.0,56.0,71.0,71.0,72.0,76.0,86.0,60.0,66.0,54.0,800.0,L2217,54,MATTE BLACK,FULL RIM,OVAL,True,FEMALE,OPTICAL,METAL,METAL,210.0,105.0
LA,LACOSTE OPTICAL,EMEA,132.0,148.0,136.0,98.0,99.0,111.0,124.0,126.0,192.0,86.0,100.0,50.0,1402.0,L2217,54,MATTE BLACK,FULL RIM,OVAL,True,FEMALE,OPTICAL,METAL,METAL,210.0,105.0
LA,LACOSTE OPTICAL,AMER,139.0,138.0,132.0,130.0,136.0,128.0,145.0,168.0,139.0,126.0,134.0,122.0,1637.0,L2217,54,GUNMETAL,FULL RIM,OVAL,True,FEMALE,OPTICAL,METAL,METAL,210.0,105.0
LA,LACOSTE OPTICAL,EMEA,184.0,215.0,122.0,122.0,155.0,88.0,141.0,139.0,197.0,144.0,133.0,75.0,1715.0,L2217,54,GUNMETAL,FULL RIM,OVAL,True,FEMALE,OPTICAL,METAL,METAL,210.0,105.0
LA,LACOSTE OPTICAL,AMER,25.0,39.0,15.0,27.0,27.0,25.0,28.0,36.0,40.0,27.0,29.0,19.0,337.0,L2217,54,MATTE BLUE,FULL RIM,OVAL,True,FEMALE,OPTICAL,METAL,METAL,210.0,105.0
LA,LACOSTE OPTICAL,EMEA,183.0,126.0,101.0,74.0,103.0,93.0,91.0,85.0,76.0,65.0,74.0,56.0,1127.0,L2217,54,MATTE BLUE,FULL RIM,OVAL,True,FEMALE,OPTICAL,METAL,METAL,210.0,105.0
LA,LACOSTE OPTICAL,AMER,44.0,28.0,49.0,46.0,55.0,47.0,38.0,52.0,34.0,37.0,31.0,40.0,501.0,L3632,47,HAVANA/BLUE,FULL RIM,ROUND,True,UNISEX,OPTICAL,BIO INJ-G820,BIO INJ-G820,140.0,70.0
LA,LACOSTE OPTICAL,EMEA,216.0,224.0,190.0,143.0,152.0,188.0,168.0,155.0,154.0,127.0,147.0,99.0,1963.0,L3632,47,HAVANA/BLUE,FULL RIM,ROUND,True,UNISEX,OPTICAL,BIO INJ-G820,BIO INJ-G820,140.0,70.0
LA,LACOSTE OPTICAL,AMER,47.0,59.0,46.0,45.0,62.0,47.0,64.0,67.0,77.0,51.0,41.0,52.0,658.0,L3632,47,HAVANA/PINK,FULL RIM,ROUND,True,UNISEX,OPTICAL,BIO INJ-G820,BIO INJ-G820,140.0,70.0
LA,LACOSTE OPTICAL,EMEA,110.0,94.0,86.0,72.0,102.0,110.0,96.0,97.0,84.0,79.0,70.0,44.0,1044.0,L3632,47,HAVANA/PINK,FULL RIM,ROUND,True,UNISEX,OPTICAL,BIO INJ-G820,BIO INJ-G820,140.0,70.0
LA,LACOSTE OPTICAL,AMER,20.0,24.0,13.0,8.0,13.0,33.0,21.0,28.0,26.0,23.0,29.0,15.0,253.0,L3632,47,SHINY GREEN,FULL RIM,ROUND,True,UNISEX,OPTICAL,BIO INJ-G820,BIO INJ-G820,140.0,70.0
LA,LACOSTE OPTICAL,EMEA,216.0,196.0,126.0,85.0,118.0,161.0,151.0,140.0,150.0,143.0,114.0,109.0,1709.0,L3632,47,SHINY GREEN,FULL RIM,ROUND,True,UNISEX,OPTICAL,BIO INJ-G820,BIO INJ-G820,140.0,70.0
LA,LACOSTE OPTICAL,AMER,20.0,27.0,25.0,20.0,18.0,22.0,21.0,31.0,15.0,25.0,26.0,17.0,267.0,L3632,47,MATTE BLUE,FULL RIM,ROUND,True,UNISEX,OPTICAL,BIO INJ-G820,BIO INJ-G820,140.0,70.0
LA,LACOSTE OPTICAL,EMEA,264.0,315.0,233.0,145.0,195.0,175.0,191.0,213.0,194.0,178.0,176.0,139.0,2418.0,L3632,47,MATTE BLUE,FULL RIM,ROUND,True,UNISEX,OPTICAL,BIO INJ-G820,BIO INJ-G820,140.0,70.0
LA,LACOSTE OPTICAL,AMER,6.0,15.0,12.0,9.0,13.0,14.0,12.0,15.0,13.0,9.0,17.0,15.0,150.0,L3632,47,MATTE RED,FULL RIM,ROUND,True,UNISEX,OPTICAL,BIO INJ-G820,BIO INJ-G820,140.0,70.0
LA,LACOSTE OPTICAL,EMEA,128.0,101.0,82.0,52.0,72.0,82.0,84.0,72.0,86.0,53.0,58.0,40.0,910.0,L3632,47,MATTE RED,FULL RIM,ROUND,True,UNISEX,OPTICAL,BIO INJ-G820,BIO INJ-G820,140.0,70.0
LA,LACOSTE OPTICAL,AMER,64.0,80.0,61.0,92.0,56.0,97.0,67.0,110.0,93.0,59.0,67.0,56.0,902.0,L2848,53,BLACK,FULL RIM,RECTANGLE,True,MALE,OPTICAL,ACETATE,ACETATE,220.0,110.0
LA,LACOSTE OPTICAL,EMEA,156.0,149.0,207.0,97.0,140.0,148.0,176.0,129.0,163.0,258.0,240.0,90.0,1953.0,L2848,53,BLACK,FULL RIM,RECTANGLE,True,MALE,OPTICAL,ACETATE,ACETATE,220.0,110.0
LA,LACOSTE OPTICAL,AMER,24.0,35.0,30.0,61.0,19.0,32.0,37.0,47.0,69.0,40.0,36.0,22.0,452.0,L2848,53,TRANSPARENT,FULL RIM,RECTANGLE,True,MALE,OPTICAL,ACETATE,ACETATE,220.0,110.0
LA,LACOSTE OPTICAL,EMEA,265.0,321.0,250.0,159.0,217.0,209.0,184.0,221.0,181.0,192.0,207.0,117.0,2523.0,L2848,53,TRANSPARENT,FULL RIM,RECTANGLE,True,MALE,OPTICAL,ACETATE,ACETATE,220.0,110.0
LA,LACOSTE OPTICAL,AMER,,,,10.0,51.0,66.0,38.0,34.0,22.0,29.0,24.0,35.0,309.0,L2876,53,BLACK MATTE,FULL RIM,SQUARE,True,UNISEX,OPTICAL,ACETATE,ACETATE,220.0,110.0
LA,LACOSTE OPTICAL,EMEA,3.0,3.0,2.0,15.0,116.0,135.0,171.0,153.0,138.0,68.0,168.0,52.0,1024.0,L2876,53,BLACK MATTE,FULL RIM,SQUARE,True,UNISEX,OPTICAL,ACETATE,ACETATE,220.0,110.0
LA,LACOSTE OPTICAL,AMER,,,,1.0,18.0,26.0,12.0,20.0,53.0,16.0,17.0,14.0,177.0,L2876,53,TRANSPARENT,FULL RIM,SQUARE,True,UNISEX,OPTICAL,ACETATE,ACETATE,220.0,110.0
LA,LACOSTE OPTICAL,EMEA,,,,2.0,45.0,49.0,35.0,35.0,26.0,30.0,22.0,13.0,257.0,L2876,53,TRANSPARENT,FULL RIM,SQUARE,True,UNISEX,OPTICAL,ACETATE,ACETATE,220.0,110.0
LA,LACOSTE OPTICAL,AMER,,,,2.0,5.0,14.0,7.0,5.0,8.0,2.0,4.0,8.0,55.0,L2876,53,GREEN MATTE,FULL RIM,SQUARE,True,UNISEX,OPTICAL,ACETATE,ACETATE,220.0,110.0
LA,LACOSTE OPTICAL,EMEA,2.0,1.0,1.0,8.0,57.0,97.0,49.0,20.0,21.0,11.0,18.0,21.0,306.0,L2876,53,GREEN MATTE,FULL RIM,SQUARE,True,UNISEX,OPTICAL,ACETATE,ACETATE,220.0,110.0
LA,LACOSTE OPTICAL,AMER,,,1.0,11.0,62.0,65.0,73.0,15.0,22.0,11.0,26.0,45.0,331.0,L2876,53,TRANSPARENT,FULL RIM,SQUARE,True,UNISEX,OPTICAL,ACETATE,ACETATE,220.0,110.0
LA,LACOSTE OPTICAL,EMEA,,,,4.0,151.0,192.0,186.0,143.0,72.0,51.0,87.0,50.0,936.0,L2876,53,TRANSPARENT,FULL RIM,SQUARE,True,UNISEX,OPTICAL,ACETATE,ACETATE,220.0,110.0
LA,LACOSTE OPTICAL,AMER,,,1.0,4.0,5.0,13.0,7.0,15.0,13.0,4.0,8.0,5.0,75.0,L2876,53,BLUE MATTE,FULL RIM,SQUARE,True,UNISEX,OPTICAL,ACETATE,ACETATE,220.0,110.0
LA,LACOSTE OPTICAL,EMEA,3.0,,6.0,7.0,52.0,79.0,58.0,51.0,21.0,12.0,20.0,17.0,326.0,L2876,53,BLUE MATTE,FULL RIM,SQUARE,True,UNISEX,OPTICAL,ACETATE,ACETATE,220.0,110.0
LA,LACOSTE OPTICAL,AMER,178.0,169.0,193.0,206.0,156.0,212.0,504.0,235.0,1227.0,495.0,827.0,506.0,4908.0,L2876,55,BLACK MATTE,FULL RIM,SQUARE,True,UNISEX,OPTICAL,ACETATE,ACETATE,220.0,110.0
LA,LACOSTE OPTICAL,EMEA,609.0,656.0,638.0,663.0,434.0,452.0,544.0,446.0,492.0,474.0,494.0,295.0,6197.0,L2876,55,BLACK MATTE,FULL RIM,SQUARE,True,UNISEX,OPTICAL,ACETATE,ACETATE,220.0,110.0
LA,LACOSTE OPTICAL,AMER,,,,7.0,22.0,29.0,20.0,12.0,11.0,14.0,8.0,8.0,131.0,L2876,55,TRANSPARENT,FULL RIM,SQUARE,True,UNISEX,OPTICAL,ACETATE,ACETATE,220.0,110.0
LA,LACOSTE OPTICAL,EMEA,,,,,37.0,35.0,27.0,20.0,12.0,20.0,10.0,5.0,166.0,L2876,55,TRANSPARENT,FULL RIM,SQUARE,True,UNISEX,OPTICAL,ACETATE,ACETATE,220.0,110.0
LA,LACOSTE OPTICAL,AMER,16.0,27.0,28.0,45.0,26.0,25.0,20.0,39.0,25.0,42.0,32.0,24.0,349.0,L2876,55,GREEN MATTE,FULL RIM,SQUARE,True,UNISEX,OPTICAL,ACETATE,ACETATE,220.0,110.0
LA,LACOSTE OPTICAL,EMEA,188.0,166.0,139.0,60.0,83.0,79.0,136.0,108.0,123.0,112.0,74.0,46.0,1314.0,L2876,55,GREEN MATTE,FULL RIM,SQUARE,True,UNISEX,OPTICAL,ACETATE,ACETATE,220.0,110.0
LA,LACOSTE OPTICAL,AMER,,,,17.0,57.0,66.0,78.0,31.0,16.0,11.0,26.0,51.0,353.0,L2876,55,TRANSPARENT,FULL RIM,SQUARE,True,UNISEX,OPTICAL,ACETATE,ACETATE,220.0,110.0
LA,LACOSTE OPTICAL,EMEA,,,,12.0,188.0,277.0,228.0,100.0,93.0,59.0,100.0,60.0,1117.0,L2876,55,TRANSPARENT,FULL RIM,SQUARE,True,UNISEX,OPTICAL,ACETATE,ACETATE,220.0,110.0
LA,LACOSTE OPTICAL,AMER,37.0,41.0,42.0,26.0,21.0,53.0,31.0,53.0,62.0,37.0,31.0,26.0,460.0,L2876,55,BLUE MATTE,FULL RIM,SQUARE,True,UNISEX,OPTICAL,ACETATE,ACETATE,220.0,110.0
LA,LACOSTE OPTICAL,EMEA,266.0,289.0,227.0,175.0,141.0,141.0,190.0,184.0,204.0,179.0,170.0,110.0,2276.0,L2876,55,BLUE MATTE,FULL RIM,SQUARE,True,UNISEX,OPTICAL,ACETATE,ACETATE,220.0,110.0
LA,LACOSTE OPTICAL,AMER,13.0,7.0,8.0,28.0,11.0,4.0,5.0,5.0,1.0,3.0,3.0,6.0,94.0,L2876,55,BURGUNDY MA,FULL RIM,SQUARE,True,UNISEX,OPTICAL,ACETATE,ACETATE,220.0,110.0
LA,LACOSTE OPTICAL,EMEA,53.0,80.0,66.0,30.0,56.0,29.0,49.0,12.0,4.0,8.0,5.0,6.0,398.0,L2876,55,BURGUNDY MA,FULL RIM,SQUARE,True,UNISEX,OPTICAL,ACETATE,ACETATE,220.0,110.0
LA,LACOSTE OPTICAL,AMER,21.0,28.0,27.0,26.0,22.0,35.0,34.0,28.0,26.0,16.0,29.0,36.0,328.0,L2271,54,BLACK,FULL RIM,RECTANGLE,True,MALE,OPTICAL,METAL,METAL,225.0,112.5
LA,LACOSTE OPTICAL,EMEA,141.0,131.0,141.0,100.0,92.0,114.0,120.0,110.0,120.0,185.0,103.0,73.0,1430.0,L2271,54,BLACK,FULL RIM,RECTANGLE,True,MALE,OPTICAL,METAL,METAL,225.0,112.5
LA,LACOSTE OPTICAL,AMER,22.0,46.0,25.0,19.0,27.0,21.0,22.0,28.0,30.0,20.0,24.0,28.0,312.0,L2271,54,BLACK/GREY,FULL RIM,RECTANGLE,True,MALE,OPTICAL,METAL,METAL,225.0,112.5
LA,LACOSTE OPTICAL,EMEA,229.0,302.0,269.0,409.0,218.0,269.0,260.0,241.0,152.0,342.0,231.0,123.0,3045.0,L2271,54,BLACK/GREY,FULL RIM,RECTANGLE,True,MALE,OPTICAL,METAL,METAL,225.0,112.5
LA,LACOSTE OPTICAL,AMER,92.0,96.0,90.0,91.0,83.0,78.0,92.0,84.0,107.0,72.0,46.0,48.0,979.0,L2271,54,GUNMETAL,FULL RIM,RECTANGLE,True,MALE,OPTICAL,METAL,METAL,225.0,112.5
LA,LACOSTE OPTICAL,EMEA,118.0,102.0,107.0,37.0,65.0,67.0,150.0,60.0,66.0,156.0,65.0,37.0,1030.0,L2271,54,GUNMETAL,FULL RIM,RECTANGLE,True,MALE,OPTICAL,METAL,METAL,225.0,112.5
LA,LACOSTE OPTICAL,AMER,35.0,12.0,19.0,15.0,15.0,21.0,20.0,22.0,18.0,13.0,11.0,15.0,216.0,L2271,54,BLUE,FULL RIM,RECTANGLE,True,MALE,OPTICAL,METAL,METAL,225.0,112.5
LA,LACOSTE OPTICAL,EMEA,279.0,216.0,163.0,132.0,168.0,174.0,168.0,162.0,160.0,155.0,157.0,92.0,2026.0,L2271,54,BLUE,FULL RIM,RECTANGLE,True,MALE,OPTICAL,METAL,METAL,225.0,112.5
LA,LACOSTE OPTICAL,AMER,108.0,101.0,107.0,95.0,88.0,108.0,94.0,113.0,116.0,106.0,114.0,102.0,1252.0,L2271,56,BLACK,FULL RIM,RECTANGLE,True,MALE,OPTICAL,METAL,METAL,225.0,112.5
LA,LACOSTE OPTICAL,EMEA,89.0,68.0,117.0,48.0,73.0,51.0,156.0,48.0,61.0,57.0,174.0,34.0,976.0,L2271,56,BLACK,FULL RIM,RECTANGLE,True,MALE,OPTICAL,METAL,METAL,225.0,112.5
LA,LACOSTE OPTICAL,AMER,24.0,34.0,45.0,41.0,32.0,47.0,28.0,29.0,47.0,28.0,31.0,41.0,427.0,L2271,56,BLACK/GREY,FULL RIM,RECTANGLE,True,MALE,OPTICAL,METAL,METAL,225.0,112.5
LA,LACOSTE OPTICAL,EMEA,138.0,132.0,134.0,80.0,81.0,98.0,145.0,96.0,96.0,194.0,72.0,44.0,1310.0,L2271,56,BLACK/GREY,FULL RIM,RECTANGLE,True,MALE,OPTICAL,METAL,METAL,225.0,112.5
LA,LACOSTE OPTICAL,AMER,38.0,51.0,44.0,46.0,36.0,44.0,53.0,36.0,47.0,43.0,58.0,69.0,565.0,L2271,56,GUNMETAL,FULL RIM,RECTANGLE,True,MALE,OPTICAL,METAL,METAL,225.0,112.5
LA,LACOSTE OPTICAL,EMEA,93.0,80.0,102.0,33.0,54.0,46.0,134.0,41.0,22.0,149.0,61.0,29.0,844.0,L2271,56,GUNMETAL,FULL RIM,RECTANGLE,True,MALE,OPTICAL,METAL,METAL,225.0,112.5
LA,LACOSTE OPTICAL,AMER,25.0,41.0,37.0,31.0,19.0,36.0,34.0,34.0,48.0,31.0,32.0,20.0,388.0,L2271,56,BLUE,FULL RIM,RECTANGLE,True,MALE,OPTICAL,METAL,METAL,225.0,112.5
LA,LACOSTE OPTICAL,EMEA,158.0,166.0,143.0,87.0,114.0,113.0,163.0,114.0,98.0,106.0,98.0,65.0,1425.0,L2271,56,BLUE,FULL RIM,RECTANGLE,True,MALE,OPTICAL,METAL,METAL,225.0,112.5
LA,LACOSTE OPTICAL,AMER,13.0,21.0,16.0,38.0,11.0,18.0,14.0,26.0,10.0,14.0,6.0,13.0,200.0,L2886,53,BLACK,FULL RIM,ROUND,True,FEMALE,OPTICAL,ACETATE,ACETATE,205.0,102.5
LA,LACOSTE OPTICAL,EMEA,43.0,46.0,163.0,27.0,45.0,56.0,67.0,29.0,39.0,105.0,39.0,15.0,674.0,L2886,53,BLACK,FULL RIM,ROUND,True,FEMALE,OPTICAL,ACETATE,ACETATE,205.0,102.5
LA,LACOSTE OPTICAL,AMER,53.0,65.0,61.0,61.0,53.0,59.0,42.0,70.0,44.0,44.0,56.0,56.0,664.0,L2886,53,MATTE BLACK,FULL RIM,ROUND,True,FEMALE,OPTICAL,ACETATE,ACETATE,205.0,102.5
LA,LACOSTE OPTICAL,EMEA,145.0,147.0,163.0,65.0,104.0,172.0,237.0,127.0,147.0,241.0,123.0,71.0,1742.0,L2886,53,MATTE BLACK,FULL RIM,ROUND,True,FEMALE,OPTICAL,ACETATE,ACETATE,205.0,102.5
LA,LACOSTE OPTICAL,AMER,35.0,29.0,20.0,9.0,10.0,18.0,11.0,11.0,16.0,6.0,3.0,5.0,173.0,L2886,53,MATTE BLUE,FULL RIM,ROUND,True,FEMALE,OPTICAL,ACETATE,ACETATE,205.0,102.5
LA,LACOSTE OPTICAL,EMEA,191.0,169.0,259.0,104.0,153.0,164.0,212.0,117.0,143.0,226.0,112.0,75.0,1925.0,L2886,53,MATTE BLUE,FULL RIM,ROUND,True,FEMALE,OPTICAL,ACETATE,ACETATE,205.0,102.5
LA,LACOSTE OPTICAL,AMER,25.0,28.0,21.0,26.0,20.0,22.0,29.0,51.0,43.0,22.0,27.0,21.0,335.0,L2886,55,BLACK,FULL RIM,ROUND,True,FEMALE,OPTICAL,ACETATE,ACETATE,205.0,102.5
LA,LACOSTE OPTICAL,EMEA,68.0,36.0,26.0,12.0,34.0,22.0,35.0,27.0,43.0,40.0,24.0,12.0,379.0,L2886,55,BLACK,FULL RIM,ROUND,True,FEMALE,OPTICAL,ACETATE,ACETATE,205.0,102.5
LA,LACOSTE OPTICAL,AMER,54.0,54.0,46.0,57.0,33.0,40.0,51.0,48.0,93.0,44.0,40.0,43.0,603.0,L2886,55,MATTE BLACK,FULL RIM,ROUND,True,FEMALE,OPTICAL,ACETATE,ACETATE,205.0,102.5
LA,LACOSTE OPTICAL,EMEA,136.0,103.0,210.0,53.0,72.0,81.0,98.0,113.0,96.0,109.0,95.0,46.0,1212.0,L2886,55,MATTE BLACK,FULL RIM,ROUND,True,FEMALE,OPTICAL,ACETATE,ACETATE,205.0,102.5
LA,LACOSTE OPTICAL,AMER,15.0,16.0,9.0,13.0,4.0,10.0,12.0,6.0,6.0,17.0,5.0,3.0,116.0,L2886,55,HAVANA,FULL RIM,ROUND,True,FEMALE,OPTICAL,ACETATE,ACETATE,205.0,102.5
LA,LACOSTE OPTICAL,EMEA,8.0,10.0,8.0,2.0,19.0,9.0,6.0,7.0,20.0,9.0,9.0,2.0,109.0,L2886,55,HAVANA,FULL RIM,ROUND,True,FEMALE,OPTICAL,ACETATE,ACETATE,205.0,102.5
LA,LACOSTE OPTICAL,AMER,21.0,36.0,29.0,27.0,13.0,36.0,30.0,34.0,33.0,16.0,19.0,14.0,308.0,L2886,55,MATTE BLUE,FULL RIM,ROUND,True,FEMALE,OPTICAL,ACETATE,ACETATE,205.0,102.5
LA,LACOSTE OPTICAL,EMEA,147.0,150.0,244.0,60.0,117.0,78.0,165.0,123.0,121.0,139.0,108.0,68.0,1520.0,L2886,55,MATTE BLUE,FULL RIM,ROUND,True,FEMALE,OPTICAL,ACETATE,ACETATE,205.0,102.5
LA,LACOSTE OPTICAL,AMER,,,,,,,,,3.0,7.0,13.0,12.0,35.0,L2894A,55,MATTE CRYS,FULL RIM,SQUARE,True,UNISEX,OPTICAL,ACETATE,ACETATE,240.0,120.0
LA,LACOSTE OPTICAL,AMER,41.0,55.0,46.0,89.0,62.0,25.0,35.0,63.0,53.0,26.0,37.0,42.0,574.0,L2291,54,BLACK,FULL RIM,RECTANGLE,True,MALE,OPTICAL,METAL,METAL,230.0,115.0
LA,LACOSTE OPTICAL,EMEA,204.0,196.0,158.0,106.0,141.0,154.0,127.0,139.0,156.0,137.0,136.0,102.0,1756.0,L2291,54,BLACK,FULL RIM,RECTANGLE,True,MALE,OPTICAL,METAL,METAL,230.0,115.0
LA,LACOSTE OPTICAL,AMER,23.0,33.0,42.0,56.0,40.0,38.0,44.0,56.0,46.0,54.0,27.0,23.0,482.0,L2291,54,DARK GREEN,FULL RIM,RECTANGLE,True,MALE,OPTICAL,METAL,METAL,230.0,115.0
LA,LACOSTE OPTICAL,EMEA,295.0,283.0,214.0,149.0,191.0,241.0,238.0,245.0,211.0,240.0,254.0,126.0,2687.0,L2291,54,DARK GREEN,FULL RIM,RECTANGLE,True,MALE,OPTICAL,METAL,METAL,230.0,115.0
LA,LACOSTE OPTICAL,AMER,8.0,22.0,22.0,44.0,25.0,16.0,30.0,25.0,25.0,33.0,12.0,18.0,280.0,L2291,54,NAVY BLUE,FULL RIM,RECTANGLE,True,MALE,OPTICAL,METAL,METAL,230.0,115.0
LA,LACOSTE OPTICAL,EMEA,208.0,203.0,136.0,90.0,143.0,126.0,140.0,119.0,120.0,111.0,119.0,59.0,1574.0,L2291,54,NAVY BLUE,FULL RIM,RECTANGLE,True,MALE,OPTICAL,METAL,METAL,230.0,115.0
LA,LACOSTE OPTICAL,AMER,142.0,131.0,130.0,108.0,80.0,128.0,133.0,133.0,145.0,129.0,99.0,130.0,1488.0,L2291,56,BLACK,FULL RIM,RECTANGLE,True,MALE,OPTICAL,METAL,METAL,230.0,115.0
LA,LACOSTE OPTICAL,EMEA,159.0,128.0,176.0,78.0,81.0,100.0,142.0,76.0,124.0,178.0,93.0,75.0,1410.0,L2291,56,BLACK,FULL RIM,RECTANGLE,True,MALE,OPTICAL,METAL,METAL,230.0,115.0
LA,LACOSTE OPTICAL,AMER,76.0,48.0,38.0,19.0,34.0,25.0,18.0,22.0,60.0,22.0,42.0,34.0,438.0,L2291,56,DARK GREEN,FULL RIM,RECTANGLE,True,MALE,OPTICAL,METAL,METAL,230.0,115.0
LA,LACOSTE OPTICAL,EMEA,148.0,198.0,164.0,116.0,146.0,161.0,169.0,125.0,109.0,108.0,129.0,76.0,1649.0,L2291,56,DARK GREEN,FULL RIM,RECTANGLE,True,MALE,OPTICAL,METAL,METAL,230.0,115.0
LA,LACOSTE OPTICAL,AMER,94.0,62.0,61.0,63.0,50.0,57.0,65.0,62.0,105.0,63.0,68.0,92.0,842.0,L2291,56,NAVY BLUE,FULL RIM,RECTANGLE,True,MALE,OPTICAL,METAL,METAL,230.0,115.0
LA,LACOSTE OPTICAL,EMEA,67.0,77.0,122.0,39.0,64.0,58.0,77.0,50.0,56.0,102.0,52.0,27.0,791.0,L2291,56,NAVY BLUE,FULL RIM,RECTANGLE,True,MALE,OPTICAL,METAL,METAL,230.0,115.0
LA,LACOSTE OPTICAL,AMER,,,,,,,1.0,,8.0,,,,9.0,L2292LB,54,BLACK,FULL RIM,RECTANGLE,True,MALE,OPTICAL,METAL,METAL,230.0,115.0
LA,LACOSTE OPTICAL,AMER,61.0,78.0,67.0,49.0,29.0,29.0,39.0,40.0,36.0,26.0,19.0,20.0,493.0,L2294,55,MATTE BLACK,FULL RIM,ROUND,True,FEMALE,OPTICAL,METAL,METAL,230.0,115.0
LA,LACOSTE OPTICAL,EMEA,214.0,219.0,285.0,147.0,175.0,230.0,136.0,129.0,167.0,114.0,91.0,90.0,1997.0,L2294,55,MATTE BLACK,FULL RIM,ROUND,True,FEMALE,OPTICAL,METAL,METAL,230.0,115.0
LA,LACOSTE OPTICAL,AMER,87.0,118.0,37.0,25.0,33.0,105.0,70.0,75.0,96.0,59.0,64.0,50.0,819.0,L2294,57,MATTE BLACK,FULL RIM,ROUND,True,FEMALE,OPTICAL,METAL,METAL,230.0,115.0
LA,LACOSTE OPTICAL,EMEA,205.0,205.0,98.0,46.0,69.0,121.0,151.0,139.0,139.0,102.0,127.0,45.0,1447.0,L2294,57,MATTE BLACK,FULL RIM,ROUND,True,FEMALE,OPTICAL,METAL,METAL,230.0,115.0
LA,LACOSTE OPTICAL,AMER,86.0,113.0,95.0,90.0,43.0,87.0,98.0,77.0,98.0,73.0,71.0,57.0,988.0,L2294,57,MATTE DARK,FULL RIM,ROUND,True,FEMALE,OPTICAL,METAL,METAL,230.0,115.0
LA,LACOSTE OPTICAL,EMEA,56.0,59.0,72.0,55.0,43.0,33.0,50.0,19.0,14.0,23.0,19.0,23.0,466.0,L2294,57,MATTE DARK,FULL RIM,ROUND,True,FEMALE,OPTICAL,METAL,METAL,230.0,115.0
LA,LACOSTE OPTICAL,AMER,16.0,23.0,11.0,12.0,20.0,8.0,13.0,8.0,10.0,10.0,9.0,6.0,146.0,L2294,57,MATTE GREEN,FULL RIM,ROUND,True,FEMALE,OPTICAL,METAL,METAL,230.0,115.0
LA,LACOSTE OPTICAL,EMEA,77.0,106.0,90.0,71.0,79.0,63.0,85.0,57.0,44.0,60.0,36.0,23.0,791.0,L2294,57,MATTE GREEN,FULL RIM,ROUND,True,FEMALE,OPTICAL,METAL,METAL,230.0,115.0
LA,LACOSTE OPTICAL,AMER,38.0,73.0,56.0,20.0,23.0,41.0,50.0,40.0,46.0,32.0,38.0,31.0,488.0,L2294,57,MATTE BLUE,FULL RIM,ROUND,True,FEMALE,OPTICAL,METAL,METAL,230.0,115.0
LA,LACOSTE OPTICAL,EMEA,304.0,173.0,134.0,55.0,101.0,179.0,151.0,86.0,98.0,130.0,103.0,46.0,1560.0,L2294,57,MATTE BLUE,FULL RIM,ROUND,True,FEMALE,OPTICAL,METAL,METAL,230.0,115.0
LA,LACOSTE OPTICAL,AMER,,3.0,1.0,8.0,37.0,40.0,41.0,33.0,33.0,47.0,25.0,10.0,278.0,L2298,54,MATTE BLACK,FULL RIM,SQUARE,True,UNISEX,OPTICAL,METAL,METAL,245.0,122.5
LA,LACOSTE OPTICAL,EMEA,,,,13.0,95.0,136.0,158.0,63.0,87.0,90.0,88.0,19.0,749.0,L2298,54,MATTE BLACK,FULL RIM,SQUARE,True,UNISEX,OPTICAL,METAL,METAL,245.0,122.5
LA,LACOSTE OPTICAL,AMER,,1.0,3.0,10.0,50.0,56.0,53.0,76.0,52.0,21.0,29.0,43.0,394.0,L2298,54,MATTE DARK,FULL RIM,SQUARE,True,UNISEX,OPTICAL,METAL,METAL,245.0,122.5
LA,LACOSTE OPTICAL,EMEA,,,,5.0,114.0,112.0,116.0,93.0,79.0,55.0,134.0,31.0,739.0,L2298,54,MATTE DARK,FULL RIM,SQUARE,True,UNISEX,OPTICAL,METAL,METAL,245.0,122.5
LA,LACOSTE OPTICAL,AMER,,,,6.0,16.0,20.0,11.0,16.0,15.0,16.0,12.0,12.0,124.0,L2298,54,MATTE KHAKI,FULL RIM,SQUARE,True,UNISEX,OPTICAL,METAL,METAL,245.0,122.5
LA,LACOSTE OPTICAL,EMEA,,,,2.0,57.0,22.0,34.0,16.0,15.0,23.0,15.0,10.0,194.0,L2298,54,MATTE KHAKI,FULL RIM,SQUARE,True,UNISEX,OPTICAL,METAL,METAL,245.0,122.5
LA,LACOSTE OPTICAL,AMER,,2.0,,9.0,27.0,51.0,37.0,25.0,25.0,21.0,26.0,16.0,239.0,L2298,54,MATTE BLUE,FULL RIM,SQUARE,True,UNISEX,OPTICAL,METAL,METAL,245.0,122.5
LA,LACOSTE OPTICAL,EMEA,,,,13.0,131.0,149.0,144.0,143.0,83.0,82.0,112.0,43.0,900.0,L2298,54,MATTE BLUE,FULL RIM,SQUARE,True,UNISEX,OPTICAL,METAL,METAL,245.0,122.5
LA,LACOSTE OPTICAL,AMER,,,1.0,5.0,81.0,72.0,76.0,58.0,76.0,38.0,45.0,67.0,519.0,L2298,56,MATTE BLACK,FULL RIM,SQUARE,True,UNISEX,OPTICAL,METAL,METAL,245.0,122.5
LA,LACOSTE OPTICAL,EMEA,,,,1.0,117.0,127.0,153.0,123.0,265.0,134.0,141.0,85.0,1146.0,L2298,56,MATTE BLACK,FULL RIM,SQUARE,True,UNISEX,OPTICAL,METAL,METAL,245.0,122.5
LA,LACOSTE OPTICAL,AMER,,,,23.0,79.0,90.0,76.0,38.0,26.0,23.0,34.0,57.0,446.0,L2298,56,MATTE DARK,FULL RIM,SQUARE,True,UNISEX,OPTICAL,METAL,METAL,245.0,122.5
LA,LACOSTE OPTICAL,EMEA,,,,5.0,93.0,128.0,169.0,86.0,35.0,49.0,100.0,39.0,704.0,L2298,56,MATTE DARK,FULL RIM,SQUARE,True,UNISEX,OPTICAL,METAL,METAL,245.0,122.5
LA,LACOSTE OPTICAL,AMER,,,,7.0,40.0,43.0,28.0,21.0,45.0,28.0,29.0,13.0,254.0,L2298,56,MATTE KHAKI,FULL RIM,SQUARE,True,UNISEX,OPTICAL,METAL,METAL,245.0,122.5
LA,LACOSTE OPTICAL,EMEA,,,,4.0,26.0,27.0,19.0,17.0,17.0,38.0,12.0,5.0,165.0,L2298,56,MATTE KHAKI,FULL RIM,SQUARE,True,UNISEX,OPTICAL,METAL,METAL,245.0,122.5
LA,LACOSTE OPTICAL,AMER,,,,7.0,46.0,79.0,61.0,63.0,59.0,48.0,44.0,45.0,452.0,L2298,56,MATTE BLUE,FULL RIM,SQUARE,True,UNISEX,OPTICAL,METAL,METAL,245.0,122.5
LA,LACOSTE OPTICAL,EMEA,,,,5.0,198.0,255.0,243.0,68.0,227.0,142.0,217.0,91.0,1446.0,L2298,56,MATTE BLUE,FULL RIM,SQUARE,True,UNISEX,OPTICAL,METAL,METAL,245.0,122.5
LA,LACOSTE OPTICAL,AMER,28.0,46.0,39.0,17.0,15.0,36.0,27.0,25.0,23.0,17.0,25.0,17.0,315.0,L2707N,53,MATTE BLAC,FULL RIM,SQUARE,True,UNISEX,OPTICAL,ACETATE,ACETATE,199.95,99.98
LA,LACOSTE OPTICAL,EMEA,158.0,166.0,106.0,36.0,87.0,165.0,108.0,96.0,164.0,102.0,79.0,57.0,1324.0,L2707N,53,MATTE BLAC,FULL RIM,SQUARE,True,UNISEX,OPTICAL,ACETATE,ACETATE,199.95,99.98
LA,LACOSTE OPTICAL,AMER,53.0,87.0,72.0,91.0,52.0,42.0,42.0,41.0,54.0,45.0,34.0,29.0,642.0,L2707N,53,TRANSPAREN,FULL RIM,SQUARE,True,UNISEX,OPTICAL,ACETATE,ACETATE,199.95,99.98
LA,LACOSTE OPTICAL,EMEA,105.0,127.0,122.0,60.0,91.0,107.0,45.0,61.0,44.0,39.0,52.0,22.0,875.0,L2707N,53,TRANSPAREN,FULL RIM,SQUARE,True,UNISEX,OPTICAL,ACETATE,ACETATE,199.95,99.98
LA,LACOSTE OPTICAL,AMER,11.0,26.0,20.0,9.0,11.0,15.0,12.0,19.0,20.0,9.0,9.0,9.0,170.0,L2707N,53,MATTE GREE,FULL RIM,SQUARE,True,UNISEX,OPTICAL,ACETATE,ACETATE,199.95,99.98
LA,LACOSTE OPTICAL,EMEA,119.0,140.0,96.0,23.0,53.0,103.0,60.0,95.0,95.0,78.0,41.0,29.0,932.0,L2707N,53,MATTE GREE,FULL RIM,SQUARE,True,UNISEX,OPTICAL,ACETATE,ACETATE,199.95,99.98
LA,LACOSTE OPTICAL,AMER,67.0,96.0,56.0,64.0,52.0,29.0,26.0,35.0,34.0,37.0,32.0,22.0,550.0,L2707N,53,BLUE AVIO,FULL RIM,SQUARE,True,UNISEX,OPTICAL,ACETATE,ACETATE,199.95,99.98
LA,LACOSTE OPTICAL,EMEA,188.0,216.0,113.0,56.0,125.0,146.0,100.0,115.0,114.0,155.0,108.0,63.0,1499.0,L2707N,53,BLUE AVIO,FULL RIM,SQUARE,True,UNISEX,OPTICAL,ACETATE,ACETATE,199.95,99.98
LA,LACOSTE OPTICAL,AMER,12.0,19.0,12.0,14.0,6.0,13.0,14.0,13.0,11.0,7.0,2.0,9.0,132.0,L2707N,53,MATTE BLUE,FULL RIM,SQUARE,True,UNISEX,OPTICAL,ACETATE,ACETATE,199.95,99.98
LA,LACOSTE OPTICAL,EMEA,178.0,164.0,83.0,69.0,72.0,87.0,45.0,80.0,50.0,73.0,60.0,36.0,997.0,L2707N,53,MATTE BLUE,FULL RIM,SQUARE,True,UNISEX,OPTICAL,ACETATE,ACETATE,199.95,99.98
LA,LACOSTE OPTICAL,AMER,59.0,68.0,66.0,58.0,41.0,41.0,52.0,45.0,62.0,67.0,48.0,35.0,642.0,L2707N,55,MATTE BLAC,FULL RIM,SQUARE,True,UNISEX,OPTICAL,ACETATE,ACETATE,199.95,99.98
LA,LACOSTE OPTICAL,EMEA,188.0,193.0,119.0,48.0,129.0,176.0,125.0,121.0,101.0,145.0,92.0,42.0,1479.0,L2707N,55,MATTE BLAC,FULL RIM,SQUARE,True,UNISEX,OPTICAL,ACETATE,ACETATE,199.95,99.98
LA,LACOSTE OPTICAL,AMER,155.0,182.0,77.0,18.0,73.0,130.0,150.0,121.0,140.0,47.0,52.0,74.0,1219.0,L2707N,55,TRANSPAREN,FULL RIM,SQUARE,True,UNISEX,OPTICAL,ACETATE,ACETATE,199.95,99.98
LA,LACOSTE OPTICAL,EMEA,171.0,208.0,133.0,56.0,85.0,170.0,96.0,93.0,103.0,100.0,102.0,44.0,1361.0,L2707N,55,TRANSPAREN,FULL RIM,SQUARE,True,UNISEX,OPTICAL,ACETATE,ACETATE,199.95,99.98
LA,LACOSTE OPTICAL,AMER,22.0,34.0,36.0,30.0,11.0,17.0,7.0,15.0,14.0,33.0,7.0,12.0,238.0,L2707N,55,MATTE GREE,FULL RIM,SQUARE,True,UNISEX,OPTICAL,ACETATE,ACETATE,199.95,99.98
LA,LACOSTE OPTICAL,EMEA,134.0,118.0,217.0,79.0,135.0,129.0,113.0,76.0,70.0,84.0,89.0,66.0,1310.0,L2707N,55,MATTE GREE,FULL RIM,SQUARE,True,UNISEX,OPTICAL,ACETATE,ACETATE,199.95,99.98
LA,LACOSTE OPTICAL,AMER,73.0,93.0,73.0,49.0,25.0,71.0,59.0,71.0,81.0,80.0,51.0,61.0,787.0,L2707N,55,BLUE AVIO,FULL RIM,SQUARE,True,UNISEX,OPTICAL,ACETATE,ACETATE,199.95,99.98
LA,LACOSTE OPTICAL,EMEA,339.0,255.0,130.0,69.0,93.0,237.0,242.0,195.0,170.0,157.0,165.0,66.0,2118.0,L2707N,55,BLUE AVIO,FULL RIM,SQUARE,True,UNISEX,OPTICAL,ACETATE,ACETATE,199.95,99.98
LA,LACOSTE OPTICAL,AMER,22.0,41.0,16.0,19.0,14.0,11.0,18.0,15.0,17.0,40.0,18.0,20.0,251.0,L2707N,55,MATTE BLUE,FULL RIM,SQUARE,True,UNISEX,OPTICAL,ACETATE,ACETATE,199.95,99.98
LA,LACOSTE OPTICAL,EMEA,175.0,127.0,232.0,134.0,204.0,130.0,100.0,56.0,134.0,87.0,96.0,73.0,1548.0,L2707N,55,MATTE BLUE,FULL RIM,SQUARE,True,UNISEX,OPTICAL,ACETATE,ACETATE,199.95,99.98
LA,LACOSTE OPTICAL,AMER,,,,,,,,,,6.0,10.0,20.0,36.0,L2902LB,56,MATTE BLU,FULL RIM,RECTANGLE,True,MALE,OPTICAL,ACETATE,ACETATE,285.0,142.5
LA,LACOSTE OPTICAL,AMER,,,,,,,,,5.0,11.0,24.0,47.0,87.0,L2903LB,51,BLACK,FULL RIM,SQUARE,True,UNISEX,OPTICAL,ACETATE,ACETATE,285.0,142.5
LA,LACOSTE OPTICAL,AMER,,,,,,,,,5.0,42.0,60.0,37.0,144.0,L2903LB,51,CRYSTAL G,FULL RIM,SQUARE,True,UNISEX,OPTICAL,ACETATE,ACETATE,285.0,142.5
LA,LACOSTE OPTICAL,AMER,,,,,,,,,3.0,27.0,55.0,36.0,121.0,L2903LB,51,BROWN HAV,FULL RIM,SQUARE,True,UNISEX,OPTICAL,ACETATE,ACETATE,285.0,142.5
LA,LACOSTE OPTICAL,AMER,,,,,,,,,,5.0,2.0,29.0,36.0,L2903LB,51,NAVY,FULL RIM,SQUARE,True,UNISEX,OPTICAL,ACETATE,ACETATE,285.0,142.5
LA,LACOSTE OPTICAL,AMER,,,,,,,,,5.0,23.0,39.0,53.0,120.0,L2916LB,54,BLACK,FULL RIM,ROUND,True,FEMALE,OPTICAL,ACETATE,ACETATE,285.0,142.5
LA,LACOSTE OPTICAL,AMER,,,,,,,,,6.0,24.0,24.0,9.0,63.0,L2916LB,54,GREY,FULL RIM,ROUND,True,FEMALE,OPTICAL,ACETATE,ACETATE,285.0,142.5
LA,LACOSTE OPTICAL,AMER,,,,,,,,,2.0,18.0,37.0,55.0,112.0,L2916LB,54,DARK HAVA,FULL RIM,ROUND,True,FEMALE,OPTICAL,ACETATE,ACETATE,285.0,142.5
LA,LACOSTE OPTICAL,AMER,,,,,,,,,1.0,4.0,16.0,17.0,38.0,L2916LB,54,BLUE NAVY,FULL RIM,ROUND,True,FEMALE,OPTICAL,ACETATE,ACETATE,285.0,142.5
LA,LACOSTE OPTICAL,AMER,2.0,3.0,5.0,,5.0,7.0,6.0,3.0,21.0,49.0,74.0,66.0,241.0,L2930LB,54,GREY,FULL RIM,RECTANGLE,True,MALE,OPTICAL,ACETATE,ACETATE,285.0,142.5
LA,LACOSTE OPTICAL,AMER,,,,,,1.0,,,13.0,18.0,23.0,35.0,90.0,L2930LB,54,KHAKI,FULL RIM,RECTANGLE,True,MALE,OPTICAL,ACETATE,ACETATE,285.0,142.5
LA,LACOSTE OPTICAL,AMER,1.0,,1.0,1.0,1.0,1.0,1.0,1.0,11.0,27.0,30.0,49.0,124.0,L2930LB,54,NAVY,FULL RIM,RECTANGLE,True,MALE,OPTICAL,ACETATE,ACETATE,285.0,142.5
LA,LACOSTE OPTICAL,AMER,,,,18.0,62.0,91.0,96.0,92.0,95.0,95.0,58.0,32.0,639.0,L2944,55,GREY,FULL RIM,SQUARE,True,UNISEX,OPTICAL,ACETATE,ACETATE,240.0,120.0
LA,LACOSTE OPTICAL,EMEA,,,,,32.0,50.0,30.0,19.0,20.0,20.0,10.0,8.0,189.0,L2944,55,GREY,FULL RIM,SQUARE,True,UNISEX,OPTICAL,ACETATE,ACETATE,240.0,120.0
LA,LACOSTE OPTICAL,AMER,,,2.0,8.0,60.0,35.0,35.0,29.0,38.0,48.0,57.0,26.0,338.0,L2944,55,BROWN,FULL RIM,SQUARE,True,UNISEX,OPTICAL,ACETATE,ACETATE,240.0,120.0
LA,LACOSTE OPTICAL,EMEA,,,,1.0,9.0,7.0,6.0,3.0,6.0,13.0,5.0,3.0,53.0,L2944,55,BROWN,FULL RIM,SQUARE,True,UNISEX,OPTICAL,ACETATE,ACETATE,240.0,120.0
LA,LACOSTE OPTICAL,AMER,,1.0,1.0,33.0,220.0,251.0,174.0,100.0,115.0,71.0,73.0,127.0,1166.0,L2944,55,ROSE,FULL RIM,SQUARE,True,UNISEX,OPTICAL,ACETATE,ACETATE,240.0,120.0
LA,LACOSTE OPTICAL,EMEA,,,,2.0,45.0,83.0,98.0,60.0,54.0,43.0,26.0,14.0,425.0,L2944,55,ROSE,FULL RIM,SQUARE,True,UNISEX,OPTICAL,ACETATE,ACETATE,240.0,120.0
LA,LACOSTE OPTICAL,AMER,,,,22.0,136.0,135.0,175.0,158.0,91.0,108.0,69.0,74.0,968.0,L2944,55,AZURE,FULL RIM,SQUARE,True,UNISEX,OPTICAL,ACETATE,ACETATE,240.0,120.0
LA,LACOSTE OPTICAL,EMEA,,,,,36.0,40.0,32.0,16.0,19.0,11.0,11.0,4.0,169.0,L2944,55,AZURE,FULL RIM,SQUARE,True,UNISEX,OPTICAL,ACETATE,ACETATE,240.0,120.0
LA,LACOSTE OPTICAL,AMER,,,,5.0,76.0,27.0,15.0,27.0,15.0,12.0,13.0,6.0,196.0,L2947,54,TRANSPARENT,FULL RIM,RECTANGLE,True,MALE,OPTICAL,ACETATE,ACETATE,240.0,120.0
LA,LACOSTE OPTICAL,EMEA,,,,2.0,59.0,55.0,68.0,46.0,24.0,37.0,22.0,11.0,324.0,L2947,54,TRANSPARENT,FULL RIM,RECTANGLE,True,MALE,OPTICAL,ACETATE,ACETATE,240.0,120.0
LA,LACOSTE OPTICAL,AMER,,,,9.0,105.0,78.0,78.0,72.0,68.0,56.0,41.0,40.0,547.0,L2947,54,TRANSPARENT,FULL RIM,RECTANGLE,True,MALE,OPTICAL,ACETATE,ACETATE,240.0,120.0
LA,LACOSTE OPTICAL,EMEA,,,,6.0,136.0,171.0,175.0,102.0,86.0,125.0,110.0,21.0,932.0,L2947,54,TRANSPARENT,FULL RIM,RECTANGLE,True,MALE,OPTICAL,ACETATE,ACETATE,240.0,120.0
LA,LACOSTE OPTICAL,AMER,,,,3.0,18.0,14.0,26.0,11.0,15.0,11.0,12.0,16.0,126.0,L2950,49,TRANSPARENT,FULL RIM,ROUND,True,FEMALE,OPTICAL,ACETATE,ACETATE,240.0,120.0
LA,LACOSTE OPTICAL,EMEA,,,,12.0,145.0,266.0,234.0,143.0,209.0,121.0,169.0,120.0,1419.0,L2950,49,TRANSPARENT,FULL RIM,ROUND,True,FEMALE,OPTICAL,ACETATE,ACETATE,240.0,120.0
LA,LACOSTE OPTICAL,AMER,50.0,69.0,52.0,45.0,79.0,75.0,89.0,101.0,66.0,71.0,83.0,84.0,864.0,L3647,50,MATTE BLACK,FULL RIM,RECTANGLE,True,UNISEX,OPTICAL,BIO INJ-G820,BIO INJ-G820,140.0,70.0
LA,LACOSTE OPTICAL,EMEA,331.0,349.0,287.0,167.0,209.0,272.0,243.0,215.0,184.0,248.0,147.0,143.0,2795.0,L3647,50,MATTE BLACK,FULL RIM,RECTANGLE,True,UNISEX,OPTICAL,BIO INJ-G820,BIO INJ-G820,140.0,70.0
LA,LACOSTE OPTICAL,AMER,140.0,132.0,146.0,124.0,81.0,91.0,110.0,98.0,112.0,150.0,121.0,127.0,1432.0,L3647,50,GREY LUMI,FULL RIM,RECTANGLE,True,UNISEX,OPTICAL,BIO INJ-G820,BIO INJ-G820,140.0,70.0
LA,LACOSTE OPTICAL,EMEA,151.0,124.0,129.0,61.0,96.0,91.0,161.0,87.0,62.0,64.0,131.0,51.0,1208.0,L3647,50,GREY LUMI,FULL RIM,RECTANGLE,True,UNISEX,OPTICAL,BIO INJ-G820,BIO INJ-G820,140.0,70.0
LA,LACOSTE OPTICAL,AMER,106.0,94.0,106.0,77.0,77.0,93.0,132.0,73.0,68.0,82.0,76.0,112.0,1096.0,L3647,50,MATTE GREEN,FULL RIM,RECTANGLE,True,UNISEX,OPTICAL,BIO INJ-G820,BIO INJ-G820,140.0,70.0
LA,LACOSTE OPTICAL,EMEA,128.0,131.0,98.0,60.0,106.0,97.0,88.0,63.0,73.0,70.0,66.0,61.0,1041.0,L3647,50,MATTE GREEN,FULL RIM,RECTANGLE,True,UNISEX,OPTICAL,BIO INJ-G820,BIO INJ-G820,140.0,70.0
LA,LACOSTE OPTICAL,AMER,72.0,76.0,91.0,37.0,76.0,93.0,41.0,28.0,36.0,57.0,59.0,73.0,739.0,L3647,50,BLUE LIME L,FULL RIM,RECTANGLE,True,UNISEX,OPTICAL,BIO INJ-G820,BIO INJ-G820,140.0,70.0
LA,LACOSTE OPTICAL,EMEA,245.0,269.0,174.0,74.0,100.0,109.0,84.0,89.0,71.0,61.0,88.0,53.0,1417.0,L3647,50,BLUE LIME L,FULL RIM,RECTANGLE,True,UNISEX,OPTICAL,BIO INJ-G820,BIO INJ-G820,140.0,70.0
LA,LACOSTE OPTICAL,AMER,55.0,62.0,60.0,72.0,70.0,93.0,86.0,94.0,68.0,72.0,79.0,66.0,877.0,L3647,50,MATTE BLUE,FULL RIM,RECTANGLE,True,UNISEX,OPTICAL,BIO INJ-G820,BIO INJ-G820,140.0,70.0
LA,LACOSTE OPTICAL,EMEA,134.0,119.0,90.0,76.0,108.0,95.0,98.0,108.0,90.0,67.0,72.0,44.0,1101.0,L3647,50,MATTE BLUE,FULL RIM,RECTANGLE,True,UNISEX,OPTICAL,BIO INJ-G820,BIO INJ-G820,140.0,70.0
LA,LACOSTE OPTICAL,AMER,32.0,41.0,49.0,27.0,42.0,41.0,51.0,57.0,37.0,57.0,42.0,34.0,510.0,L3647,50,RED WHITE L,FULL RIM,RECTANGLE,True,UNISEX,OPTICAL,BIO INJ-G820,BIO INJ-G820,140.0,70.0
LA,LACOSTE OPTICAL,EMEA,90.0,55.0,48.0,29.0,57.0,44.0,31.0,22.0,17.0,17.0,22.0,11.0,443.0,L3647,50,RED WHITE L,FULL RIM,RECTANGLE,True,UNISEX,OPTICAL,BIO INJ-G820,BIO INJ-G820,140.0,70.0
LA,LACOSTE OPTICAL,AMER,77.0,71.0,57.0,35.0,35.0,35.0,39.0,48.0,75.0,98.0,98.0,68.0,736.0,L3648,48,MATTE BLUE,FULL RIM,SQUARE,True,UNISEX,OPTICAL,BIO INJ-G820,BIO INJ-G820,140.0,70.0
LA,LACOSTE OPTICAL,EMEA,59.0,62.0,43.0,31.0,46.0,34.0,43.0,36.0,25.0,33.0,32.0,23.0,467.0,L3648,48,MATTE BLUE,FULL RIM,SQUARE,True,UNISEX,OPTICAL,BIO INJ-G820,BIO INJ-G820,140.0,70.0
LA,LACOSTE OPTICAL,AMER,67.0,57.0,71.0,33.0,27.0,33.0,29.0,28.0,42.0,53.0,44.0,56.0,540.0,L3648,48,TURQUOISE L,FULL RIM,SQUARE,True,UNISEX,OPTICAL,BIO INJ-G820,BIO INJ-G820,140.0,70.0
LA,LACOSTE OPTICAL,EMEA,59.0,51.0,43.0,19.0,32.0,36.0,42.0,16.0,11.0,14.0,20.0,10.0,353.0,L3648,48,TURQUOISE L,FULL RIM,SQUARE,True,UNISEX,OPTICAL,BIO INJ-G820,BIO INJ-G820,140.0,70.0
LA,LACOSTE OPTICAL,AMER,136.0,124.0,125.0,108.0,154.0,212.0,204.0,96.0,151.0,155.0,122.0,157.0,1744.0,L3648,48,MATTE PURPL,FULL RIM,SQUARE,True,UNISEX,OPTICAL,BIO INJ-G820,BIO INJ-G820,140.0,70.0
LA,LACOSTE OPTICAL,EMEA,104.0,123.0,73.0,33.0,47.0,68.0,62.0,49.0,43.0,35.0,29.0,31.0,697.0,L3648,48,MATTE PURPL,FULL RIM,SQUARE,True,UNISEX,OPTICAL,BIO INJ-G820,BIO INJ-G820,140.0,70.0
LA,LACOSTE OPTICAL,AMER,78.0,66.0,56.0,79.0,61.0,35.0,36.0,62.0,62.0,61.0,76.0,80.0,752.0,L3649,50,MATTE BLACK,FULL RIM,ROUND,True,UNISEX,OPTICAL,BIO INJ-G820,BIO INJ-G820,140.0,70.0
LA,LACOSTE OPTICAL,EMEA,208.0,226.0,213.0,124.0,156.0,155.0,127.0,200.0,192.0,130.0,133.0,90.0,1954.0,L3649,50,MATTE BLACK,FULL RIM,ROUND,True,UNISEX,OPTICAL,BIO INJ-G820,BIO INJ-G820,140.0,70.0
LA,LACOSTE OPTICAL,AMER,19.0,21.0,20.0,15.0,10.0,17.0,7.0,7.0,7.0,8.0,6.0,7.0,144.0,L3649,50,MATTE GREY,FULL RIM,ROUND,True,UNISEX,OPTICAL,BIO INJ-G820,BIO INJ-G820,140.0,70.0
LA,LACOSTE OPTICAL,EMEA,5.0,,4.0,1.0,2.0,4.0,1.0,2.0,,1.0,4.0,,24.0,L3649,50,MATTE GREY,FULL RIM,ROUND,True,UNISEX,OPTICAL,BIO INJ-G820,BIO INJ-G820,140.0,70.0
LA,LACOSTE OPTICAL,AMER,13.0,21.0,20.0,14.0,17.0,24.0,24.0,21.0,20.0,2.0,12.0,20.0,208.0,L3649,50,HAVANA,FULL RIM,ROUND,True,UNISEX,OPTICAL,BIO INJ-G820,BIO INJ-G820,140.0,70.0
LA,LACOSTE OPTICAL,EMEA,9.0,1.0,5.0,,5.0,8.0,1.0,2.0,7.0,4.0,11.0,2.0,55.0,L3649,50,HAVANA,FULL RIM,ROUND,True,UNISEX,OPTICAL,BIO INJ-G820,BIO INJ-G820,140.0,70.0
LA,LACOSTE OPTICAL,AMER,74.0,79.0,56.0,23.0,33.0,45.0,65.0,60.0,65.0,59.0,73.0,68.0,700.0,L3649,50,MATTE BLUE,FULL RIM,ROUND,True,UNISEX,OPTICAL,BIO INJ-G820,BIO INJ-G820,140.0,70.0
LA,LACOSTE OPTICAL,EMEA,205.0,194.0,137.0,88.0,150.0,134.0,134.0,116.0,95.0,86.0,102.0,52.0,1493.0,L3649,50,MATTE BLUE,FULL RIM,ROUND,True,UNISEX,OPTICAL,BIO INJ-G820,BIO INJ-G820,140.0,70.0
LA,LACOSTE OPTICAL,AMER,47.0,79.0,30.0,24.0,43.0,62.0,38.0,36.0,45.0,45.0,42.0,72.0,563.0,L3649,52,MATTE BLACK,FULL RIM,ROUND,True,UNISEX,OPTICAL,BIO INJ-G820,BIO INJ-G820,140.0,70.0
LA,LACOSTE OPTICAL,EMEA,99.0,87.0,115.0,30.0,71.0,62.0,83.0,106.0,111.0,47.0,56.0,45.0,912.0,L3649,52,MATTE BLACK,FULL RIM,ROUND,True,UNISEX,OPTICAL,BIO INJ-G820,BIO INJ-G820,140.0,70.0
LA,LACOSTE OPTICAL,AMER,22.0,21.0,15.0,11.0,23.0,24.0,18.0,18.0,23.0,12.0,23.0,20.0,230.0,L3649,52,MATTE GREY,FULL RIM,ROUND,True,UNISEX,OPTICAL,BIO INJ-G820,BIO INJ-G820,140.0,70.0
LA,LACOSTE OPTICAL,EMEA,6.0,1.0,,1.0,,2.0,,1.0,4.0,2.0,2.0,2.0,21.0,L3649,52,MATTE GREY,FULL RIM,ROUND,True,UNISEX,OPTICAL,BIO INJ-G820,BIO INJ-G820,140.0,70.0
LA,LACOSTE OPTICAL,AMER,8.0,3.0,5.0,6.0,4.0,8.0,12.0,7.0,9.0,10.0,6.0,2.0,80.0,L3649,52,HAVANA,FULL RIM,ROUND,True,UNISEX,OPTICAL,BIO INJ-G820,BIO INJ-G820,140.0,70.0
LA,LACOSTE OPTICAL,EMEA,2.0,1.0,1.0,1.0,3.0,2.0,1.0,2.0,2.0,,4.0,2.0,21.0,L3649,52,HAVANA,FULL RIM,ROUND,True,UNISEX,OPTICAL,BIO INJ-G820,BIO INJ-G820,140.0,70.0
LA,LACOSTE OPTICAL,AMER,32.0,53.0,54.0,53.0,50.0,49.0,81.0,47.0,33.0,38.0,34.0,38.0,562.0,L3649,52,MATTE BLUE,FULL RIM,ROUND,True,UNISEX,OPTICAL,BIO INJ-G820,BIO INJ-G820,140.0,70.0
LA,LACOSTE OPTICAL,EMEA,36.0,31.0,19.0,13.0,18.0,30.0,31.0,18.0,15.0,18.0,15.0,16.0,260.0,L3649,52,MATTE BLUE,FULL RIM,ROUND,True,UNISEX,OPTICAL,BIO INJ-G820,BIO INJ-G820,140.0,70.0
LA,LACOSTE OPTICAL,AMER,,,,,,,,,,,,4.0,4.0,L3655,49,LIGHT GREEN,FULL RIM,RECTANGLE,True,UNISEX,OPTICAL,BIO INJ-G820,BIO INJ-G820,140.0,70.0
LA,LACOSTE OPTICAL,AMER,,,,,26.0,13.0,151.0,126.0,104.0,93.0,75.0,70.0,658.0,L3660,48,GREY LUMI,FULL RIM,SQUARE,True,UNISEX,OPTICAL,BIO INJ-G820,BIO INJ-G820,140.0,70.0
LA,LACOSTE OPTICAL,EMEA,,,,,2.0,153.0,208.0,203.0,115.0,86.0,82.0,70.0,919.0,L3660,48,GREY LUMI,FULL RIM,SQUARE,True,UNISEX,OPTICAL,BIO INJ-G820,BIO INJ-G820,140.0,70.0
LA,LACOSTE OPTICAL,AMER,,,,,4.0,17.0,148.0,132.0,129.0,99.0,100.0,87.0,716.0,L3660,48,BLUE LUMI,FULL RIM,SQUARE,True,UNISEX,OPTICAL,BIO INJ-G820,BIO INJ-G820,140.0,70.0
LA,LACOSTE OPTICAL,EMEA,,,,,2.0,126.0,218.0,157.0,135.0,101.0,92.0,78.0,909.0,L3660,48,BLUE LUMI,FULL RIM,SQUARE,True,UNISEX,OPTICAL,BIO INJ-G820,BIO INJ-G820,140.0,70.0
LA,LACOSTE OPTICAL,AMER,,,,,2.0,14.0,87.0,74.0,64.0,66.0,46.0,39.0,392.0,L3660,48,PETROL LUMI,FULL RIM,SQUARE,True,UNISEX,OPTICAL,BIO INJ-G820,BIO INJ-G820,140.0,70.0
LA,LACOSTE OPTICAL,EMEA,,,,,2.0,165.0,203.0,140.0,160.0,114.0,103.0,105.0,992.0,L3660,48,PETROL LUMI,FULL RIM,SQUARE,True,UNISEX,OPTICAL,BIO INJ-G820,BIO INJ-G820,140.0,70.0
LA,LACOSTE OPTICAL,AMER,,,,,22.0,6.0,57.0,17.0,19.0,20.0,25.0,33.0,199.0,L3660,48,BURGUNDY LU,FULL RIM,SQUARE,True,UNISEX,OPTICAL,BIO INJ-G820,BIO INJ-G820,140.0,70.0
LA,LACOSTE OPTICAL,EMEA,,,,,1.0,9.0,12.0,13.0,28.0,16.0,13.0,9.0,101.0,L3660,48,BURGUNDY LU,FULL RIM,SQUARE,True,UNISEX,OPTICAL,BIO INJ-G820,BIO INJ-G820,140.0,70.0
LA,LACOSTE OPTICAL,AMER,114.0,111.0,128.0,97.0,113.0,115.0,159.0,138.0,122.0,124.0,129.0,128.0,1478.0,L3804B,51,ONYX MATTE,FULL RIM,RECTANGLE,True,MALE,OPTICAL,ACETATE,ACETATE,160.0,80.0
LA,LACOSTE OPTICAL,EMEA,109.0,100.0,114.0,75.0,80.0,65.0,118.0,85.0,126.0,59.0,68.0,48.0,1047.0,L3804B,51,ONYX MATTE,FULL RIM,RECTANGLE,True,MALE,OPTICAL,ACETATE,ACETATE,160.0,80.0
LA,LACOSTE OPTICAL,AMER,93.0,111.0,91.0,65.0,87.0,102.0,111.0,104.0,98.0,93.0,68.0,85.0,1108.0,L3804B,51,BLACK MATT,FULL RIM,RECTANGLE,True,MALE,OPTICAL,ACETATE,ACETATE,160.0,80.0
LA,LACOSTE OPTICAL,EMEA,92.0,85.0,120.0,69.0,69.0,83.0,111.0,82.0,121.0,55.0,71.0,35.0,993.0,L3804B,51,BLACK MATT,FULL RIM,RECTANGLE,True,MALE,OPTICAL,ACETATE,ACETATE,160.0,80.0
LA,LACOSTE OPTICAL,AMER,,,,,20.0,17.0,64.0,66.0,68.0,48.0,55.0,54.0,392.0,L3804B,51,MATTE GREE,FULL RIM,RECTANGLE,True,MALE,OPTICAL,ACETATE,ACETATE,160.0,80.0
LA,LACOSTE OPTICAL,EMEA,,,,,,,42.0,26.0,30.0,22.0,21.0,15.0,156.0,L3804B,51,MATTE GREE,FULL RIM,RECTANGLE,True,MALE,OPTICAL,ACETATE,ACETATE,160.0,80.0
LA,LACOSTE OPTICAL,AMER,67.0,50.0,57.0,48.0,45.0,54.0,50.0,52.0,55.0,60.0,32.0,60.0,630.0,L3804B,51,DARK GREEN,FULL RIM,RECTANGLE,True,MALE,OPTICAL,ACETATE,ACETATE,160.0,80.0
LA,LACOSTE OPTICAL,EMEA,123.0,135.0,96.0,50.0,96.0,107.0,81.0,102.0,95.0,64.0,86.0,57.0,1092.0,L3804B,51,DARK GREEN,FULL RIM,RECTANGLE,True,MALE,OPTICAL,ACETATE,ACETATE,160.0,80.0
LA,LACOSTE OPTICAL,AMER,41.0,28.0,39.0,23.0,34.0,36.0,23.0,53.0,44.0,39.0,31.0,35.0,426.0,L3804B,51,AQUA MATTE,FULL RIM,RECTANGLE,True,MALE,OPTICAL,ACETATE,ACETATE,160.0,80.0
LA,LACOSTE OPTICAL,EMEA,25.0,18.0,11.0,8.0,13.0,13.0,27.0,18.0,15.0,12.0,14.0,11.0,185.0,L3804B,51,AQUA MATTE,FULL RIM,RECTANGLE,True,MALE,OPTICAL,ACETATE,ACETATE,160.0,80.0
LA,LACOSTE OPTICAL,AMER,34.0,42.0,36.0,41.0,50.0,44.0,32.0,38.0,42.0,37.0,32.0,33.0,461.0,L3804B,51,MID BLUE M,FULL RIM,RECTANGLE,True,MALE,OPTICAL,ACETATE,ACETATE,160.0,80.0
LA,LACOSTE OPTICAL,EMEA,88.0,80.0,52.0,47.0,57.0,48.0,41.0,33.0,50.0,42.0,46.0,28.0,612.0,L3804B,51,MID BLUE M,FULL RIM,RECTANGLE,True,MALE,OPTICAL,ACETATE,ACETATE,160.0,80.0
LA,LACOSTE OPTICAL,AMER,,,,,20.0,21.0,77.0,64.0,58.0,78.0,80.0,49.0,447.0,L3804B,51,MATTE CRYS,FULL RIM,RECTANGLE,True,MALE,OPTICAL,ACETATE,ACETATE,160.0,80.0
LA,LACOSTE OPTICAL,EMEA,,,,,,,13.0,19.0,11.0,15.0,14.0,6.0,78.0,L3804B,51,MATTE CRYS,FULL RIM,RECTANGLE,True,MALE,OPTICAL,ACETATE,ACETATE,160.0,80.0
LA,LACOSTE OPTICAL,AMER,48.0,75.0,67.0,81.0,39.0,125.0,79.0,93.0,74.0,102.0,90.0,98.0,971.0,L6010MAG-SET,55,SHIN,FULL RIM,RECTANGLE,True,UNISEX,OPTICAL,METAL,METAL,309.0,154.5
LA,LACOSTE OPTICAL,EMEA,150.0,202.0,167.0,46.0,99.0,117.0,106.0,119.0,162.0,68.0,79.0,52.0,1367.0,L6010MAG-SET,55,SHIN,FULL RIM,RECTANGLE,True,UNISEX,OPTICAL,METAL,METAL,309.0,154.5
LA,LACOSTE OPTICAL,AMER,59.0,61.0,65.0,60.0,64.0,259.0,137.0,176.0,232.0,181.0,147.0,152.0,1593.0,L6010MAG-SET,55,MATT,FULL RIM,RECTANGLE,True,UNISEX,OPTICAL,METAL,METAL,309.0,154.5
LA,LACOSTE OPTICAL,EMEA,575.0,563.0,374.0,215.0,339.0,498.0,498.0,382.0,395.0,411.0,404.0,246.0,4900.0,L6010MAG-SET,55,MATT,FULL RIM,RECTANGLE,True,UNISEX,OPTICAL,METAL,METAL,309.0,154.5
LA,LACOSTE OPTICAL,AMER,30.0,19.0,6.0,23.0,8.0,91.0,25.0,15.0,35.0,48.0,47.0,68.0,415.0,L6010MAG-SET,55,MATT,FULL RIM,RECTANGLE,True,UNISEX,OPTICAL,METAL,METAL,309.0,154.5
LA,LACOSTE OPTICAL,EMEA,247.0,245.0,153.0,67.0,182.0,208.0,218.0,177.0,155.0,146.0,100.0,74.0,1972.0,L6010MAG-SET,55,MATT,FULL RIM,RECTANGLE,True,UNISEX,OPTICAL,METAL,METAL,309.0,154.5
LA,LACOSTE OPTICAL,AMER,44.0,64.0,70.0,68.0,27.0,128.0,64.0,104.0,81.0,107.0,97.0,100.0,954.0,L6010MAG-SET,55,BLUE,FULL RIM,RECTANGLE,True,UNISEX,OPTICAL,METAL,METAL,309.0,154.5
LA,LACOSTE OPTICAL,EMEA,227.0,248.0,136.0,57.0,161.0,190.0,218.0,170.0,143.0,127.0,128.0,70.0,1875.0,L6010MAG-SET,55,BLUE,FULL RIM,RECTANGLE,True,UNISEX,OPTICAL,METAL,METAL,309.0,154.5
LS,LACOSTE SUNS,AMER,,1.0,4.0,,1.0,,,2.0,2.0,1.0,,3.0,14.0,L881S,52,BLACK,FULL RIM,CAT EYE,True,FEMALE,SUN,ACETATE,ACETATE,165.0,82.5
LS,LACOSTE SUNS,EMEA,25.0,39.0,40.0,18.0,31.0,36.0,41.0,22.0,20.0,22.0,15.0,13.0,322.0,L881S,52,BLACK,FULL RIM,CAT EYE,True,FEMALE,SUN,ACETATE,ACETATE,165.0,82.5
LS,LACOSTE SUNS,AMER,3.0,1.0,5.0,2.0,1.0,,3.0,1.0,1.0,2.0,1.0,2.0,22.0,L881S,52,CRYSTAL/GRE,FULL RIM,CAT EYE,True,FEMALE,SUN,ACETATE,ACETATE,165.0,82.5
LS,LACOSTE SUNS,EMEA,38.0,41.0,24.0,23.0,27.0,47.0,46.0,36.0,30.0,35.0,39.0,22.0,408.0,L881S,52,CRYSTAL/GRE,FULL RIM,CAT EYE,True,FEMALE,SUN,ACETATE,ACETATE,165.0,82.5
LS,LACOSTE SUNS,AMER,2.0,,1.0,5.0,3.0,4.0,4.0,4.0,,3.0,6.0,3.0,35.0,L881S,52,CRYSTAL/KHA,FULL RIM,CAT EYE,True,FEMALE,SUN,ACETATE,ACETATE,165.0,82.5
LS,LACOSTE SUNS,EMEA,63.0,72.0,62.0,70.0,97.0,92.0,119.0,117.0,99.0,67.0,91.0,47.0,996.0,L881S,52,CRYSTAL/KHA,FULL RIM,CAT EYE,True,FEMALE,SUN,ACETATE,ACETATE,165.0,82.5
LS,LACOSTE SUNS,AMER,3.0,,18.0,3.0,1.0,,2.0,1.0,2.0,4.0,4.0,4.0,42.0,L881S,52,CRYSTAL/NAV,FULL RIM,CAT EYE,True,FEMALE,SUN,ACETATE,ACETATE,165.0,82.5
LS,LACOSTE SUNS,EMEA,163.0,144.0,139.0,117.0,179.0,186.0,223.0,201.0,162.0,211.0,208.0,72.0,2005.0,L881S,52,CRYSTAL/NAV,FULL RIM,CAT EYE,True,FEMALE,SUN,ACETATE,ACETATE,165.0,82.5
LS,LACOSTE SUNS,AMER,59.0,47.0,28.0,21.0,19.0,35.0,17.0,21.0,27.0,20.0,19.0,9.0,322.0,L882S,55,BLACK,FULL RIM,SQUARE,True,FEMALE,SUN,ACETATE,ACETATE,165.0,82.5
LS,LACOSTE SUNS,EMEA,81.0,53.0,60.0,42.0,72.0,83.0,92.0,94.0,133.0,101.0,84.0,47.0,942.0,L882S,55,BLACK,FULL RIM,SQUARE,True,FEMALE,SUN,ACETATE,ACETATE,165.0,82.5
LS,LACOSTE SUNS,AMER,2.0,5.0,4.0,4.0,5.0,4.0,4.0,3.0,7.0,8.0,6.0,8.0,60.0,L882S,55,CRYSTAL/GRE,FULL RIM,SQUARE,True,FEMALE,SUN,ACETATE,ACETATE,165.0,82.5
LS,LACOSTE SUNS,EMEA,146.0,165.0,173.0,126.0,189.0,202.0,289.0,227.0,224.0,203.0,201.0,85.0,2230.0,L882S,55,CRYSTAL/GRE,FULL RIM,SQUARE,True,FEMALE,SUN,ACETATE,ACETATE,165.0,82.5
LS,LACOSTE SUNS,AMER,10.0,13.0,6.0,9.0,6.0,6.0,7.0,8.0,7.0,3.0,9.0,7.0,91.0,L882S,55,CRYSTAL/KHA,FULL RIM,SQUARE,True,FEMALE,SUN,ACETATE,ACETATE,165.0,82.5
LS,LACOSTE SUNS,EMEA,40.0,29.0,26.0,16.0,18.0,46.0,24.0,31.0,24.0,38.0,43.0,36.0,371.0,L882S,55,CRYSTAL/KHA,FULL RIM,SQUARE,True,FEMALE,SUN,ACETATE,ACETATE,165.0,82.5
LS,LACOSTE SUNS,AMER,9.0,5.0,8.0,7.0,6.0,10.0,7.0,17.0,20.0,20.0,8.0,8.0,125.0,L882S,55,CRYSTAL/NAV,FULL RIM,SQUARE,True,FEMALE,SUN,ACETATE,ACETATE,165.0,82.5
LS,LACOSTE SUNS,EMEA,49.0,35.0,29.0,25.0,34.0,56.0,52.0,48.0,60.0,103.0,46.0,10.0,547.0,L882S,55,CRYSTAL/NAV,FULL RIM,SQUARE,True,FEMALE,SUN,ACETATE,ACETATE,165.0,82.5
LS,LACOSTE SUNS,AMER,6.0,13.0,4.0,6.0,4.0,16.0,11.0,18.0,16.0,11.0,17.0,17.0,139.0,L882S,55,BLUE,FULL RIM,SQUARE,True,FEMALE,SUN,ACETATE,ACETATE,165.0,82.5
LS,LACOSTE SUNS,EMEA,37.0,38.0,34.0,21.0,36.0,36.0,50.0,55.0,43.0,12.0,17.0,23.0,402.0,L882S,55,BLUE,FULL RIM,SQUARE,True,FEMALE,SUN,ACETATE,ACETATE,165.0,82.5
LS,LACOSTE SUNS,AMER,3.0,15.0,17.0,6.0,4.0,25.0,9.0,11.0,11.0,11.0,14.0,20.0,146.0,L916S,50,BLACK,FULL RIM,RECTANGLE,True,MALE,SUN,BIO INJ-G820,BIO INJ-G820,175.0,87.5
LS,LACOSTE SUNS,EMEA,71.0,96.0,113.0,92.0,115.0,101.0,144.0,115.0,141.0,118.0,121.0,46.0,1273.0,L916S,50,BLACK,FULL RIM,RECTANGLE,True,MALE,SUN,BIO INJ-G820,BIO INJ-G820,175.0,87.5
LS,LACOSTE SUNS,AMER,,,,5.0,17.0,16.0,20.0,11.0,5.0,9.0,11.0,3.0,97.0,L916S,50,TRANSPARENT,FULL RIM,RECTANGLE,True,MALE,SUN,BIO INJ-G820,BIO INJ-G820,175.0,87.5
LS,LACOSTE SUNS,EMEA,,,,5.0,142.0,185.0,193.0,90.0,66.0,72.0,69.0,34.0,856.0,L916S,50,TRANSPARENT,FULL RIM,RECTANGLE,True,MALE,SUN,BIO INJ-G820,BIO INJ-G820,175.0,87.5
LS,LACOSTE SUNS,AMER,,,,2.0,11.0,16.0,10.0,7.0,2.0,16.0,4.0,6.0,74.0,L916S,50,TRANSPARENT,FULL RIM,RECTANGLE,True,MALE,SUN,BIO INJ-G820,BIO INJ-G820,175.0,87.5
LS,LACOSTE SUNS,EMEA,,,,2.0,56.0,71.0,109.0,61.0,87.0,44.0,52.0,40.0,522.0,L916S,50,TRANSPARENT,FULL RIM,RECTANGLE,True,MALE,SUN,BIO INJ-G820,BIO INJ-G820,175.0,87.5
LS,LACOSTE SUNS,AMER,21.0,26.0,31.0,15.0,11.0,21.0,20.0,568.0,27.0,17.0,12.0,269.0,1038.0,L916S,50,HAVANA,FULL RIM,RECTANGLE,True,MALE,SUN,BIO INJ-G820,BIO INJ-G820,175.0,87.5
LS,LACOSTE SUNS,EMEA,86.0,89.0,87.0,33.0,60.0,89.0,90.0,83.0,70.0,38.0,67.0,23.0,815.0,L916S,50,HAVANA,FULL RIM,RECTANGLE,True,MALE,SUN,BIO INJ-G820,BIO INJ-G820,175.0,87.5
LS,LACOSTE SUNS,AMER,3.0,2.0,2.0,4.0,2.0,2.0,3.0,,6.0,3.0,3.0,2.0,32.0,L916S,50,DARK BLUE,FULL RIM,RECTANGLE,True,MALE,SUN,BIO INJ-G820,BIO INJ-G820,175.0,87.5
LS,LACOSTE SUNS,EMEA,58.0,67.0,101.0,62.0,59.0,69.0,121.0,80.0,84.0,78.0,41.0,27.0,847.0,L916S,50,DARK BLUE,FULL RIM,RECTANGLE,True,MALE,SUN,BIO INJ-G820,BIO INJ-G820,175.0,87.5
LS,LACOSTE SUNS,AMER,11.0,15.0,9.0,13.0,5.0,7.0,7.0,15.0,16.0,19.0,9.0,19.0,145.0,L915S,53,BLACK,FULL RIM,RECTANGLE,True,MALE,SUN,BIO INJ-G820,BIO INJ-G820,150.0,75.0
LS,LACOSTE SUNS,EMEA,83.0,114.0,95.0,79.0,95.0,132.0,123.0,98.0,130.0,84.0,73.0,37.0,1143.0,L915S,53,BLACK,FULL RIM,RECTANGLE,True,MALE,SUN,BIO INJ-G820,BIO INJ-G820,150.0,75.0
LS,LACOSTE SUNS,AMER,,3.0,1.0,3.0,26.0,23.0,25.0,17.0,9.0,10.0,17.0,10.0,144.0,L915S,53,TRANSPARENT,FULL RIM,RECTANGLE,True,MALE,SUN,BIO INJ-G820,BIO INJ-G820,150.0,75.0
LS,LACOSTE SUNS,EMEA,,,,4.0,125.0,170.0,163.0,158.0,76.0,48.0,62.0,55.0,861.0,L915S,53,TRANSPARENT,FULL RIM,RECTANGLE,True,MALE,SUN,BIO INJ-G820,BIO INJ-G820,150.0,75.0
LS,LACOSTE SUNS,AMER,14.0,14.0,9.0,8.0,10.0,14.0,16.0,19.0,22.0,13.0,6.0,5.0,150.0,L915S,53,HAVANA,FULL RIM,RECTANGLE,True,MALE,SUN,BIO INJ-G820,BIO INJ-G820,150.0,75.0
LS,LACOSTE SUNS,EMEA,15.0,37.0,35.0,10.0,33.0,50.0,43.0,35.0,33.0,63.0,29.0,54.0,437.0,L915S,53,HAVANA,FULL RIM,RECTANGLE,True,MALE,SUN,BIO INJ-G820,BIO INJ-G820,150.0,75.0
LS,LACOSTE SUNS,AMER,,,,1.0,8.0,1.0,5.0,2.0,2.0,6.0,9.0,2.0,36.0,L915S,53,TRANSPARENT,FULL RIM,RECTANGLE,True,MALE,SUN,BIO INJ-G820,BIO INJ-G820,150.0,75.0
LS,LACOSTE SUNS,EMEA,,,,3.0,43.0,66.0,85.0,65.0,57.0,56.0,31.0,15.0,421.0,L915S,53,TRANSPARENT,FULL RIM,RECTANGLE,True,MALE,SUN,BIO INJ-G820,BIO INJ-G820,150.0,75.0
LS,LACOSTE SUNS,AMER,14.0,29.0,10.0,4.0,5.0,12.0,10.0,20.0,25.0,16.0,21.0,24.0,190.0,L915S,53,MATTE DARK,FULL RIM,RECTANGLE,True,MALE,SUN,BIO INJ-G820,BIO INJ-G820,150.0,75.0
LS,LACOSTE SUNS,EMEA,286.0,132.0,179.0,103.0,122.0,145.0,184.0,178.0,195.0,199.0,180.0,103.0,2006.0,L915S,53,MATTE DARK,FULL RIM,RECTANGLE,True,MALE,SUN,BIO INJ-G820,BIO INJ-G820,150.0,75.0
LS,LACOSTE SUNS,AMER,20.0,30.0,17.0,14.0,8.0,16.0,18.0,24.0,20.0,21.0,19.0,16.0,223.0,L860SE,56,BLACK MATT,FULL RIM,ROUND,True,FEMALE,SUN,ACETATE,ACETATE,215.0,107.5
LS,LACOSTE SUNS,EMEA,123.0,91.0,124.0,63.0,111.0,148.0,154.0,138.0,116.0,111.0,117.0,41.0,1337.0,L860SE,56,BLACK MATT,FULL RIM,ROUND,True,FEMALE,SUN,ACETATE,ACETATE,215.0,107.5
LS,LACOSTE SUNS,AMER,18.0,16.0,25.0,5.0,4.0,11.0,9.0,10.0,7.0,,5.0,3.0,113.0,L860SE,56,GREY MATTE,FULL RIM,ROUND,True,FEMALE,SUN,ACETATE,ACETATE,215.0,107.5
LS,LACOSTE SUNS,EMEA,84.0,83.0,111.0,61.0,115.0,137.0,117.0,100.0,95.0,104.0,120.0,41.0,1168.0,L860SE,56,GREY MATTE,FULL RIM,ROUND,True,FEMALE,SUN,ACETATE,ACETATE,215.0,107.5
LS,LACOSTE SUNS,AMER,5.0,1.0,,,1.0,1.0,1.0,4.0,1.0,5.0,1.0,2.0,22.0,L860SE,56,DARK GREEN,FULL RIM,ROUND,True,FEMALE,SUN,ACETATE,ACETATE,215.0,107.5
LS,LACOSTE SUNS,EMEA,36.0,32.0,44.0,17.0,35.0,51.0,50.0,49.0,31.0,50.0,37.0,20.0,452.0,L860SE,56,DARK GREEN,FULL RIM,ROUND,True,FEMALE,SUN,ACETATE,ACETATE,215.0,107.5
LS,LACOSTE SUNS,AMER,6.0,1.0,1.0,2.0,,5.0,2.0,8.0,5.0,,,,30.0,L860SE,56,BLUE MATTE,FULL RIM,ROUND,True,FEMALE,SUN,ACETATE,ACETATE,215.0,107.5
LS,LACOSTE SUNS,EMEA,43.0,22.0,37.0,20.0,34.0,35.0,32.0,31.0,27.0,21.0,28.0,13.0,343.0,L860SE,56,BLUE MATTE,FULL RIM,ROUND,True,FEMALE,SUN,ACETATE,ACETATE,215.0,107.5
LS,LACOSTE SUNS,AMER,7.0,7.0,10.0,1.0,7.0,3.0,4.0,6.0,10.0,6.0,3.0,3.0,67.0,L6008S,53,MATTE BLAC,FULL RIM,AVIATOR,True,UNISEX,SUN,METAL,METAL,175.0,87.5
LS,LACOSTE SUNS,EMEA,147.0,139.0,117.0,52.0,93.0,99.0,128.0,123.0,83.0,102.0,90.0,70.0,1243.0,L6008S,53,MATTE BLAC,FULL RIM,AVIATOR,True,UNISEX,SUN,METAL,METAL,175.0,87.5
LS,LACOSTE SUNS,AMER,20.0,10.0,2.0,4.0,3.0,23.0,10.0,16.0,16.0,20.0,18.0,11.0,153.0,L6008S,53,TRANSPAREN,FULL RIM,AVIATOR,True,UNISEX,SUN,METAL,METAL,175.0,87.5
LS,LACOSTE SUNS,EMEA,183.0,180.0,176.0,100.0,184.0,222.0,221.0,171.0,111.0,94.0,100.0,56.0,1798.0,L6008S,53,TRANSPAREN,FULL RIM,AVIATOR,True,UNISEX,SUN,METAL,METAL,175.0,87.5
LS,LACOSTE SUNS,AMER,23.0,31.0,26.0,13.0,7.0,6.0,3.0,5.0,10.0,5.0,9.0,5.0,143.0,L6008S,53,TRANSPAREN,FULL RIM,AVIATOR,True,UNISEX,SUN,METAL,METAL,175.0,87.5
LS,LACOSTE SUNS,EMEA,111.0,103.0,86.0,57.0,58.0,76.0,65.0,77.0,33.0,31.0,35.0,15.0,747.0,L6008S,53,TRANSPAREN,FULL RIM,AVIATOR,True,UNISEX,SUN,METAL,METAL,175.0,87.5
LS,LACOSTE SUNS,AMER,12.0,3.0,,8.0,,3.0,2.0,2.0,2.0,1.0,,2.0,35.0,L6008S,53,MATTE BLUE,FULL RIM,AVIATOR,True,UNISEX,SUN,METAL,METAL,175.0,87.5
LS,LACOSTE SUNS,EMEA,61.0,110.0,67.0,32.0,59.0,60.0,49.0,51.0,33.0,30.0,34.0,22.0,608.0,L6008S,53,MATTE BLUE,FULL RIM,AVIATOR,True,UNISEX,SUN,METAL,METAL,175.0,87.5
LS,LACOSTE SUNS,EMEA,15.0,44.0,23.0,6.0,33.0,17.0,12.0,15.0,4.0,5.0,7.0,3.0,184.0,L6009S,56,MATTE BROW,FULL RIM,SQUARE,True,MALE,SUN,METAL,METAL,175.0,87.5
LS,LACOSTE SUNS,EMEA,4.0,25.0,24.0,3.0,17.0,13.0,7.0,7.0,6.0,2.0,2.0,5.0,115.0,L6009S,56,MATTE KHAK,FULL RIM,SQUARE,True,MALE,SUN,METAL,METAL,175.0,87.5
LS,LACOSTE SUNS,EMEA,36.0,62.0,44.0,13.0,44.0,22.0,22.0,17.0,11.0,4.0,14.0,3.0,292.0,L6009S,56,MATTE BLUE,FULL RIM,SQUARE,True,MALE,SUN,METAL,METAL,175.0,87.5
LS,LACOSTE SUNS,AMER,52.0,25.0,21.0,25.0,12.0,32.0,15.0,26.0,37.0,44.0,26.0,28.0,343.0,L6011S,56,BLACK,FULL RIM,ROUND,True,FEMALE,SUN,METAL,METAL,175.0,87.5
LS,LACOSTE SUNS,EMEA,159.0,143.0,113.0,58.0,119.0,177.0,156.0,103.0,91.0,64.0,121.0,72.0,1376.0,L6011S,56,BLACK,FULL RIM,ROUND,True,FEMALE,SUN,METAL,METAL,175.0,87.5
LS,LACOSTE SUNS,AMER,15.0,11.0,25.0,8.0,5.0,2.0,7.0,14.0,9.0,7.0,7.0,8.0,118.0,L6011S,56,GREEN,FULL RIM,ROUND,True,FEMALE,SUN,METAL,METAL,175.0,87.5
LS,LACOSTE SUNS,EMEA,74.0,67.0,56.0,43.0,42.0,51.0,55.0,44.0,38.0,45.0,32.0,31.0,578.0,L6011S,56,GREEN,FULL RIM,ROUND,True,FEMALE,SUN,METAL,METAL,175.0,87.5
LS,LACOSTE SUNS,AMER,33.0,42.0,21.0,19.0,13.0,8.0,6.0,18.0,15.0,14.0,10.0,10.0,209.0,L6011S,56,BLUE,FULL RIM,ROUND,True,FEMALE,SUN,METAL,METAL,175.0,87.5
LS,LACOSTE SUNS,EMEA,78.0,63.0,65.0,38.0,41.0,55.0,64.0,24.0,30.0,27.0,20.0,12.0,517.0,L6011S,56,BLUE,FULL RIM,ROUND,True,FEMALE,SUN,METAL,METAL,175.0,87.5
LS,LACOSTE SUNS,AMER,25.0,,,,,,,,,,,,25.0,L6018S,53,MATTE BLAC,FULL RIM,RECTANGLE,True,MALE,SUN,METAL,METAL,175.0,87.5
LS,LACOSTE SUNS,EMEA,94.0,128.0,131.0,51.0,109.0,86.0,92.0,69.0,54.0,30.0,26.0,26.0,896.0,L6018S,53,MATTE BLAC,FULL RIM,RECTANGLE,True,MALE,SUN,METAL,METAL,175.0,87.5
LS,LACOSTE SUNS,EMEA,15.0,21.0,61.0,18.0,58.0,19.0,14.0,10.0,52.0,18.0,13.0,10.0,309.0,L6018S,53,MATTE GREE,FULL RIM,RECTANGLE,True,MALE,SUN,METAL,METAL,175.0,87.5
LS,LACOSTE SUNS,EMEA,10.0,32.0,31.0,10.0,13.0,15.0,6.0,18.0,7.0,8.0,8.0,5.0,163.0,L6018S,53,MATTE BLUE,FULL RIM,RECTANGLE,True,MALE,SUN,METAL,METAL,175.0,87.5
LS,LACOSTE SUNS,AMER,,,,5.0,17.0,28.0,20.0,17.0,14.0,11.0,9.0,3.0,124.0,L6021S,55,BLACK,FULL RIM,SQUARE,True,UNISEX,SUN,METAL,METAL,175.0,87.5
LS,LACOSTE SUNS,EMEA,1.0,27.0,57.0,20.0,32.0,35.0,40.0,23.0,11.0,14.0,11.0,4.0,275.0,L6021S,55,BLACK,FULL RIM,SQUARE,True,UNISEX,SUN,METAL,METAL,175.0,87.5
LS,LACOSTE SUNS,AMER,,,,5.0,12.0,17.0,13.0,14.0,10.0,29.0,6.0,5.0,111.0,L6021S,55,HAVANA,FULL RIM,SQUARE,True,UNISEX,SUN,METAL,METAL,175.0,87.5
LS,LACOSTE SUNS,EMEA,1.0,13.0,42.0,12.0,26.0,29.0,33.0,10.0,9.0,15.0,12.0,3.0,205.0,L6021S,55,HAVANA,FULL RIM,SQUARE,True,UNISEX,SUN,METAL,METAL,175.0,87.5
LS,LACOSTE SUNS,AMER,,1.0,,2.0,34.0,26.0,14.0,30.0,7.0,4.0,5.0,4.0,127.0,L6023S,49,GREY,FULL RIM,AVIATOR,True,UNISEX,SUN,METAL,METAL,175.0,87.5
LS,LACOSTE SUNS,EMEA,,,,1.0,110.0,126.0,170.0,118.0,112.0,74.0,91.0,38.0,840.0,L6023S,49,GREY,FULL RIM,AVIATOR,True,UNISEX,SUN,METAL,METAL,175.0,87.5
LS,LACOSTE SUNS,AMER,,,,1.0,3.0,11.0,1.0,3.0,6.0,8.0,9.0,13.0,55.0,L6023S,49,BRICK,FULL RIM,AVIATOR,True,UNISEX,SUN,METAL,METAL,175.0,87.5
LS,LACOSTE SUNS,EMEA,,,,,28.0,32.0,57.0,41.0,52.0,28.0,17.0,8.0,263.0,L6023S,49,BRICK,FULL RIM,AVIATOR,True,UNISEX,SUN,METAL,METAL,175.0,87.5
LS,LACOSTE SUNS,AMER,,,,1.0,8.0,15.0,27.0,19.0,19.0,25.0,20.0,7.0,141.0,L6023S,49,BROWN,FULL RIM,AVIATOR,True,UNISEX,SUN,METAL,METAL,175.0,87.5
LS,LACOSTE SUNS,EMEA,,,,1.0,66.0,50.0,70.0,58.0,94.0,49.0,46.0,23.0,457.0,L6023S,49,BROWN,FULL RIM,AVIATOR,True,UNISEX,SUN,METAL,METAL,175.0,87.5
LS,LACOSTE SUNS,AMER,,,,,21.0,16.0,3.0,13.0,4.0,8.0,5.0,8.0,78.0,L6023S,49,BEIGE,FULL RIM,AVIATOR,True,UNISEX,SUN,METAL,METAL,175.0,87.5
LS,LACOSTE SUNS,EMEA,,,,5.0,149.0,267.0,177.0,344.0,160.0,111.0,104.0,70.0,1387.0,L6023S,49,BEIGE,FULL RIM,AVIATOR,True,UNISEX,SUN,METAL,METAL,175.0,87.5
LS,LACOSTE SUNS,AMER,,,,,8.0,13.0,1.0,12.0,315.0,326.0,9.0,19.0,703.0,L6023S,49,KHAKI,FULL RIM,AVIATOR,True,UNISEX,SUN,METAL,METAL,175.0,87.5
LS,LACOSTE SUNS,EMEA,,,,1.0,34.0,52.0,82.0,175.0,128.0,42.0,79.0,35.0,628.0,L6023S,49,KHAKI,FULL RIM,AVIATOR,True,UNISEX,SUN,METAL,METAL,175.0,87.5
LS,LACOSTE SUNS,AMER,,,,5.0,25.0,20.0,22.0,24.0,18.0,5.0,7.0,7.0,133.0,L6026S,51,TRANSPAREN,FULL RIM,ROUND,True,FEMALE,SUN,METAL,METAL,175.0,87.5
LS,LACOSTE SUNS,EMEA,,,,2.0,123.0,128.0,199.0,113.0,98.0,58.0,76.0,14.0,811.0,L6026S,51,TRANSPAREN,FULL RIM,ROUND,True,FEMALE,SUN,METAL,METAL,175.0,87.5
LS,LACOSTE SUNS,AMER,,,,3.0,8.0,24.0,10.0,10.0,310.0,303.0,2.0,2.0,672.0,L6026S,51,LIGHT GREY,FULL RIM,ROUND,True,FEMALE,SUN,METAL,METAL,175.0,87.5
LS,LACOSTE SUNS,EMEA,,,,6.0,163.0,214.0,172.0,115.0,117.0,106.0,78.0,84.0,1055.0,L6026S,51,LIGHT GREY,FULL RIM,ROUND,True,FEMALE,SUN,METAL,METAL,175.0,87.5
LS,LACOSTE SUNS,AMER,,,,1.0,9.0,8.0,2.0,3.0,4.0,20.0,2.0,12.0,61.0,L6026S,51,HAVANA BRO,FULL RIM,ROUND,True,FEMALE,SUN,METAL,METAL,175.0,87.5
LS,LACOSTE SUNS,EMEA,,,,5.0,58.0,27.0,56.0,28.0,74.0,18.0,34.0,27.0,327.0,L6026S,51,HAVANA BRO,FULL RIM,ROUND,True,FEMALE,SUN,METAL,METAL,175.0,87.5
LS,LACOSTE SUNS,AMER,,,,,12.0,7.0,8.0,4.0,13.0,13.0,11.0,12.0,80.0,L6026S,51,TRANSPAREN,FULL RIM,ROUND,True,FEMALE,SUN,METAL,METAL,175.0,87.5
LS,LACOSTE SUNS,EMEA,,,,1.0,42.0,59.0,62.0,38.0,96.0,28.0,34.0,7.0,367.0,L6026S,51,TRANSPAREN,FULL RIM,ROUND,True,FEMALE,SUN,METAL,METAL,175.0,87.5
LS,LACOSTE SUNS,AMER,,,,3.0,27.0,31.0,10.0,10.0,318.0,306.0,8.0,6.0,719.0,L6029S,53,MATTE BLAC,FULL RIM,RECTANGLE,True,MALE,SUN,METAL,METAL,175.0,87.5
LS,LACOSTE SUNS,EMEA,,,,11.0,217.0,211.0,255.0,159.0,123.0,110.0,62.0,54.0,1202.0,L6029S,53,MATTE BLAC,FULL RIM,RECTANGLE,True,MALE,SUN,METAL,METAL,175.0,87.5
LS,LACOSTE SUNS,AMER,,,,,8.0,13.0,7.0,6.0,6.0,6.0,3.0,7.0,56.0,L6029S,53,TRANSPAREN,FULL RIM,RECTANGLE,True,MALE,SUN,METAL,METAL,175.0,87.5
LS,LACOSTE SUNS,EMEA,,,,1.0,26.0,21.0,45.0,26.0,20.0,28.0,15.0,10.0,192.0,L6029S,53,TRANSPAREN,FULL RIM,RECTANGLE,True,MALE,SUN,METAL,METAL,175.0,87.5
LS,LACOSTE SUNS,AMER,,,,,2.0,5.0,2.0,3.0,3.0,1.0,2.0,1.0,19.0,L6029S,53,MATTE GREE,FULL RIM,RECTANGLE,True,MALE,SUN,METAL,METAL,175.0,87.5
LS,LACOSTE SUNS,EMEA,,,,1.0,80.0,150.0,132.0,79.0,83.0,53.0,79.0,48.0,705.0,L6029S,53,MATTE GREE,FULL RIM,RECTANGLE,True,MALE,SUN,METAL,METAL,175.0,87.5
LS,LACOSTE SUNS,AMER,,,,1.0,29.0,7.0,12.0,11.0,11.0,4.0,7.0,8.0,90.0,L6029S,53,TRANSPAREN,FULL RIM,RECTANGLE,True,MALE,SUN,METAL,METAL,175.0,87.5
LS,LACOSTE SUNS,EMEA,,,,12.0,165.0,153.0,135.0,64.0,96.0,94.0,73.0,41.0,833.0,L6029S,53,TRANSPAREN,FULL RIM,RECTANGLE,True,MALE,SUN,METAL,METAL,175.0,87.5
LS,LACOSTE SUNS,AMER,,,,1.0,9.0,14.0,5.0,,10.0,4.0,12.0,19.0,74.0,L6030S,50,BLACK,FULL RIM,SQUARE,True,UNISEX,SUN,METAL,METAL,175.0,87.5
LS,LACOSTE SUNS,EMEA,,,,13.0,220.0,237.0,213.0,91.0,185.0,90.0,119.0,59.0,1227.0,L6030S,50,BLACK,FULL RIM,SQUARE,True,UNISEX,SUN,METAL,METAL,175.0,87.5
LS,LACOSTE SUNS,AMER,,,,1.0,32.0,9.0,8.0,5.0,312.0,303.0,12.0,24.0,706.0,L6030S,50,HAVANA,FULL RIM,SQUARE,True,UNISEX,SUN,METAL,METAL,175.0,87.5
LS,LACOSTE SUNS,EMEA,,,,3.0,118.0,164.0,181.0,86.0,70.0,74.0,70.0,43.0,809.0,L6030S,50,HAVANA,FULL RIM,SQUARE,True,UNISEX,SUN,METAL,METAL,175.0,87.5
LS,LACOSTE SUNS,AMER,,,,1.0,11.0,17.0,26.0,13.0,11.0,2.0,10.0,,91.0,L6030S,50,TRANSPAREN,FULL RIM,SQUARE,True,UNISEX,SUN,METAL,METAL,175.0,87.5
LS,LACOSTE SUNS,EMEA,,,,7.0,77.0,62.0,88.0,58.0,102.0,37.0,59.0,88.0,578.0,L6030S,50,TRANSPAREN,FULL RIM,SQUARE,True,UNISEX,SUN,METAL,METAL,175.0,87.5
LS,LACOSTE SUNS,AMER,,,,6.0,23.0,18.0,14.0,10.0,22.0,17.0,22.0,13.0,145.0,L6032S,54,BLACK,FULL RIM,ROUND,True,FEMALE,SUN,METAL,METAL,175.0,87.5
LS,LACOSTE SUNS,EMEA,,,,1.0,58.0,65.0,94.0,46.0,63.0,76.0,63.0,13.0,479.0,L6032S,54,BLACK,FULL RIM,ROUND,True,FEMALE,SUN,METAL,METAL,175.0,87.5
LS,LACOSTE SUNS,AMER,,,,,20.0,18.0,38.0,26.0,13.0,26.0,7.0,4.0,152.0,L6032S,54,MATTE BLAC,FULL RIM,ROUND,True,FEMALE,SUN,METAL,METAL,175.0,87.5
LS,LACOSTE SUNS,EMEA,,,,9.0,178.0,227.0,180.0,169.0,117.0,51.0,77.0,36.0,1044.0,L6032S,54,MATTE BLAC,FULL RIM,ROUND,True,FEMALE,SUN,METAL,METAL,175.0,87.5
LS,LACOSTE SUNS,AMER,,,,,9.0,15.0,12.0,6.0,5.0,2.0,9.0,9.0,67.0,L6032S,54,MATTE GREE,FULL RIM,ROUND,True,FEMALE,SUN,METAL,METAL,175.0,87.5
LS,LACOSTE SUNS,EMEA,,,,1.0,78.0,147.0,125.0,88.0,65.0,90.0,37.0,26.0,657.0,L6032S,54,MATTE GREE,FULL RIM,ROUND,True,FEMALE,SUN,METAL,METAL,175.0,87.5
LS,LACOSTE SUNS,AMER,,,,1.0,5.0,7.0,7.0,4.0,3.0,5.0,8.0,3.0,43.0,L6032S,54,MATTE BLUE,FULL RIM,ROUND,True,FEMALE,SUN,METAL,METAL,175.0,87.5
LS,LACOSTE SUNS,EMEA,,,,6.0,68.0,49.0,72.0,44.0,89.0,56.0,26.0,11.0,421.0,L6032S,54,MATTE BLUE,FULL RIM,ROUND,True,FEMALE,SUN,METAL,METAL,175.0,87.5
LS,LACOSTE SUNS,AMER,,,,,1.0,3.0,9.0,5.0,16.0,8.0,7.0,5.0,54.0,L6034S,51,BLACK,FULL RIM,RECTANGLE,True,MALE,SUN,METAL,METAL,175.0,87.5
LS,LACOSTE SUNS,EMEA,,,,,1.0,58.0,93.0,67.0,51.0,46.0,52.0,14.0,382.0,L6034S,51,BLACK,FULL RIM,RECTANGLE,True,MALE,SUN,METAL,METAL,175.0,87.5
LS,LACOSTE SUNS,AMER,,,,,,,1.0,3.0,7.0,3.0,1.0,7.0,22.0,L6034S,51,HAVANA BLO,FULL RIM,RECTANGLE,True,MALE,SUN,METAL,METAL,175.0,87.5
LS,LACOSTE SUNS,EMEA,,,,,1.0,30.0,47.0,31.0,15.0,30.0,18.0,3.0,175.0,L6034S,51,HAVANA BLO,FULL RIM,RECTANGLE,True,MALE,SUN,METAL,METAL,175.0,87.5
LS,LACOSTE SUNS,AMER,,,,,,,7.0,9.0,2.0,3.0,3.0,2.0,26.0,L6035S,53,HAVANA,FULL RIM,SQUARE,True,UNISEX,SUN,METAL,METAL,175.0,87.5
LS,LACOSTE SUNS,EMEA,,,,,,2.0,14.0,4.0,2.0,1.0,2.0,,25.0,L6035S,53,HAVANA,FULL RIM,SQUARE,True,UNISEX,SUN,METAL,METAL,175.0,87.5
LS,LACOSTE SUNS,AMER,,,,,,,17.0,14.0,23.0,14.0,11.0,10.0,89.0,L6035S,53,DARK HAVAN,FULL RIM,SQUARE,True,UNISEX,SUN,METAL,METAL,175.0,87.5
LS,LACOSTE SUNS,EMEA,,,,,1.0,75.0,115.0,121.0,89.0,81.0,59.0,18.0,559.0,L6035S,53,DARK HAVAN,FULL RIM,SQUARE,True,UNISEX,SUN,METAL,METAL,175.0,87.5
LS,LACOSTE SUNS,AMER,,,,,,4.0,15.0,10.0,11.0,5.0,3.0,8.0,56.0,L6035S,53,TRANSPAREN,FULL RIM,SQUARE,True,UNISEX,SUN,METAL,METAL,175.0,87.5
LS,LACOSTE SUNS,EMEA,,,,,1.0,34.0,52.0,62.0,29.0,39.0,35.0,14.0,266.0,L6035S,53,TRANSPAREN,FULL RIM,SQUARE,True,UNISEX,SUN,METAL,METAL,175.0,87.5
LS,LACOSTE SUNS,AMER,10.0,25.0,31.0,11.0,10.0,24.0,7.0,19.0,27.0,24.0,9.0,15.0,212.0,L995S,53,BLACK,FULL RIM,RECTANGLE,True,MALE,SUN,ACETATE,ACETATE,185.0,92.5
LS,LACOSTE SUNS,EMEA,79.0,160.0,186.0,90.0,129.0,124.0,173.0,109.0,147.0,177.0,115.0,68.0,1557.0,L995S,53,BLACK,FULL RIM,RECTANGLE,True,MALE,SUN,ACETATE,ACETATE,185.0,92.5
LS,LACOSTE SUNS,AMER,12.0,10.0,10.0,7.0,5.0,9.0,13.0,9.0,22.0,12.0,15.0,16.0,140.0,L995S,53,MATTE BLACK,FULL RIM,RECTANGLE,True,MALE,SUN,ACETATE,ACETATE,185.0,92.5
LS,LACOSTE SUNS,EMEA,102.0,102.0,110.0,70.0,176.0,266.0,295.0,128.0,140.0,169.0,126.0,49.0,1733.0,L995S,53,MATTE BLACK,FULL RIM,RECTANGLE,True,MALE,SUN,ACETATE,ACETATE,185.0,92.5
LS,LACOSTE SUNS,AMER,1.0,2.0,,1.0,,,3.0,2.0,1.0,19.0,2.0,3.0,34.0,L995S,53,HAVANA,FULL RIM,RECTANGLE,True,MALE,SUN,ACETATE,ACETATE,185.0,92.5
LS,LACOSTE SUNS,EMEA,26.0,81.0,93.0,21.0,121.0,198.0,97.0,51.0,55.0,29.0,27.0,23.0,822.0,L995S,53,HAVANA,FULL RIM,RECTANGLE,True,MALE,SUN,ACETATE,ACETATE,185.0,92.5
LS,LACOSTE SUNS,AMER,7.0,3.0,2.0,3.0,1.0,1.0,1.0,1.0,9.0,1.0,2.0,2.0,33.0,L995S,53,MATTE BLUE,FULL RIM,RECTANGLE,True,MALE,SUN,ACETATE,ACETATE,185.0,92.5
LS,LACOSTE SUNS,EMEA,47.0,88.0,59.0,57.0,69.0,79.0,94.0,44.0,97.0,75.0,55.0,26.0,790.0,L995S,53,MATTE BLUE,FULL RIM,RECTANGLE,True,MALE,SUN,ACETATE,ACETATE,185.0,92.5
